trajectory_id,step,density,temperature,carrier_fraction,relative_drift,latent_threshold,phase_label,transport_response,response_noise_std
0,0,0.18,0.710978651837493,0.027313277604928656,0.005598947132165655,0.006287608144973887,0,0.022558880877599267,0.0005521198533039474
0,1,0.18,0.728790422709433,0.027313277604928656,0.006973853798896126,0.006296266644703303,1,0.03695529663088802,0.0009469702939597263
0,2,0.18,0.7389742198182494,0.027313277604928656,0.00828254327356292,0.0063012171016311996,1,0.04703805793528863,0.00111422233441676
0,3,0.18,0.7557816461325235,0.027313277604928656,0.009245127942223978,0.00630938737831175,1,0.04991389795213093,0.0012249400657697153
0,4,0.18,0.7660864957833754,0.027313277604928656,0.010522113835938712,0.006314396680225358,1,0.05612846368193195,0.001381359090358705
0,5,0.18,0.7833861594654412,0.027313277604928656,0.011656048868403284,0.006322806238959695,1,0.05577206565156609,0.0015070541182168442
0,6,0.17875849643162606,0.7888649160472802,0.027313277604928656,0.012675204430391227,0.006327538696023157,1,0.06536678659488342,0.0016197582591771329
0,7,0.17831050806186305,0.8,0.027313277604928656,0.01365904404412816,0.006333698231338667,1,0.06814690649568252,0.0017243979120856103
0,8,0.17550594662965338,0.8,0.027313277604928656,0.014435490647950522,0.00633837250039235,1,0.0720878458614566,0.0017937570926645494
0,9,0.17624414596547036,0.8,0.027313277604928656,0.014994087663434559,0.0063371421681659885,1,0.07750709525114209,0.0018710051878382033
0,10,0.17457833565893038,0.8,0.027313277604928656,0.015648857977689692,0.006339918518676889,1,0.07874691857351013,0.0019342528408819817
0,11,0.17355478314969147,0.8,0.027313277604928656,0.015702073358437197,0.0063416244395256205,1,0.0806261372269407,0.001929451359686491
0,12,0.17195354494947318,0.8,0.027313277604928656,0.015640708796946276,0.0063442931698593176,1,0.0763849699359058,0.0019041791666566798
0,13,0.1701195070622728,0.8,0.027313277604928656,0.015272081132295522,0.006347349899671318,1,0.07029519621098125,0.001839469467836341
0,14,0.16819516207812316,0.8,0.027313277604928656,0.01511232350849516,0.006350557141311567,1,0.07130393740032678,0.0017996373047406507
0,15,0.16426648842692865,0.8,0.027313277604928656,0.015083591909633891,0.006357104930730225,1,0.07208148646338254,0.0017542601282031591
0,16,0.16448810191247756,0.8,0.027313277604928656,0.014648314163072938,0.006356735574920977,1,0.06904118112666321,0.0017059346103203848
0,17,0.16362733487883854,0.8,0.027313277604928656,0.013905959625104464,0.006358170186643708,1,0.0657961683472402,0.0016110056603294268
0,18,0.15945998655252652,0.7981010413137646,0.027313277604928656,0.01317942305935666,0.006364192662270642,1,0.06061855872361111,0.0014903890041439846
0,19,0.15751591407571328,0.7865628705329397,0.027313277604928656,0.011987141301472127,0.006361823950046874,1,0.05429027304145703,0.0013525078721452833
0,20,0.15529320369383354,0.761578040450735,0.027313277604928656,0.01066569757938269,0.0063533830638378246,1,0.04816384198570145,0.0012128785361968123
0,21,0.15737930718232426,0.7635399983030462,0.027313277604928656,0.010011757287307091,0.00635085995420188,1,0.046392159230595295,0.0011517904262030112
0,22,0.15403373556367286,0.7448289010037994,0.027313277604928656,0.009111064551681012,0.006347340234601388,1,0.04240297410414503,0.0010432953649510506
0,23,0.15197570859834408,0.721170657781921,0.027313277604928656,0.00744308351199117,0.006339269744644078,1,0.03393286168736985,0.0008593676827408305
0,24,0.1498549144468189,0.7164054766235445,0.027313277604928656,0.006596405427659904,0.006340487994055742,0,0.02267361948403018,0.0005388008023817335
0,25,0.14934421715528023,0.6923789532917312,0.027313277604928656,0.005408961081499885,0.006329659596255342,0,0.018172098523978983,0.0004504068071837178
0,26,0.14781593424240008,0.6762487798425932,0.027313277604928656,0.004298240028256389,0.0063243656779057005,0,0.014308943557310239,0.0003598044613853017
0,27,0.14725535081760296,0.6480168189281315,0.027313277604928656,0.003413544509710646,0.006311576113724721,0,0.01178656121678943,0.0002927041093372653
0,28,0.14645319395450299,0.6428785372770749,0.027313277604928656,0.0021516537425386533,0.00631041526602729,0,0.007435387201084668,0.00018444420652963668
0,29,0.1458099634619561,0.6344489953674152,0.027313277604928656,0.0009828434040544513,0.006307389622864339,0,0.0032372726869788673,8.459998053184035e-05
0,30,0.14442755257205114,0.611684336576311,0.027313277604928656,0.0005899372418134612,0.006298627487435172,0,0.0021449444945179693,5.149154586530538e-05
0,31,0.1455753298184256,0.6084968967874859,0.027313277604928656,0.0004339792258754942,0.0062951650754605355,0,0.0015087177769142564,3.830746585489176e-05
0,32,0.1434951405290981,0.5973494880329236,0.027313277604928656,0.00039710266997882414,0.006293213178353725,0,0.0014044982483888914,3.495972513699809e-05
0,33,0.144725441086092,0.5912227977634772,0.027313277604928656,0.00019017895266304428,0.006288184425211087,0,0.000680906254621322,1.6996807944228283e-05
0,34,0.14244858422951898,0.5910914274598843,0.027313277604928656,0.0,0.006291915326074463,0,-1.7022115519418414e-07,2.5000000000000004e-07
0,35,0.14256308565823117,0.573581858627268,0.027313277604928656,0.00046243697338153205,0.006283212894399643,0,0.00163576720748376,4.1494421072755784e-05
0,36,0.145139877112245,0.571747133718135,0.027313277604928656,0.0013211875403126485,0.006278026361812125,0,0.004814418582031221,0.00012093485449926208
0,37,0.14156526280194864,0.5747628287091913,0.027313277604928656,0.0023937269523053644,0.006285450015172159,0,0.008497797559911308,0.0002130111210629555
0,38,0.14684078424754016,0.5905305213085537,0.027313277604928656,0.0024393387918253224,0.006284322329998641,0,0.008912024017889479,0.00022136050382433006
0,39,0.14405321321459216,0.5755530434989212,0.027313277604928656,0.0032572221037719664,0.006281687563340539,0,0.012496084076004686,0.00029469151165561694
0,40,0.14380363605762322,0.5958807796665397,0.027313277604928656,0.003537737622159979,0.0062919850636836356,0,0.012250523055424902,0.0003126083306512898
0,41,0.14669707240392338,0.6015392129767582,0.027313277604928656,0.004539171434350319,0.006289913297076714,0,0.016522579775756538,0.0004067251214836956
0,42,0.1490604578552859,0.6060630204607461,0.027313277604928656,0.005848696589952951,0.006288173394406937,0,0.020776657643593422,0.0005299762876318086
0,43,0.14955817276763222,0.6240725994466106,0.027313277604928656,0.007018583211177853,0.006296098526004488,1,0.03548357639719983,0.000876788446302897
0,44,0.14943325052686202,0.6492797019231237,0.027313277604928656,0.007344062628753052,0.006308560182331855,1,0.03533110714224805,0.000893541629186445
0,45,0.15016901184471754,0.6585039839869269,0.027313277604928656,0.007838348440163737,0.006311817939471999,1,0.03757422787327168,0.0009496172223119854
0,46,0.15356566010675016,0.6849367968185102,0.027313277604928656,0.00878899871826033,0.006319006143050632,1,0.041163258262321915,0.0010611222246559224
0,47,0.152218665865186,0.6955442020495232,0.027313277604928656,0.009044173373153592,0.006326407510996092,1,0.04319136114146856,0.0010714100364377908
1,0,0.08905249141980591,0.8,0.08697472706835518,0.01104592456096492,0.006297969685516018,1,0.028555551956065888,0.0007169431466807734
1,1,0.08779522325896594,0.8,0.08697472706835518,0.011527287318556918,0.006300065132450751,1,0.030624705684729824,0.0007376232142801541
1,2,0.0900362836390127,0.8,0.08697472706835518,0.012063980995411188,0.00629633003181734,1,0.03263315273699188,0.0007916710714136005
1,3,0.08915731726105926,0.8,0.08697472706835518,0.012670030365476486,0.006297794975780596,1,0.031158378603214375,0.0008233248399841926
1,4,0.08833022766255262,0.8,0.08697472706835518,0.013502782996827695,0.006299173458444773,1,0.03610719812100638,0.0008692990570573086
1,5,0.08981042770322395,0.8,0.08697472706835518,0.014083389669598122,0.006296706458376987,1,0.035798378428893225,0.0009218718019151431
1,6,0.08605118204713219,0.8,0.08697472706835518,0.01480473896547272,0.006302971867803807,1,0.03717676424620753,0.0009285262058889272
1,7,0.08679046567855687,0.8,0.08697472706835518,0.015297251987421528,0.0063017397284181,1,0.03801099686149521,0.0009676582640276148
1,8,0.08631626782348036,0.8,0.08697472706835518,0.01588514564937673,0.0063025300581765606,1,0.03938186958207358,0.0009993564634324507
1,9,0.0865267778382214,0.8,0.08697472706835518,0.016,0.006302179208151992,1,0.04067086682931586,0.0010090369839540097
1,10,0.08403198418967983,0.8,0.08697472706835518,0.015780214516629736,0.006306337197566228,1,0.03810158530647315,0.0009664827157664839
1,11,0.08282728444851088,0.8,0.08697472706835518,0.015422994571685817,0.0063083450304681765,1,0.0359877739849802,0.0009310622087354012
1,12,0.08543352381599592,0.8,0.08697472706835518,0.015743949668755617,0.006304001298189034,1,0.038173763708824346,0.0009803441983949536
1,13,0.08318087085877154,0.8,0.08697472706835518,0.015655226223761202,0.006307755719784408,1,0.03720968774300999,0.000949116188971853
1,14,0.0795144298153557,0.8,0.08697472706835518,0.015533519618204584,0.006313866454856768,1,0.03686982583869452,0.0009002277369548173
1,15,0.08002679882256936,0.8,0.08697472706835518,0.015224601910534962,0.0063130125065114125,1,0.0337430484531757,0.0008880102139468253
1,16,0.08165213887327341,0.8,0.08697472706835518,0.01427659754644207,0.006310303606426905,1,0.033741028310086976,0.0008496280719077253
1,17,0.07978215436610586,0.8,0.08697472706835518,0.012911068967894915,0.006313420247272185,1,0.03046909978081569,0.0007507658869032966
1,18,0.07730964026203917,0.8,0.08697472706835518,0.011749342827438624,0.0063175411041122955,1,0.026136832885421044,0.0006620393429933108
1,19,0.07810276819307528,0.8,0.08697472706835518,0.010413396635607974,0.006316219224227235,1,0.024593723375503595,0.000592782546323418
1,20,0.0750669079787719,0.8,0.08697472706835518,0.009307401683328394,0.006321278991251075,1,0.020650898961572167,0.0005092295009407414
1,21,0.07340325964242078,0.8,0.08697472706835518,0.007747433189826992,0.006324051738478326,1,0.015506220809928773,0.0004144858954865401
1,22,0.07447533139179283,0.7984231186074775,0.08697472706835518,0.0060993406610266,0.006321498412663563,1,0.013592058888488339,0.0003315297091122778
1,23,0.07140037953079266,0.7819201611926667,0.08697472706835518,0.0048899550453409815,0.006318601061466364,0,0.007463568327850494,0.00018464436123839014
1,24,0.0742348201281432,0.7644031065453472,0.08697472706835518,0.00381916277006218,0.0063053617589061105,0,0.0060620141378602875,0.0001522739848826049
1,25,0.07054829854853133,0.7443194429751526,0.08697472706835518,0.0024604584949352686,0.006301743069525508,0,0.0036935351595267798,9.492791980388541e-05
1,26,0.07091834491637686,0.7237308655815247,0.08697472706835518,0.0016930657305012126,0.006291117989346086,0,0.0026451805087010505,6.691471281064451e-05
1,27,0.07088028396460816,0.7165543401303073,0.08697472706835518,0.0009444755902052055,0.006287692835504691,0,0.00152953375959358,3.755796989618151e-05
1,28,0.06898472555973735,0.688238645661912,0.08697472706835518,0.00047860088902282284,0.006277087525812895,0,0.00075430773466301,1.902601313336636e-05
1,29,0.07104336275971458,0.6723231239289348,0.08697472706835518,0.00012936511796917812,0.006265919751859402,0,0.0002137020712932916,5.378388336057964e-06
1,30,0.07048846217434009,0.6731634412083503,0.08697472706835518,0.000785481686483865,0.006267253073734743,0,0.0012876723333918297,3.237498203911114e-05
1,31,0.07002076618944347,0.6643218156353794,0.08697472706835518,0.00024908914828705383,0.006263734554611599,0,0.0004158961294818522,1.0287242152034198e-05
1,32,0.06866433116287926,0.6495217302472889,0.08697472706835518,2.4138831543353155e-05,0.006258800793703328,0,3.871656334428231e-05,9.920687498472341e-07
1,33,0.07015828662571905,0.6479877342147072,0.08697472706835518,0.0,0.00625556517541609,0,1.3845638825954054e-07,2.5000000000000004e-07
1,34,0.06981853040886239,0.6437536055001094,0.08697472706835518,0.0006826125482923552,0.006254073178763477,0,0.001145117821856617,2.8691446053025997e-05
1,35,0.07243085132215936,0.6476985014650907,0.08697472706835518,0.0016899625291780058,0.006251636968335403,0,0.0029394788895457146,7.339858021992383e-05
1,36,0.07086912437055336,0.6508034410148935,0.08697472706835518,0.0025726719910546987,0.006255749192202568,0,0.004436831614123126,0.00010898821051926225
1,37,0.07250523597228811,0.6617868330599042,0.08697472706835518,0.0031573387596050416,0.006258361488443779,0,0.005350791893284419,0.0001353608092572956
1,38,0.06951511735578837,0.6590514375576404,0.08697472706835518,0.0036611126220797113,0.006262015313324345,0,0.006255246229642987,0.00015089294049756618
1,39,0.06990265193215635,0.6689297183487739,0.08697472706835518,0.004751944292912555,0.0062661713644149766,0,0.00786899119060956,0.00019503716009810362
1,40,0.07265106181371314,0.6802207440788616,0.08697472706835518,0.005528059519513602,0.0062670793743422855,0,0.009657049833084118,0.00023323433120587642
1,41,0.07388039621400867,0.6963451081921476,0.08697472706835518,0.006488376535355867,0.006272868716230197,1,0.015089493782431927,0.00038375076577929347
1,42,0.0728172876374614,0.7038228647394359,0.08697472706835518,0.006826760057411153,0.0062782755844015955,1,0.016005554192056074,0.000395142168862474
1,43,0.07494798173734898,0.7206576665555976,0.08697472706835518,0.007749904195569208,0.0062829080117846395,1,0.0184851018209971,0.000454476522425083
1,44,0.07541066854199094,0.7370883163817754,0.08697472706835518,0.008629787511142814,0.006290123988553517,1,0.019908002204284524,0.0005015483728652771
1,45,0.07619109292577406,0.7550937689803954,0.08697472706835518,0.008910917969353175,0.006297575931815986,1,0.02115816657634489,0.0005147788256767096
1,46,0.07898373507987828,0.7752072833928311,0.08697472706835518,0.009180329455063531,0.00630269893106519,1,0.021436008840412236,0.0005400284272765305
1,47,0.07469935576657287,0.7983894395901904,0.08697472706835518,0.00958684956949128,0.0063211086669610825,1,0.021049433638743432,0.0005226759401680343
2,0,0.07929786634462617,0.6726863342120629,0.06858003293399181,0.00398397711177549,0.005933160339313953,0,0.007126997816955463,0.00018318546488328604
2,1,0.07766631380918537,0.6819253626411729,0.06858003293399181,0.006036419709247283,0.005940370787914949,1,0.014783485117863426,0.0003771873925413987
2,2,0.07644355084376198,0.6902133584524599,0.06858003293399181,0.007670094468437008,0.005946437613043364,1,0.01867815270645064,0.0004679761313233319
2,3,0.07697352063764586,0.7077608557728273,0.06858003293399181,0.009349137892559898,0.00595408436347318,1,0.023256029088428536,0.0005648846571420132
2,4,0.07741762713420659,0.7205594289143777,0.06858003293399181,0.011235909310860064,0.005959565714589388,1,0.026862015981109967,0.000674680301869538
2,5,0.0719192835642212,0.7173591053929438,0.06858003293399181,0.012544831722306452,0.005967173907716444,1,0.02896881967032804,0.0007018647425294285
2,6,0.07414813659946036,0.7143478186439217,0.06858003293399181,0.013403778506716413,0.005961995332710271,1,0.030917770596742198,0.0007753385541310817
2,7,0.07808152116030972,0.7367869682472626,0.06858003293399181,0.014680779764428102,0.00596634761172159,1,0.03289507543176213,0.0008758951156558259
2,8,0.07486317280343155,0.7390309395789617,0.06858003293399181,0.015544240916573783,0.005972802345047074,1,0.03486097539697926,0.0008873651694053917
2,9,0.07177267111065422,0.734107809908875,0.06858003293399181,0.01556646646454997,0.005975559993167633,1,0.03426702264104282,0.0008557937650981763
2,10,0.07113779629748676,0.7393342872067477,0.06858003293399181,0.01558968072324578,0.005979158766542712,1,0.0346662899224869,0.0008454386195650264
2,11,0.07183922229299829,0.7365129381447788,0.06858003293399181,0.015271297774970107,0.005976618234089513,1,0.03257633648110446,0.0008384962254702408
2,12,0.07189781830911708,0.7197258061375089,0.06858003293399181,0.015329567783493307,0.005968360162670225,1,0.03289975082239617,0.000855523712960252
2,13,0.06887888025993387,0.7155837248245286,0.06858003293399181,0.014406941437521645,0.005971378214336165,1,0.029577550980963953,0.0007732507176975074
2,14,0.06926018530405244,0.7098210950605526,0.06858003293399181,0.013682276927095035,0.005967941427571813,1,0.029932090531118047,0.0007424168406539692
2,15,0.0681356764469923,0.7085696052198763,0.06858003293399181,0.012784880663919746,0.005969207245883252,1,0.02671796244361098,0.0006832627442726197
2,16,0.06464257985883458,0.6863528895413727,0.06858003293399181,0.011947409017496616,0.005964229281186464,1,0.02479022377530456,0.0006187053103209112
2,17,0.06719232447285202,0.6933577049753656,0.06858003293399181,0.011276655116673844,0.005963384825443514,1,0.024425985116670938,0.0006029427206119674
2,18,0.06541458223084501,0.6777438846425913,0.06858003293399181,0.01058753809851566,0.005958757677629539,1,0.02265449198853773,0.0005594651905525154
2,19,0.06465643453259654,0.6463410209193106,0.06858003293399181,0.008948707808129033,0.005944755976150025,1,0.019460561321666726,0.0004820959080794839
2,20,0.06300905737151352,0.6439066436401032,0.06858003293399181,0.008042091658983438,0.005946318226907771,1,0.016510478807868323,0.000423248823506537
2,21,0.06217709370319711,0.6258109008399483,0.06858003293399181,0.007021468181280113,0.005938908291382667,1,0.014887575363902054,0.0003714234070121915
2,22,0.06191643639589173,0.6112107932035159,0.06858003293399181,0.00544961681642012,0.005932245445682688,0,0.008638776863335158,0.00020816994796802202
2,23,0.0634817244243093,0.6023092495725503,0.06858003293399181,0.004077705654204688,0.0059253094930369395,0,0.006546550310936243,0.00016120044222736016
2,24,0.06419208557446915,0.5710169042784874,0.06858003293399181,0.0026002343796797294,0.0059089140010465035,0,0.004374277358061636,0.0001074960708955355
2,25,0.06091581298808002,0.5700298668584355,0.06858003293399181,0.001652742068270332,0.005913894645500182,0,0.0025632548826030996,6.49087271316749e-05
2,26,0.0626336082267969,0.5573729374108745,0.06858003293399181,0.0006136595868757596,0.005904878979398645,0,0.000959098462898894,2.5128811780494368e-05
2,27,0.06306713982270666,0.5424885605920451,0.06858003293399181,0.0004713095639140598,0.005896920965785198,0,0.0007763501426342375,1.976087806871049e-05
2,28,0.06131593999917378,0.5283916375581732,0.06858003293399181,0.0004364395351034832,0.00589298696123851,0,0.0007423952499697116,1.807994956485921e-05
2,29,0.06,0.5294359717193602,0.06858003293399181,0.0005331586062214368,0.005895687857009932,0,0.0008711393640600039,2.158660128515667e-05
2,30,0.0612760591832477,0.5202431879945791,0.06858003293399181,0.0002425815089137312,0.005889092377393861,0,0.0004086472934832392,1.013805248356146e-05
2,31,0.062059397484194034,0.5094628491690395,0.06858003293399181,0.0006881495955294906,0.005882546371074313,0,0.0011477989548423096,2.9498289632776517e-05
2,32,0.0616026888450868,0.505573255957117,0.06858003293399181,0.0010957412484091003,0.005881416777661475,0,0.0019080793078798636,4.684012677396359e-05
2,33,0.06173644263325945,0.5097289972938129,0.06858003293399181,0.0016623091194801355,0.0058832140067198585,0,0.002824377595550113,7.086357649448361e-05
2,34,0.061150451545193975,0.5113768579416926,0.06858003293399181,0.0024996095685515833,0.005884991701903799,0,0.004348021730573671,0.00010534064121011408
2,35,0.06066250549940818,0.5100601509089295,0.06858003293399181,0.002906996582181162,0.005885164879394737,0,0.004666769591363014,0.00012172070803813376
2,36,0.060690641424397826,0.5127998784300812,0.06858003293399181,0.0032139455723839694,0.005886449798175869,0,0.0052504622511367555,0.00013420096761606215
2,37,0.06456607366034191,0.5269469932451833,0.06858003293399181,0.004468656822280008,0.005886867814151082,0,0.007552280448172187,0.0001952567062844834
2,38,0.06088427533243201,0.5361000227222058,0.06858003293399181,0.0050844278957628865,0.005897453534026706,0,0.008478342573932837,0.00020730132263420818
2,39,0.06372487570548603,0.541468480224591,0.06858003293399181,0.005519118195638826,0.005895328866913054,1,0.013102677863673445,0.00032772238617318275
2,40,0.06445343143043579,0.550934908486726,0.06858003293399181,0.0059292265277500755,0.005898716343332231,1,0.01409874312666542,0.000352316270505522
2,41,0.06564413612221542,0.5752359502162797,0.06858003293399181,0.007512010976066911,0.005908544841908909,1,0.01802892600837991,0.00044256682259075905
2,42,0.06623878968126944,0.5849534808360807,0.06858003293399181,0.00772995550350388,0.005912277552250667,1,0.017415353821124604,0.000454724219684938
2,43,0.06602942335535814,0.599445170334059,0.06858003293399181,0.007993383691939675,0.005919671067410925,1,0.01820726343109377,0.000461542397261963
2,44,0.06709110865501913,0.5966592986145873,0.06858003293399181,0.008220902018566385,0.005916547348714525,1,0.018132474855895163,0.0004837377386574581
2,45,0.06546659233205693,0.6164823634948527,0.06858003293399181,0.008857490543952299,0.005928891088014035,1,0.02030643035958082,0.0004981066031592797
2,46,0.06809455001822208,0.6323533021010428,0.06858003293399181,0.008855980942564016,0.005932226198137324,1,0.02088896552198753,0.0005096285239126932
2,47,0.0668671859901244,0.6453888244824769,0.06858003293399181,0.008883884261152318,0.005940608517119573,1,0.019656728806855785,0.0004954416560990451
3,0,0.06786825114708352,0.5175575951089197,0.06815860677339257,0.008427786610671634,0.006320921190535028,1,0.02152762877063882,0.0005477579758036593
3,1,0.06557871487739875,0.5263744600887996,0.06815860677339257,0.010360445166572927,0.0063290230603497205,1,0.02491208636838728,0.0006440107024775752
3,2,0.0653050823258404,0.5308694705456413,0.06815860677339257,0.011941792913676013,0.006331664189129949,1,0.029608496191384514,0.0007353866101424726
3,3,0.06360291010804314,0.5478393355928566,0.06815860677339257,0.013066310368490324,0.0063427503827797865,1,0.02957298090987735,0.0007686717666744235
3,4,0.06558988712752378,0.5481541512566227,0.06815860677339257,0.014246444887568906,0.006339591789806093,1,0.03549336750837563,0.0008639735360428022
3,5,0.06486007761043734,0.5544147720985213,0.06815860677339257,0.014716690034087253,0.006343851496354938,1,0.03396072487133005,0.0008763877207281032
3,6,0.06679332051419094,0.5553898841006942,0.06815860677339257,0.015329773037385159,0.0063411034376275165,1,0.038069925036317266,0.0009390847269656635
3,7,0.06451964710739509,0.5556969214834112,0.06815860677339257,0.016,0.006345042147588774,1,0.03773619343916161,0.0009464534843870711
3,8,0.06315276917071815,0.5413248319723367,0.06815860677339257,0.01586188012596662,0.006340333845082019,1,0.03691638605221385,0.0009333763888027905
3,9,0.06155096404334342,0.5483958810611768,0.06815860677339257,0.015426199881262809,0.0063464408358236074,1,0.03491844542792108,0.0008776729698184577
3,10,0.06307983624785275,0.5490046431387183,0.06815860677339257,0.014922523098055253,0.0063441886414926756,1,0.033861014767817506,0.0008695095470491872
3,11,0.061023906531312705,0.5490986611001353,0.06815860677339257,0.01455510627058611,0.006347660894195931,1,0.03364693423346251,0.0008203723575578739
3,12,0.06,0.5409010474988613,0.06815860677339257,0.014023212595023257,0.0063453824540252775,1,0.031043244535713284,0.0007843637575635079
3,13,0.06,0.5387891583876542,0.06815860677339257,0.013557909670829113,0.006344355841262885,1,0.02938828579906878,0.0007601616431217999
3,14,0.06,0.5257691718583974,0.06815860677339257,0.012163937858262105,0.006338026681144496,1,0.02800209360428919,0.0006922796050553364
3,15,0.06,0.5160618719977551,0.06815860677339257,0.011375294603663795,0.006333307854823351,1,0.026485026107046446,0.0006547622030326186
3,16,0.06,0.516375514609251,0.06815860677339257,0.010007998563977714,0.006333460319981716,1,0.024014458002449963,0.0005758487718272193
3,17,0.06,0.5107801685100606,0.06815860677339257,0.008753964975538158,0.006330740360072388,1,0.020674847962898667,0.000507020688704381
3,18,0.06,0.4919833957222771,0.06815860677339257,0.0078774674733988,0.006321603039967216,1,0.018723243158415184,0.0004666297550716307
3,19,0.06,0.4761462383931031,0.06815860677339257,0.007484618996499022,0.006313904421821089,1,0.01737304960457647,0.0004520432544819614
3,20,0.06,0.47555756690010703,0.06815860677339257,0.005690375854839242,0.006313618262067549,0,0.009584917810218535,0.00024566311348177933
3,21,0.06,0.464781390148805,0.06815860677339257,0.004754979102554095,0.006308379842813444,0,0.008099991136631091,0.00020806195416049565
3,22,0.06,0.44914298300005256,0.06815860677339257,0.004028903664522517,0.006300777839338356,0,0.0071380822141660855,0.00017983568385531113
3,23,0.06,0.43597446686972313,0.06815860677339257,0.0027946636584374324,0.006294376477330557,0,0.0050772684731784,0.00012689769893360948
3,24,0.06,0.4356602496048408,0.06815860677339257,0.0019638926577008717,0.006294223732826795,0,0.0034453774228890345,8.921156383770391e-05
3,25,0.06,0.4194063269324913,0.06815860677339257,0.0015608258754974194,0.006286322520416625,0,0.0028310486507891366,7.245120636465781e-05
3,26,0.06,0.40964515298233695,0.06815860677339257,0.0010562288237129808,0.006281577505301967,0,0.0019266839248983933,4.968224554143208e-05
3,27,0.06,0.3846272366541347,0.06815860677339257,0.0007247166794820241,0.0062694160181979795,0,0.0014936203084917872,3.5299518559348594e-05
3,28,0.06,0.39538458206963334,0.06815860677339257,0.0004623717823695229,0.006274645283330513,0,0.0008791189943381202,2.2181925869935184e-05
3,29,0.06,0.39004589550841867,0.06815860677339257,0.0006491474316889653,0.006272050088474368,0,0.0012927969709608433,3.137679398606976e-05
3,30,0.06,0.39046812619247706,0.06815860677339257,0.0013138837432612551,0.00627225533950134,0,0.0025684766584754613,6.346927143770516e-05
3,31,0.06,0.37742953116307465,0.06815860677339257,0.0014417412057708058,0.00626591713358427,0,0.0028846548716408033,7.095200307090575e-05
3,32,0.06,0.3912929347763461,0.06815860677339257,0.0017099867402719801,0.006272656288118499,0,0.0033217012543008072,8.25077172860828e-05
3,33,0.06,0.3875681144908944,0.06815860677339257,0.001995474165797615,0.006270845611590849,0,0.0038943772216457526,9.67905093728871e-05
3,34,0.06,0.3923930412292849,0.06815860677339257,0.002988850775378336,0.006273191062088678,0,0.005714009438625437,0.0001439905210191908
3,35,0.06,0.3923582387815057,0.06815860677339257,0.0034803706662763024,0.006273174144232118,0,0.006965546400905034,0.0001676781276712906
3,36,0.06,0.40069906761192864,0.06815860677339257,0.0042291573856213524,0.006277228713802463,0,0.008017339374778554,0.00020139426265596656
3,37,0.06,0.3974214312932665,0.06815860677339257,0.005532650266456246,0.00627563541836978,0,0.0105367150616756,0.0002646706715869878
3,38,0.06,0.4006632779027544,0.06815860677339257,0.005897343127478436,0.006277211316027169,0,0.011203211244025573,0.00028084791302628807
3,39,0.06,0.417055045368526,0.06815860677339257,0.006810061183528155,0.006285179536323031,1,0.018771692378343596,0.00044396401144198834
3,40,0.06,0.4433780427892077,0.06815860677339257,0.007562011377762392,0.006297975437846973,1,0.018583750366807927,0.00047609260845221505
3,41,0.06,0.4512274077657799,0.06815860677339257,0.007879134607785585,0.006301791101377251,1,0.020082290723216177,0.0004910569558328695
3,42,0.06,0.450410423690488,0.06815860677339257,0.008379610189906782,0.006301393956340651,1,0.02003502272256026,0.0005227967010477188
3,43,0.06,0.46995852924065995,0.06815860677339257,0.008734851391884204,0.006310896507649762,1,0.020974711735495522,0.0005316286092096023
3,44,0.06,0.4723801704001037,0.06815860677339257,0.008716106540666915,0.0063120736943244925,1,0.020778374112962,0.0005288880192356138
3,45,0.06,0.4878255806647782,0.06815860677339257,0.008846290461319996,0.00631958187986982,1,0.021868331819000955,0.0005266727901872671
3,46,0.06,0.4997140459011591,0.06815860677339257,0.008772331510466518,0.006325360994915283,1,0.021404590922427837,0.0005148192155369403
3,47,0.06171357596802416,0.5239028166704751,0.06815860677339257,0.008682789532892731,0.00633426346520366,1,0.020410907744181882,0.0005093730410012915
4,0,0.11123187287674408,0.44659824187519453,0.07318511650344209,0.008464895157831748,0.006204453727458252,1,0.0403113941501059,0.0009862712012015061
4,1,0.11004519029289528,0.45379695804620224,0.07318511650344209,0.01041204753884857,0.006209930907681128,1,0.04954025981785281,0.0011891425528794772
4,2,0.10759732326311479,0.4626754184774184,0.07318511650344209,0.011942645819038937,0.0062183266043292695,1,0.051385158359658206,0.0013186511681090812
4,3,0.10546870791557596,0.476212176907387,0.07318511650344209,0.012637815079081313,0.0062284546652564025,1,0.0539744841510709,0.0013448487548645468
4,4,0.10608607943165055,0.46509935977539296,0.07318511650344209,0.014216066108253305,0.006222023648846003,1,0.059868567585061684,0.0015429049240204046
4,5,0.10569183275133497,0.4774849510310822,0.07318511650344209,0.014905128938930588,0.0062287015001736,1,0.06474057086178248,0.0015869787887809958
4,6,0.10679903522989544,0.47996380299137786,0.07318511650344209,0.015541987439157775,0.006228061160190032,1,0.06467795933440756,0.0016670147273919614
4,7,0.10400586098018383,0.4826269602996672,0.07318511650344209,0.015725665250879716,0.006234011040964414,1,0.06670606209069294,0.0016372324274109683
4,8,0.10473555300413978,0.47388716946632975,0.07318511650344209,0.015076719773450716,0.006228546378158282,1,0.06328269419207501,0.0015978323795351062
4,9,0.10205220250962854,0.48136801693205833,0.07318511650344209,0.014798127419247914,0.006236655152056085,1,0.06204296719057791,0.0015140639786912543
4,10,0.10211990594323206,0.47153499897904105,0.07318511650344209,0.01412557096787025,0.0062317623737173635,1,0.06042895507445263,0.001463921748099964
4,11,0.09960540855176817,0.4632330998483779,0.07318511650344209,0.013349073286084562,0.006231917557292397,1,0.05531185307019446,0.001363503716245763
4,12,0.09972890625368827,0.4583462549285648,0.07318511650344209,0.012409815348900143,0.006229336178175399,1,0.051574164792769155,0.0012770123107788192
4,13,0.09710474444061315,0.4550568815463785,0.07318511650344209,0.01152776353514341,0.0062321107802475175,1,0.045327659290794915,0.0011598803565098536
4,14,0.0973407418522084,0.4431768341772688,0.07318511650344209,0.01019412829418397,0.006225942428201541,1,0.0435612036522509,0.0010440356551327276
4,15,0.09506685447320043,0.4328149293921772,0.07318511650344209,0.009044845607024746,0.00622469520345158,1,0.03589419760476609,0.0009170464789261918
4,16,0.0967146224142014,0.4231413964506085,0.07318511650344209,0.007558980827772409,0.006217246511703315,1,0.030944499998831598,0.0007897680967804475
4,17,0.09272462033315375,0.4135319180345673,0.07318511650344209,0.0058711139232323975,0.006219225240941708,0,0.017090773868572065,0.00042556004946285955
4,18,0.09169884282940916,0.4020456923294354,0.07318511650344209,0.004391505080401318,0.0062153512881746205,0,0.01310946683386171,0.00031978881743762236
4,19,0.09070526935432607,0.4066497197990264,0.07318511650344209,0.0041287264344706896,0.006219245312875255,0,0.011950845090582236,0.00029551376807781317
4,20,0.09124197335466168,0.38803357998836996,0.07318511650344209,0.0030313242697540942,0.0062093012938000715,0,0.00910418299656734,0.00022399093290288716
4,21,0.0879197490012593,0.3721944728446284,0.07318511650344209,0.002446342951448925,0.006207138768416423,0,0.0073857507016853105,0.00017818627306834638
4,22,0.08652965376685734,0.36463689633961577,0.07318511650344209,0.0023633238057540495,0.006205781771894934,0,0.006882966431115379,0.00017130112127903803
4,23,0.09013915019535548,0.36705936898280966,0.07318511650344209,0.0012053339445578497,0.006200943535382323,0,0.0037859084602702786,9.068741981652678e-05
4,24,0.0908169985746395,0.3548453055042871,0.07318511650344209,0.0005712134768627456,0.0061938763961147895,0,0.0017799604511847989,4.409120491986733e-05
4,25,0.0899260546246197,0.35215832694644916,0.07318511650344209,0.0,0.0061940551325658745,0,-2.2549642002761125e-07,2.5000000000000004e-07
4,26,0.08671268050973353,0.3446549233294945,0.07318511650344209,6.563412771371207e-05,0.006195763268221331,0,0.0001980155772312238,4.91231452974897e-06
4,27,0.08700918525676338,0.34396011626907963,0.07318511650344209,2.0624801797774846e-05,0.006194931340210802,0,6.262044172880786e-05,1.5505619015136738e-06
4,28,0.08610289146986914,0.34013906381072684,0.07318511650344209,0.0005551049687560033,0.006194584373799482,0,0.0015782341531591294,4.154025971771695e-05
4,29,0.08639767759148319,0.33807506884361116,0.07318511650344209,0.0012779078351884156,0.00619308973271,0,0.0038756234894488538,9.626278334148319e-05
4,30,0.08822226847706002,0.3283730278666483,0.07318511650344209,0.0012337387009561042,0.006185332477981348,0,0.003913031435605483,9.634231483970313e-05
4,31,0.08945273455679777,0.3243876616388554,0.07318511650344209,0.0019510015149351789,0.006181344370376608,0,0.0060090906155567175,0.00015545159609201266
4,32,0.08952763292907437,0.3395870600534897,0.07318511650344209,0.002541843991622757,0.006188608136207706,0,0.007959958262555392,0.0001979479654577106
4,33,0.08971436010577936,0.3314899377450273,0.07318511650344209,0.003245794214106684,0.006184360823124361,0,0.01065043442501869,0.0002564949344314253
4,34,0.08924598397911665,0.3508763298431333,0.07318511650344209,0.0041035436854907365,0.006194565390605379,0,0.013117112378681241,0.00031312985090556247
4,35,0.08922150137713807,0.3425013831890248,0.07318511650344209,0.005236864276148034,0.006190535040318484,0,0.015993686274559858,0.00040461641995940086
4,36,0.09076781798460057,0.36144022507767937,0.07318511650344209,0.005551231009430741,0.0061971642274463645,0,0.016196176833126647,0.0004240752333112453
4,37,0.0904441878145337,0.3523176413727969,0.07318511650344209,0.006213305909520671,0.006193269021762158,1,0.026388754818674,0.0006712207940184423
4,38,0.0931143855403238,0.3590195516037812,0.07318511650344209,0.006857946022049549,0.006192076565248126,1,0.028851759052771,0.0007551274729429836
4,39,0.09300583207112478,0.369880415400243,0.07318511650344209,0.007876066413294806,0.006197537074264516,1,0.03392662916844538,0.0008524750619202103
4,40,0.093772850089754,0.37986223034600086,0.07318511650344209,0.008118769629873701,0.006201110982054321,1,0.03407602493427321,0.000873286238686148
4,41,0.0946166079328519,0.39226982516994213,0.07318511650344209,0.008203907352106956,0.006205736188688574,1,0.03625967190127169,0.0008748307549869536
4,42,0.095805966574893,0.4019721743329916,0.07318511650344209,0.008804235202709258,0.0062084703440172095,1,0.03744161346134534,0.0009378695688984635
4,43,0.09781311818147763,0.4159358141329478,0.07318511650344209,0.008753704383360435,0.006211912971797881,1,0.03696935084948682,0.0009339985947737884
4,44,0.09699476572953637,0.42354661843540303,0.07318511650344209,0.008945285911103515,0.0062169765890870326,1,0.03814266359780617,0.000936809287055074
4,45,0.10031713515065077,0.43821115412563105,0.07318511650344209,0.0089688293296537,0.006218567900456813,1,0.03916065636693079,0.0009527806048697937
4,46,0.10075866463419123,0.433545123419585,0.07318511650344209,0.009073255151555,0.006215563808613251,1,0.03769169770809856,0.000974066220427142
4,47,0.09861817876098679,0.45116927247060756,0.07318511650344209,0.008089466434451771,0.006227698579746172,1,0.03292319075927985,0.0008307409135346054
5,0,0.08551603963201328,0.7417067464292068,0.0638296058768077,0.0074293740845968,0.006483902754135456,1,0.018808262943128002,0.0004821776764820599
5,1,0.08287122469917153,0.7360469080299041,0.0638296058768077,0.009042943250624772,0.006485559468690531,1,0.02337698262168663,0.0005716941698239922
5,2,0.084303774369301,0.7485255587106515,0.0638296058768077,0.010995659057001662,0.006489237896654567,1,0.028146947490111103,0.0006991810217390033
5,3,0.08411579250794621,0.7542572494951453,0.0638296058768077,0.012111125749616208,0.006492337438332621,1,0.029554703225555215,0.0007644326559015147
5,4,0.0815894200869027,0.7679163233084693,0.0638296058768077,0.01275504767137442,0.006503187886582503,1,0.03035472642557078,0.0007714256361905305
5,5,0.08380464860459821,0.7485945273173974,0.0638296058768077,0.013786087089697514,0.006490103299335129,1,0.03472899551650091,0.0008713715926465045
5,6,0.0794889890147939,0.7585273544733668,0.0638296058768077,0.014638766204238065,0.0065021245229634,1,0.03619772451773046,0.0008698105532238768
5,7,0.08087411355540144,0.7536707458235082,0.0638296058768077,0.01453882028423862,0.006497455130635372,1,0.036037551175605316,0.000882764689102871
5,8,0.07890540281600027,0.7557578044016935,0.0638296058768077,0.01479551423943374,0.006501750857565436,1,0.03412153236405156,0.0008748397023263645
5,9,0.07958417935490301,0.7398635429045937,0.0638296058768077,0.014279293595928342,0.006492893186217286,1,0.03614181414861054,0.0008639126651377167
5,10,0.07733030319221988,0.7304499499875625,0.0638296058768077,0.013502786047528793,0.006492073594375979,1,0.03211991018084831,0.0008006698499536974
5,11,0.07618457850367816,0.7152757053957903,0.0638296058768077,0.01271522619630603,0.0064866067666247695,1,0.030104126959905452,0.0007533209478260239
5,12,0.07705666656521153,0.7069721095816367,0.0638296058768077,0.01201978921313448,0.006481116816334779,1,0.027796921890740487,0.0007259018487486536
5,13,0.07294128861197113,0.6969619673472135,0.0638296058768077,0.010649082675870992,0.006483109738226223,1,0.026427735170911206,0.0006145699590001087
5,14,0.0723737194142866,0.6781479238058694,0.0638296058768077,0.00936431953622221,0.006474909971278656,1,0.020647644059549757,0.0005459990538177521
5,15,0.07249595794453062,0.6637037880672915,0.0638296058768077,0.008059640722980977,0.006467684785521996,1,0.019146649137935456,0.00047741463840692217
5,16,0.07279687200380013,0.6564919975546074,0.0638296058768077,0.006352140536912407,0.006463677530590658,0,0.010616461260251085,0.0002718114910065848
5,17,0.07052249151566259,0.6380405644118965,0.0638296058768077,0.005772957654966974,0.0064584987180709595,0,0.009354557992440955,0.0002437782493024224
5,18,0.06972887544276823,0.6289217098973968,0.0638296058768077,0.004225856619949745,0.006455388635025679,0,0.007156055871306227,0.00017808498485043524
5,19,0.07097159246991168,0.6039088871845777,0.0638296058768077,0.0035720440765785663,0.006441158428939485,0,0.0065008158200088335,0.0001572434800581083
5,20,0.06807352506008166,0.5967458939056608,0.0638296058768077,0.0029763351966907003,0.006442506530667507,0,0.00490430755812939,0.0001266249156757292
5,21,0.07193035765300711,0.5814433426206339,0.0638296058768077,0.002158731699006578,0.006428639736137966,0,0.0040348232140112765,9.864770561557849e-05
5,22,0.06683084341722283,0.5814654400949827,0.0638296058768077,0.0016617147311397034,0.006437149668358747,0,0.002744345968853984,7.055034496295274e-05
5,23,0.06703391561681248,0.5551878840123174,0.0638296058768077,0.0007277622415268886,0.006424037402708136,0,0.0012967569373253862,3.189921191326712e-05
5,24,0.06979053008294751,0.5542672239613404,0.0638296058768077,0.0008515943583238039,0.0064189955021842415,0,0.0015296889912799333,3.890195976684586e-05
5,25,0.06834664261649098,0.5379552600230817,0.0638296058768077,0.0008482146197721439,0.006413472554380571,0,0.0016008762892735981,3.8650895469352644e-05
5,26,0.06856519656616976,0.5287389468784569,0.0638296058768077,0.0004255678630246407,0.006408628145574692,0,0.0008130614742799548,1.9660734638532822e-05
5,27,0.06619177045906634,0.534776148208225,0.0638296058768077,0.0006152364136384744,0.006415518606399612,0,0.0010879865188953889,2.7249592865991336e-05
5,28,0.06936534011552138,0.5221470296844871,0.0638296058768077,0.0006734484616287196,0.006404090168800925,0,0.0013079062634754125,3.171692657059026e-05
5,29,0.06830116713446335,0.5228739201150367,0.0638296058768077,0.0007411586066824131,0.006406217139950873,0,0.001333111509096242,3.4341268175742574e-05
5,30,0.06715307115984323,0.5300218582447397,0.0638296058768077,0.0015359606824678104,0.00641160532538829,0,0.002890523491418065,6.939543475092566e-05
5,31,0.06821202764597019,0.5277949482550314,0.0638296058768077,0.0018692448424852699,0.006408757872221969,0,0.0034205514702810437,8.600577620399377e-05
5,32,0.06724280181678435,0.5430411835477688,0.0638296058768077,0.0027364244440738336,0.00641778461298236,0,0.004970133306648042,0.0001219707374813212
5,33,0.0702331285623006,0.5352820066890009,0.0638296058768077,0.003375823747246298,0.0064090289129890435,0,0.006278946997098104,0.00015855660878442315
5,34,0.06982355420738737,0.5465975972938341,0.0638296058768077,0.0047382355920399044,0.006415212171235692,0,0.008620828387976329,0.00021842343687110215
5,35,0.06987664793381454,0.5672978383309525,0.0638296058768077,0.005672249582434328,0.006425186298862469,0,0.010141217134213374,0.0002557166159330141
5,36,0.07054414036133208,0.5710208393376516,0.0638296058768077,0.006271006980702035,0.006425883603639307,0,0.011710230753977752,0.0002842473850550684
5,37,0.07009957103237714,0.5945235325723811,0.0638296058768077,0.007259245733702161,0.006438049472843336,0,0.01300978479636936,0.00031878038847818366
5,38,0.07326421657544022,0.5976319052565511,0.0638296058768077,0.007632768952391701,0.006434286078104148,1,0.01991620640491404,0.0004888245249439078
5,39,0.07221264717214172,0.6152823908652841,0.0638296058768077,0.008288064134468108,0.0064446187909472236,1,0.019490494867552985,0.000513571327741097
5,40,0.07368156695860231,0.6270179162335983,0.0638296058768077,0.009018531952963992,0.006447875360579386,1,0.023362376309587037,0.0005633384044593829
5,41,0.07600871392213052,0.6429082017347393,0.0638296058768077,0.009619088776034394,0.0064517212266476725,1,0.025042895289935106,0.0006099007064084918
5,42,0.07306975653859446,0.6691424864558316,0.0638296058768077,0.009304549784237712,0.006469372266248541,1,0.022810055249545883,0.0005525601769524818
5,43,0.07687133537353665,0.6695019186501074,0.0638296058768077,0.009728135183051871,0.006463211025506965,1,0.02430773071716959,0.0006075580046698743
5,44,0.07638087940243429,0.6868645550530217,0.0638296058768077,0.008976503321223373,0.006472468622599109,1,0.022569082480035883,0.0005477357990494108
5,45,0.07770673984521387,0.6994273040923943,0.0638296058768077,0.008559667653122193,0.0064763657470886145,1,0.02136236670024109,0.0005250298270122405
5,46,0.07958260143275486,0.7195742123539351,0.0638296058768077,0.00809280569063318,0.006483032947069852,1,0.01999099979359002,0.0004988458943600405
5,47,0.08059877242978838,0.7228412669627886,0.0638296058768077,0.007579595883162797,0.006482927480287433,1,0.01865178898870831,0.0004717439374105301
6,0,0.09538854747118644,0.640015818406074,0.08360747431117088,0.00812794405184671,0.006339678001532699,1,0.02539947534879634,0.0006548595608628044
6,1,0.09407994680199307,0.641974933167371,0.08360747431117088,0.009795359856413915,0.006342811350101429,1,0.031128992503876813,0.0007768368763649398
6,2,0.09287788582130348,0.6438118062541255,0.08360747431117088,0.011117849847024597,0.0063457077094864174,1,0.034125447989027995,0.0008688442025146279
6,3,0.09079826981797691,0.6386706290477583,0.08360747431117088,0.012407470345116415,0.006346674552794422,1,0.0367768912186915,0.0009528462744204341
6,4,0.08991742054214084,0.6423351856061863,0.08360747431117088,0.013337990358649923,0.0063499240165811625,1,0.03844830940420968,0.001010622314952797
6,5,0.09003635207782447,0.6502457348003374,0.08360747431117088,0.013697094330881813,0.0063535712032132905,1,0.04222411193301122,0.0010309867651253576
6,6,0.08935123639693862,0.6407621520709552,0.08360747431117088,0.013680270363136769,0.00635010298774354,1,0.041279554669633366,0.001031665897729234
6,7,0.09017844300934443,0.6355865380415809,0.08360747431117088,0.013608641647431996,0.006346208386569695,1,0.043067779497494886,0.0010412076190589078
6,8,0.08747350412537427,0.6268562522903985,0.08360747431117088,0.013586533526835965,0.006346472729136154,1,0.0408486777569223,0.001017358225426912
6,9,0.08743678049674444,0.6205567884629705,0.08360747431117088,0.013600902663640895,0.0063434716958233155,1,0.04168498431510897,0.0010246270265783165
6,10,0.08773820127311913,0.6172168585790478,0.08360747431117088,0.012912138198420008,0.006341345750835784,1,0.03882325601311017,0.00097947091138868
6,11,0.08415317906167273,0.6046307194500825,0.08360747431117088,0.011784823488750743,0.006341202525778281,1,0.03384371279242269,0.0008687707549841453
6,12,0.0820499849929275,0.5960797624892571,0.08360747431117088,0.010873365268787316,0.0063405511340369,1,0.03129442778227416,0.0007886400438821104
6,13,0.08251492670007657,0.5843252727141367,0.08360747431117088,0.009593017934586978,0.006334062243106523,1,0.028139806305702786,0.000708571638049719
6,14,0.08293344853280869,0.5587106256827407,0.08360747431117088,0.008272366351594469,0.006320913142189485,1,0.024745038856628272,0.0006315710349842563
6,15,0.08115660618667604,0.5614176906798919,0.08360747431117088,0.0070097274131278595,0.006325190480473322,1,0.020349151724960924,0.0005221363127112285
6,16,0.08137769949325649,0.5365872692340665,0.08360747431117088,0.005866302568546158,0.006312751647870634,0,0.013163865362004245,0.00032182999833618335
6,17,0.07952564576357765,0.5268252227112308,0.08360747431117088,0.004739064997442381,0.006311092964804831,0,0.01031929141477238,0.0002569385006381949
6,18,0.07548073677543211,0.5069271872808432,0.08360747431117088,0.003750255320200199,0.006308161823673079,0,0.008250060179643512,0.0001975386972769171
6,19,0.07862445117081963,0.4943389730003955,0.08360747431117088,0.002939923726303252,0.0062968030288499946,0,0.006507322375345591,0.00016375512180879365
6,20,0.07462947237565744,0.4766462205159884,0.08360747431117088,0.0018273934959090491,0.006294860683273122,0,0.004091826360162002,9.872717428279954e-05
6,21,0.08033133139835746,0.4693887715157179,0.08360747431117088,0.0006132150493510949,0.006281829658304602,0,0.0015024002984962686,3.598426389968558e-05
6,22,0.07720589603204407,0.4668803745871409,0.08360747431117088,0.00044570638381268756,0.006285819357630399,0,0.0010147443704011947,2.5216143079557246e-05
6,23,0.07882199727016097,0.4523174549562111,0.08360747431117088,0.00035734491041965785,0.006276046658524058,0,0.000816928628342148,2.1024904630382018e-05
6,24,0.07694960171213676,0.4615974702424541,0.08360747431117088,9.248896304762401e-07,0.0062836784363293555,0,2.0163113725049196e-06,2.5000000000000004e-07
6,25,0.07595259775776728,0.4566739855433884,0.08360747431117088,0.0,0.006282946748969036,0,1.8956509404152318e-07,2.5000000000000004e-07
6,26,0.07595997704373847,0.4451043317119281,0.08360747431117088,1.464478490305316e-05,0.006277310312879902,0,3.440351060042599e-05,8.381128170897303e-07
6,27,0.0769772501232863,0.45542316493110835,0.08360747431117088,0.0,0.006280630957228869,0,-3.4736515892202875e-07,2.5000000000000004e-07
6,28,0.07830675511305418,0.44759483535438543,0.08360747431117088,0.0007137923508131397,0.00627460967759057,0,0.0017253264074950708,4.197662514886809e-05
6,29,0.07807488475254729,0.4419442965196076,0.08360747431117088,0.0011587326096125328,0.006272249338480065,0,0.002764534607161116,6.844013281354215e-05
6,30,0.07476793854775836,0.4446772306873827,0.08360747431117088,0.001805193529644407,0.006279089425152937,0,0.004100130818999731,0.00010174524995533858
6,31,0.07904373541815171,0.45312954852106846,0.08360747431117088,0.0035635463056285814,0.006276071862649213,0,0.008384695303083212,0.0002100376617450704
6,32,0.077510582408014,0.4689862467344806,0.08360747431117088,0.0045948269004782195,0.0062863352348531834,0,0.01045679136829423,0.0002602936902968747
6,33,0.07776336229864757,0.46316783450777893,0.08360747431117088,0.0050238418253578734,0.006283085540203037,0,0.01131370250312374,0.0002876198245918109
6,34,0.08002102546272218,0.47562107034776435,0.08360747431117088,0.005943953832075806,0.006285376424574016,0,0.01401713108536634,0.0003447665891420194
6,35,0.07964897904971212,0.5001085493333324,0.08360747431117088,0.006916358129691345,0.006297900137547018,1,0.021901087175205447,0.0005425913599122189
6,36,0.07998638462595214,0.4964271761707193,0.08360747431117088,0.007746518520849895,0.006295548238521458,1,0.025473438056286886,0.0006129968661798871
6,37,0.08330417856077678,0.5125814702767559,0.08360747431117088,0.00867221514661637,0.006297871363820518,1,0.028211515785493406,0.0007010929505961872
6,38,0.08409675709418475,0.5421393705605154,0.08360747431117088,0.008805328655250631,0.0063109188233472216,1,0.027352258583106977,0.0006944887819816006
6,39,0.0822687417893577,0.5402564910098718,0.08360747431117088,0.009741004644428787,0.006313050226851482,1,0.030824120630556614,0.0007531951544053909
6,40,0.08565450353827403,0.560064896133561,0.08360747431117088,0.009482973076018236,0.006317036376427303,1,0.029830068556312296,0.0007466286078434974
6,41,0.08565654946699547,0.5570639467039159,0.08360747431117088,0.009555188065479859,0.006315574171684468,1,0.029005332426398297,0.0007548449833054499
6,42,0.08640093910415621,0.581833745034041,0.08360747431117088,0.009561125404929914,0.006326374396477455,1,0.028961400675237538,0.0007414647389646643
6,43,0.08749161417743916,0.5921974581793528,0.08360747431117088,0.008978320779481994,0.0063295945208009545,1,0.02789006068391961,0.0006972568111574575
6,44,0.0867461026341209,0.5974801305256312,0.08360747431117088,0.008099071073483056,0.006333405005763704,1,0.02491066885384709,0.0006201205162942346
6,45,0.09228220182603797,0.6103671629184545,0.08360747431117088,0.0073851140275092,0.006330442703412576,1,0.023847643138653448,0.0005934381486615352
6,46,0.08938772482755877,0.6190599296275702,0.08360747431117088,0.006653218255798895,0.006339492482226972,1,0.020939138651995117,0.0005131985893118767
6,47,0.0892755531864211,0.6288454027915075,0.08360747431117088,0.005338706800618574,0.0063444362621946715,0,0.011547604863056674,0.0002908335319302521
7,0,0.18,0.797424754721395,0.08625458214477141,0.007407569974999298,0.006120959432777541,1,0.03844134311335745,0.0009736431804011191
7,1,0.18,0.8,0.08625458214477141,0.009414129397729447,0.006122211288121307,1,0.04998033502915224,0.0012346371844554219
7,2,0.18,0.7983737541318086,0.08625458214477141,0.010809432038487445,0.006121420751935381,1,0.05649244915616269,0.0014196167431713698
7,3,0.17939848511002382,0.7992113152454273,0.08625458214477141,0.011950599557456212,0.006122830424515573,1,0.05898656052382481,0.0015631131245919423
7,4,0.1779577328054419,0.7899593501535986,0.08625458214477141,0.012308011269060122,0.006120734195325793,1,0.06577937759332803,0.0016097787295055713
7,5,0.17500153560636622,0.7893400712911024,0.08625458214477141,0.012049343491826337,0.00612536015232165,1,0.06073290830731139,0.0015506030313143864
7,6,0.17660135700074098,0.7905777315001585,0.08625458214477141,0.012043083395611708,0.006123295423710427,1,0.06482135751303503,0.001562282930885761
7,7,0.1725502712172123,0.7771383190936468,0.08625458214477141,0.01159104266086883,0.006123514185652032,1,0.06123854162130174,0.0014865185474630604
7,8,0.16856638961546838,0.7613670704931373,0.08625458214477141,0.011173625836453592,0.006122487409140802,1,0.057784320460415865,0.0014196097020708243
7,9,0.17013612839512895,0.7563875332538447,0.08625458214477141,0.010360434399198735,0.006117450569461156,1,0.05416142315103324,0.001334486520077351
7,10,0.17011289110031805,0.7317653827272596,0.08625458214477141,0.009615954973028269,0.006105520197335418,1,0.052979664358989265,0.0012664214000700773
7,11,0.16621336837691575,0.7235445288887232,0.08625458214477141,0.008535731959420235,0.006108023153480688,1,0.044476853479499784,0.001106748721130722
7,12,0.16208946218431372,0.7097622399906997,0.08625458214477141,0.0074717404589826775,0.006108196606698486,1,0.03810626620912603,0.0009569766171241647
7,13,0.16336698286869136,0.6826285133585264,0.08625458214477141,0.0063117761330676704,0.006092877399556106,1,0.033777910999284275,0.000836105245737733
7,14,0.1603013024542777,0.6834990458303724,0.08625458214477141,0.0053783044929331825,0.006098410042420609,0,0.020199370795894584,0.0004989242501973206
7,15,0.15730577507576768,0.6579329442920742,0.08625458214477141,0.0047749859963820375,0.006090974622025897,0,0.01766984499702899,0.00044568145846795264
7,16,0.15650541687140784,0.6539090180444675,0.08625458214477141,0.0035178379657117443,0.006090352477107244,0,0.012998014234496995,0.0003279809771062868
7,17,0.1568384410494182,0.626165828054275,0.08625458214477141,0.00283075434954047,0.006076311163898661,0,0.011118288134592747,0.00027200341063836683
7,18,0.1524130955443027,0.6096155881363243,0.08625458214477141,0.0018754353289323542,0.006075641484224849,0,0.00716345202847549,0.0001781513795529922
7,19,0.15427674710819803,0.5981482345763299,0.08625458214477141,0.0009438090556853679,0.006066960990304471,0,0.003798606605617713,9.18525754043583e-05
7,20,0.1541286601256661,0.5851865363880532,0.08625458214477141,0.0005708722994757275,0.006060906976433834,0,0.0022081738542662826,5.6278059118456555e-05
7,21,0.14998322176847137,0.578732889538931,0.08625458214477141,0.0,0.006064678850921947,0,-1.256093030241256e-07,2.5000000000000004e-07
7,22,0.15309207065781147,0.58080156360076,0.08625458214477141,0.0,0.006060503041553102,0,-4.5001978995243077e-07,2.5000000000000004e-07
7,23,0.15097017634823473,0.5620712771852089,0.08625458214477141,7.269434731518179e-05,0.006054934531728171,0,0.0002979875865405555,7.198796766439194e-06
7,24,0.1520025434317783,0.5670504962079852,0.08625458214477141,0.0005338636292736266,0.006055634373613892,0,0.0020898920944976917,5.2937606916790463e-05
7,25,0.15291489052671906,0.5595481493352938,0.08625458214477141,0.0006275437435602322,0.006050466820948099,0,0.002565597138326576,6.312131160900392e-05
7,26,0.15002734656143057,0.5576678581159579,0.08625458214477141,0.0008484325706774885,0.006054365363769736,0,0.003304980647229068,8.390295227823234e-05
7,27,0.15080510058743035,0.5628214476847728,0.08625458214477141,0.0018005961183229563,0.006055574324211244,0,0.007153608243392201,0.00017796729291283972
7,28,0.1500751327351253,0.564317039031272,0.08625458214477141,0.002619010599173588,0.006057517960869633,0,0.010330223224805502,0.00025717965282619676
7,29,0.151201233904577,0.582138484893401,0.08625458214477141,0.0033648499751849185,0.006064304328436861,0,0.01317994419733164,0.00032648595312900395
7,30,0.15216982425098055,0.5722356602990677,0.08625458214477141,0.004052997709070298,0.006057876138126164,0,0.016103526760088704,0.00040005500658922793
7,31,0.15836749703439681,0.5785051244568169,0.08625458214477141,0.004813053223587738,0.006050594339674932,0,0.019213091590963984,0.0004910635035978192
7,32,0.16027726736266112,0.6014371709296423,0.08625458214477141,0.006093797939657324,0.0060585589117187815,1,0.03509455609198171,0.0008595758246307761
7,33,0.15822378622595323,0.6125830648726833,0.08625458214477141,0.007082371198832122,0.00606739952316894,1,0.03980402941801933,0.0009747608056486874
7,34,0.15916133937739493,0.6230660518225075,0.08625458214477141,0.007390731116102715,0.006070932831017146,1,0.0418045022989204,0.0010121771537506981
7,35,0.16208853508016347,0.6307017438720693,0.08625458214477141,0.007383797278986905,0.006069765966258847,1,0.03902876149385335,0.0010217940765520535
7,36,0.16195217432122475,0.652182467994725,0.08625458214477141,0.007911865257632088,0.0060804352528611464,1,0.042364997709518036,0.0010704938625733264
7,37,0.16573974291292604,0.665362056473887,0.08625458214477141,0.00820140376689451,0.006080529382941237,1,0.045401064876930165,0.0011208974329501532
7,38,0.1685964561215196,0.676519407093392,0.08625458214477141,0.008655712805237416,0.006081191906366952,1,0.04810406114941971,0.0011903266618732205
7,39,0.16544970457011315,0.6988253026328473,0.08625458214477141,0.009378539701479584,0.006097279635950975,1,0.048621199672695445,0.0012388286641472257
7,40,0.16667306574671353,0.7117816173030387,0.08625458214477141,0.009306903901280002,0.006101538909176873,1,0.05053545394902819,0.0012234118100766138
7,41,0.17136208536795433,0.7248338677140328,0.08625458214477141,0.008619129810743035,0.006100068720424594,1,0.04628244130222327,0.001150806024789861
7,42,0.17474815061328258,0.7401600015807172,0.08625458214477141,0.00868781945450149,0.006101875482312019,1,0.04695644724448308,0.0011663687185120128
7,43,0.17479411679155035,0.7580181379254817,0.08625458214477141,0.008739135273905373,0.006110479910515833,1,0.04585976374156862,0.0011547820842791599
7,44,0.17687413820380002,0.7659408666070187,0.08625458214477141,0.007643907631412383,0.0061108645346044975,1,0.0413369281112807,0.0010148772780235755
7,45,0.18,0.7773373315186702,0.08625458214477141,0.006313806172421968,0.0061111947131651054,1,0.03396435110070752,0.0008445393418066512
7,46,0.18,0.7850265882876973,0.08625458214477141,0.005697856597382285,0.006114932546316716,0,0.021724127969188028,0.0005407351332855961
7,47,0.18,0.7902718505727152,0.08625458214477141,0.00441011161598684,0.006117482326594155,0,0.016351187418288525,0.0004166174735748975
8,0,0.1105986299492647,0.7738534236121775,0.03168682956718534,0.00609960872475447,0.00596227838716096,0,0.013956828692274317,0.00034978613666769055
8,1,0.10644233435739832,0.7721929186091719,0.03168682956718534,0.007493475731741964,0.005968398356548721,1,0.023390725797356474,0.0005798472553516534
8,2,0.10629798772264497,0.7653102247469434,0.03168682956718534,0.00872523689680216,0.0059652931803125045,1,0.02691985706706934,0.000678373857987719
8,3,0.10589544212066805,0.7710935808915934,0.03168682956718534,0.01065242404005145,0.00596877544333056,1,0.03424657432862152,0.0008208501793736879
8,4,0.10633395521324253,0.763225279401137,0.03168682956718534,0.011383781096784572,0.0059642197193961865,1,0.033240972131112975,0.0008870166183748568
8,5,0.10619808724120058,0.7523499616630905,0.03168682956718534,0.011979529377492117,0.005959159553226928,1,0.03705859372631974,0.0009413734937019603
8,6,0.1056256789836312,0.7473355752579284,0.03168682956718534,0.011263858040127528,0.005957676018042589,1,0.03519660305634145,0.0008843586445442351
8,7,0.10083108201101315,0.7493334962681438,0.03168682956718534,0.010290512059512619,0.005966638224599141,1,0.030261718031416907,0.0007698721419812522
8,8,0.10269414263881903,0.7058571888446307,0.03168682956718534,0.009718185316735167,0.005942398807444145,1,0.031407829607532335,0.0007707984937505523
8,9,0.09919770151976608,0.7055971394751988,0.03168682956718534,0.008710245456138493,0.005948099796421316,1,0.02660934808103277,0.0006674957450183108
8,10,0.09989240604130188,0.6968549849055052,0.03168682956718534,0.00816640484833096,0.005942692297080711,1,0.02480319042654477,0.0006354424270459939
8,11,0.10128863915487997,0.6830805196007828,0.03168682956718534,0.007525132543371493,0.0059336693212571736,1,0.024483377751958142,0.0006016167743543081
8,12,0.09712044654735912,0.6573481746444967,0.03168682956718534,0.006129871607025163,0.005928107530138181,0,0.014397338936768356,0.0003442001632329788
8,13,0.09669799409224045,0.6537944946387294,0.03168682956718534,0.005221914830052641,0.005927084134227241,0,0.011560843941577411,0.0002929743969933949
8,14,0.09552293481363495,0.6395105105554019,0.03168682956718534,0.004293118953215834,0.005922098962984411,0,0.009476195182251283,0.0002413717591559431
8,15,0.09512908366783215,0.6194047565050184,0.03168682956718534,0.003899859130314727,0.0059129817511195904,0,0.008690060426908838,0.0002228927669935009
8,16,0.09345159413196708,0.6057608588788546,0.03168682956718534,0.0029805317945027165,0.005909145116777758,0,0.006851167978540693,0.00016974190293583545
8,17,0.09272562386318338,0.5919425583224822,0.03168682956718534,0.0019184384964627483,0.005903637837788606,0,0.004397426781638152,0.00011000433958371081
8,18,0.09635994966428585,0.5850105519441849,0.03168682956718534,0.0019663294463543044,0.005894210902797318,0,0.004855536801139253,0.00011804328338960774
8,19,0.0919641445366213,0.5611123935474285,0.03168682956718534,0.0017892700248401052,0.005889920084345002,0,0.004368519680714718,0.00010522355275182613
8,20,0.09046093561037725,0.5552057548855854,0.03168682956718534,0.0013976377241436166,0.005889554149872568,0,0.0033691131362914217,8.138152118518035e-05
8,21,0.09078973058432005,0.5537487155521544,0.03168682956718534,0.0009059348500345517,0.0058882978752400235,0,0.002176122852294375,5.302863413178911e-05
8,22,0.08987518516332145,0.5433319457207991,0.03168682956718534,0.0011655768686754334,0.005884758410051445,0,0.002687777297440248,6.833559984589895e-05
8,23,0.0897423975752057,0.528932215756203,0.03168682956718534,0.0015646222533147844,0.005877979853965516,0,0.0037153852879120886,9.311517516995857e-05
8,24,0.09042989049322514,0.5310073324860102,0.03168682956718534,0.001921765517721858,0.005877842769734695,0,0.004533655691643368,0.00011497081516323325
8,25,0.09319263702077957,0.5506264905747195,0.03168682956718534,0.0028775246858971765,0.005882775282926338,0,0.006925618508919866,0.00017349858609200299
8,26,0.0916695644871979,0.5436034771224046,0.03168682956718534,0.0031905907983299613,0.005881899772276321,0,0.007445317969269963,0.000190734411649853
8,27,0.0931518807255262,0.5345536939626647,0.03168682956718534,0.003947288807919835,0.005875030045065345,0,0.01043072328528737,0.0002422691194553682
8,28,0.09395523667879795,0.5489374649344921,0.03168682956718534,0.004694891852093943,0.005880683229365641,0,0.011527011434139926,0.00028593400921288203
8,29,0.09156107090210776,0.5601813950649309,0.03168682956718534,0.005229839826195105,0.005890139305029088,0,0.012332065857184313,0.0003065249813893711
8,30,0.0913443305828991,0.5728438424426581,0.03168682956718534,0.005922119752888143,0.005896655895258609,1,0.018604619274037962,0.00047808222163310353
8,31,0.09358694973767014,0.5893528932871103,0.03168682956718534,0.006481451453269622,0.005900943429716711,0,0.014297339229931637,0.0003761420769246155
8,32,0.09509283254312863,0.5918017329924292,0.03168682956718534,0.00720342923679665,0.005899624033231032,1,0.02450996360099781,0.0005931199982204542
8,33,0.09539313708923156,0.5969146894399159,0.03168682956718534,0.00787885131706083,0.005901608990593945,1,0.026245146555252556,0.0006472503516980117
8,34,0.09731930685771074,0.6214386657285106,0.03168682956718534,0.008563664532240323,0.0059103200850089905,1,0.027730855434294877,0.0006995328572868507
8,35,0.09989261462792942,0.6344580372198418,0.03168682956718534,0.009680926242235377,0.005912360099866912,1,0.032923900241860794,0.0008009565737943082
8,36,0.10003234484474952,0.6558883939608103,0.03168682956718534,0.009640839461615681,0.005922544750699071,1,0.03134043833230414,0.0007817385657084954
8,37,0.09821699373172674,0.6698526193739724,0.03168682956718534,0.009698307605643264,0.0059323585010188406,1,0.02921620269917737,0.0007615706156809453
8,38,0.10064033473765276,0.6830838299921325,0.03168682956718534,0.00954375374374663,0.005934751437837236,1,0.03235743118922941,0.0007581147679304469
8,39,0.10322222355067769,0.6927119514284981,0.03168682956718534,0.008967194010267234,0.005935128626624872,1,0.028048361153773068,0.0007238660089404517
8,40,0.10601925834890685,0.7066629310083156,0.03168682956718534,0.008893959664571557,0.0059372486281457915,1,0.02874825836803324,0.0007277130246469156
8,41,0.10703765787014369,0.7258856060147136,0.03168682956718534,0.00823119230173548,0.005944895651516284,1,0.027684712794407793,0.0006678677000429975
8,42,0.10608515099212346,0.7340954569997414,0.03168682956718534,0.0073801178877005375,0.0059504740627640395,1,0.022396713830585183,0.0005890161753845363
8,43,0.10875007630561707,0.7437457270011557,0.03168682956718534,0.0063042687058396845,0.005950723624047793,1,0.020517430389726633,0.000511269042745302
8,44,0.10736316255865959,0.7574289092791061,0.03168682956718534,0.00554474390231348,0.0059596866939000594,0,0.012326337298898576,0.0003132076027893201
8,45,0.10808087265115247,0.7679825978084296,0.03168682956718534,0.004725066053601742,0.005963620775669881,0,0.010434669656292007,0.0002661731276335061
8,46,0.10938743699014095,0.7678504778846336,0.03168682956718534,0.0033358437303052327,0.005961378943475277,0,0.007576526176011778,0.00019020921451944097
8,47,0.1112654879845036,0.776592090900546,0.03168682956718534,0.0016483546525363655,0.005962498253700741,0,0.0037122652700184995,9.48666447128371e-05
9,0,0.07345729549990358,0.576257797252236,0.08919252722168061,0.00604980386434315,0.006360538864906083,0,0.011767060674851013,0.00028740755350587806
9,1,0.07030822617875963,0.5668382661921846,0.08919252722168061,0.007279021241950983,0.00636120837506491,1,0.01913710746104716,0.00046816915728871216
9,2,0.07049340378128333,0.5567108717240283,0.08919252722168061,0.008355644444473448,0.006355976706749794,1,0.022300018707575316,0.0005449035917520142
9,3,0.07012814641565915,0.5642677784481827,0.08919252722168061,0.009294284564049361,0.006360258965350076,1,0.024830786705479963,0.0005979456869682993
9,4,0.06772682219470315,0.5645891307730643,0.08919252722168061,0.009581515956487832,0.006364417385320709,1,0.024259650984156812,0.0005951060827856555
9,5,0.068869270462258,0.5507991603937936,0.08919252722168061,0.00980352323569686,0.006355809847051528,1,0.026152395848006525,0.0006287363150061679
9,6,0.06929207599375306,0.5358945363833904,0.08919252722168061,0.009862996593971147,0.006347859867827312,1,0.025148555914455317,0.0006472670055035048
9,7,0.06468197432729435,0.5313760127748542,0.08919252722168061,0.009061472943196938,0.006353346866072816,1,0.0227100893285907,0.0005579854384393063
9,8,0.06479090359287315,0.5208236688569204,0.08919252722168061,0.008788924209226235,0.006348035705670079,1,0.021729564198002028,0.0005487770922850782
9,9,0.06375207401466329,0.500905341140833,0.08919252722168061,0.007460665394753481,0.006340084567882886,1,0.017862699329078812,0.0004692834374240228
9,10,0.06409155907900688,0.4932995311243576,0.08919252722168061,0.0060930786522061416,0.006335821490684304,1,0.015691876282386004,0.0003888435900583801
9,11,0.06580093791485313,0.48841961329459666,0.08919252722168061,0.005185102698429042,0.0063306003436795375,0,0.009415375389659081,0.0002441013935183196
9,12,0.06483066809310058,0.46721197240224815,0.08919252722168061,0.004437691406386462,0.006321908190170901,0,0.00839529527799068,0.00021129967666914
9,13,0.06083547841798511,0.4702768492021132,0.08919252722168061,0.0037777064498454127,0.006330056710296027,0,0.0066434217957524085,0.00016814371062441754
9,14,0.06249037940265128,0.46202931766066385,0.08919252722168061,0.0024292672785043695,0.006323289325266712,0,0.004572771434593385,0.00011222331390001367
9,15,0.0626665231532871,0.4457544170183467,0.08919252722168061,0.0013526067504488596,0.006315084342314526,0,0.002483952292475341,6.397921241065678e-05
9,16,0.0600679884031393,0.4326012256019719,0.08919252722168061,0.0008904773206919506,0.006313021321070701,0,0.0016767417902510949,4.1073509895950954e-05
9,17,0.06253271512678969,0.42182684250260316,0.08919252722168061,0.0006543523703098023,0.006303675895857981,0,0.0012903629685069554,3.1874297517073e-05
9,18,0.061715483622294454,0.41270823673286394,0.08919252722168061,0.0,0.00630060529278296,0,5.186602707071705e-07,2.5000000000000004e-07
9,19,0.06441719759132185,0.40375729530983695,0.08919252722168061,6.437566653203424e-05,0.006291751284087275,0,0.00013109193760668065,3.3107218077927326e-06
9,20,0.06174793128238859,0.4085569132850351,0.08919252722168061,0.0002644133736169641,0.006298533208895664,0,0.0004949587408156475,1.2949087163111035e-05
9,21,0.06148207318584525,0.3984855977713691,0.08919252722168061,0.0005709049214014307,0.006294080527348538,0,0.001130147063755192,2.8228283580557353e-05
9,22,0.06196799821195558,0.3994059319814797,0.08919252722168061,0.0008320613598474684,0.006293718036990491,0,0.0016048523486014011,4.141323097760238e-05
9,23,0.06,0.3942115402654272,0.08919252722168061,0.0011983022955117757,0.006294472982481781,0,0.002358359723743957,5.816774499916172e-05
9,24,0.06014765993102852,0.3953239314991599,0.08919252722168061,0.0016359051017259198,0.006294767628335352,0,0.003186435287503127,7.948130477042573e-05
9,25,0.061556801707121245,0.39342175830045334,0.08919252722168061,0.0024572434082570167,0.0062914943911813815,0,0.005079168531192837,0.00012250951396194364
9,26,0.0625689355042506,0.4085376911821316,0.08919252722168061,0.0038066000350741717,0.006297155524448093,0,0.007700957330438725,0.00018890383387541704
9,27,0.061520770466970555,0.4119790935771626,0.08919252722168061,0.004825878160428244,0.006300575370118923,0,0.009368344895156725,0.00023436963591183502
9,28,0.06082321802209185,0.41128634896992033,0.08919252722168061,0.005546533026368132,0.006301401206676311,0,0.010873789676216635,0.00026656571421114814
9,29,0.06276995027707781,0.41831034258100885,0.08919252722168061,0.006570989916239005,0.0063015710942567246,1,0.017532936507486385,0.0004519460961979825
9,30,0.06298511645602545,0.4391154013114345,0.08919252722168061,0.007030749509379957,0.006311326054174658,1,0.018470230362523873,0.0004720070155495146
9,31,0.06610436340613256,0.43499361192402564,0.08919252722168061,0.007608274262525141,0.006304123661638933,1,0.022011982796125838,0.0005389786747900157
9,32,0.06478552053587348,0.4635638321419727,0.08919252722168061,0.008962465777292877,0.006320210034584201,1,0.025091625141161773,0.0005997731253604725
9,33,0.06682981880169073,0.4649992196579675,0.08919252722168061,0.009304073678726134,0.006317500628628113,1,0.025365737409481604,0.000641120775220606
9,34,0.06524929174527369,0.4750486402046585,0.08919252722168061,0.009604665327167302,0.006325019975376783,1,0.025484055677217052,0.0006381201930408058
9,35,0.06448351285525115,0.47948784930189575,0.08919252722168061,0.00984793766262967,0.006328454222393533,1,0.026110152048807823,0.0006430646222297547
9,36,0.06706006723774172,0.504611015731859,0.08919252722168061,0.010132128664402775,0.006336372615437282,1,0.02697471572794458,0.0006674313491633844
9,37,0.06788875084114923,0.499591682383959,0.08919252722168061,0.009680686483811369,0.0063325515223874845,1,0.025793831611121948,0.0006494575510235255
9,38,0.06989096074840598,0.5236907504507642,0.08919252722168061,0.009363007873745235,0.006340929330630087,1,0.025736615790612108,0.0006285414590771651
9,39,0.06712571432684923,0.5273576345153284,0.08919252722168061,0.00871264579960282,0.006347320587752955,1,0.02156230404479225,0.0005593601906346685
9,40,0.06920777356857945,0.5355938461624434,0.08919252722168061,0.007456339215132068,0.006347854203011864,1,0.01857052451104724,0.0004889009253528979
9,41,0.06958769855650207,0.550715004661594,0.08919252722168061,0.006532676931572034,0.006354571557857969,1,0.017211828984226497,0.00042337532024715386
9,42,0.0714178435020972,0.5527443310035679,0.08919252722168061,0.005838008217478462,0.0063525077943648815,0,0.011345972480141792,0.0002767309478835571
9,43,0.07282745210639283,0.5608283377059141,0.08919252722168061,0.005017160851180061,0.006354088172171362,0,0.009317858050453355,0.000240342203698301
9,44,0.0741359131874127,0.565554164108006,0.08919252722168061,0.003906548611152856,0.006354204680426234,0,0.007847708531947021,0.00018950965959683538
9,45,0.0749321941528676,0.5629136029127385,0.08919252722168061,0.0026237269743409476,0.0063515939393472215,0,0.005102421584534562,0.00012902143605829637
9,46,0.07255964784405784,0.5776771293315264,0.08919252722168061,0.0020242158269725393,0.006362724897426593,0,0.0037489474011884625,9.484277146849531e-05
9,47,0.07559803366768413,0.5719885811137478,0.08919252722168061,0.0008654834900650497,0.006354895654559129,0,0.0016818237043723764,4.251209676713296e-05
10,0,0.07814609598975591,0.7969414864459182,0.04500812589931395,0.004595008780192822,0.006136332499280261,0,0.007395631293022508,0.0001836649174289875
10,1,0.07718442944045789,0.7891066657847368,0.04500812589931395,0.005858430956139442,0.00613412668348546,0,0.00936488505397072,0.00023285968541044235
10,2,0.07608328177596756,0.7791589030726478,0.04500812589931395,0.0062659685217856635,0.006131126211607901,1,0.013489690771532194,0.0003467096314964302
10,3,0.07552427935514332,0.7666128945070725,0.04500812589931395,0.007028411004904823,0.006125959128145454,1,0.015541414332860508,0.00039034246389080344
10,4,0.07757276290177026,0.7634012786727045,0.04500812589931395,0.007124957919379505,0.006120983786759369,1,0.016739269683506926,0.0004076007309047155
10,5,0.07503353475468923,0.7478438787180255,0.04500812589931395,0.007327135210985226,0.006117653208693202,1,0.016446363614581606,0.0004111496099560474
10,6,0.0728126016831133,0.7378203579714311,0.04500812589931395,0.00678993829302891,0.0061164822190051225,1,0.015093742265799659,0.0003731123807655314
10,7,0.07341719449086062,0.7142691405043465,0.04500812589931395,0.0063471878717152605,0.006104026055834599,1,0.014678068797148842,0.00035941623134152714
10,8,0.07167898942251365,0.6965273919641298,0.04500812589931395,0.00516721331445626,0.006098298603185907,0,0.008425207492690233,0.00020749456103101875
10,9,0.07312903867603186,0.6818579891361738,0.04500812589931395,0.004661621678535666,0.006088750894722008,0,0.008028983876433578,0.00019368450673467295
10,10,0.07174356532477374,0.6758176026179118,0.04500812589931395,0.0038250586623573093,0.006088123717972172,0,0.0061990879450407,0.0001568309972307667
10,11,0.06773642954624975,0.6512335187897083,0.04500812589931395,0.0024827824652815097,0.006082851681297669,0,0.003928601813777793,9.846692233005382e-05
10,12,0.07004371296905652,0.6390154454128262,0.04500812589931395,0.0017557709408815973,0.006073066867701451,0,0.0028851980391408055,7.28951461925148e-05
10,13,0.06583960082057588,0.6209233778028483,0.04500812589931395,0.0010482594127663944,0.006071278966194068,0,0.0016936072847394791,4.167221614531259e-05
10,14,0.07025657930600104,0.6145028071832227,0.04500812589931395,0.0007929646390909401,0.006060796224667153,0,0.0013410277648963056,3.3862597551474206e-05
10,15,0.06711190116079326,0.5967479937433706,0.04500812589931395,1.1377460268407395e-06,0.006057406542820349,0,2.135892153080916e-06,2.5000000000000004e-07
10,16,0.06757204283203792,0.57950681409414,0.04500812589931395,0.0,0.006048258511038787,0,-3.3534670837470616e-07,2.5000000000000004e-07
10,17,0.06943988909796019,0.57121948246901,0.04500812589931395,0.0,0.0060411168699444785,0,-1.6690929261942927e-07,2.5000000000000004e-07
10,18,0.06496299385853696,0.5660408619849319,0.04500812589931395,0.00035410108436704216,0.006046060977052646,0,0.0005830263821613174,1.4726060126103941e-05
10,19,0.06818505679849568,0.5609033981406201,0.04500812589931395,0.0002862082144871524,0.006038193493895064,0,0.0004908348728800907,1.2564021087076824e-05
10,20,0.06860240620159223,0.5689657705815977,0.04500812589931395,0.0007652132382296411,0.006041417120382044,0,0.0013757518217277097,3.349801946938298e-05
10,21,0.06846973058557049,0.5524297597518779,0.04500812589931395,0.0009589074081958744,0.006033599907810967,0,0.0016978618742157137,4.267082925813084e-05
10,22,0.06986628654942192,0.5522139946591679,0.04500812589931395,0.001662103651146784,0.006031167428728925,0,0.002937039489905439,7.548948746763076e-05
10,23,0.06655898449139813,0.5569299399637726,0.04500812589931395,0.0020856779648407917,0.006038972072237592,0,0.003476347805646932,8.9769288219457e-05
10,24,0.06854149381936606,0.5737996443604442,0.04500812589931395,0.002681756072400354,0.0060438684407726935,0,0.004805025484372266,0.00011667395465392121
10,25,0.06914370078548357,0.5766943216738886,0.04500812589931395,0.0037272707499471443,0.006044271897300978,0,0.006542348013596318,0.00016307072195086896
10,26,0.07057026344808166,0.5706928052161406,0.04500812589931395,0.004603941317016497,0.006038976889029687,0,0.008244443832588344,0.0002069316356296285
10,27,0.07054945152261573,0.5760753088212521,0.04500812589931395,0.005768247664393988,0.006041628070380171,0,0.010648578920974615,0.0002576690468008965
10,28,0.07028098321468881,0.6088962620268418,0.04500812589931395,0.006692874331337723,0.006058030147590543,1,0.015871739993926635,0.00040262233582375926
10,29,0.06660194422692692,0.6012840080584095,0.04500812589931395,0.007471384460740111,0.006060461478002158,1,0.0166695704827962,0.00042934870448767764
10,30,0.0714334583965265,0.6309989908832918,0.04500812589931395,0.0080237269326464,0.006066853737703811,1,0.018931428877237484,0.00047951819385883183
10,31,0.07108593955014435,0.6465548233049381,0.04500812589931395,0.008807255132741111,0.006074994798763858,1,0.021086311780460713,0.000515602707701581
10,32,0.0723633485302403,0.6454029854396788,0.04500812589931395,0.008780875519838801,0.006072305862612531,1,0.020487973879918003,0.0005239014337983269
10,33,0.07143301704913373,0.6663876052327843,0.04500812589931395,0.009649151174336755,0.0060840572719249135,1,0.022489876084055217,0.0005565820437650745
10,34,0.07487776383504272,0.6897429555692349,0.04500812589931395,0.00939645621630929,0.006089669322584173,1,0.02148024441661623,0.0005554149426200827
10,35,0.07516833314220166,0.7063511996289689,0.04500812589931395,0.009888599178442939,0.006097258492379056,1,0.022957886061764847,0.0005775847946523745
10,36,0.07530984635595553,0.7211213726153399,0.04500812589931395,0.009618138937308625,0.006104202582224508,1,0.022062582917569715,0.000555122465631555
10,37,0.07698739717852025,0.7385912960059683,0.04500812589931395,0.008996102766104819,0.006109898988057344,1,0.019880566494766595,0.0005223187538070476
10,38,0.077424958120397,0.7386007706563888,0.04500812589931395,0.008479021106610663,0.0061091743255537265,1,0.01960984781780169,0.0004950904102092362
10,39,0.078048970004749,0.7492870585959053,0.04500812589931395,0.00764379203442203,0.006113329029050405,1,0.01735877332921559,0.00044557387692217566
10,40,0.07997325008380345,0.7672716569278604,0.04500812589931395,0.006637424236388325,0.006118864408663348,1,0.015776392280237143,0.00039011461833333657
10,41,0.07965806433905005,0.7674361153140848,0.04500812589931395,0.005464869554831361,0.006119469663286796,0,0.009169935300979726,0.00022848936445983524
10,42,0.08289418828473118,0.7837983152580023,0.04500812589931395,0.004155793035114098,0.006122029970572287,0,0.007282768673851982,0.000178226609043573
10,43,0.07988147823580703,0.7877162245184399,0.04500812589931395,0.003011935769556935,0.0061289556932109844,0,0.004921772654565894,0.00012405119807576304
10,44,0.08102437861232901,0.7877608979506493,0.04500812589931395,0.00228485976330037,0.006127072575501883,0,0.0038780536685218366,9.544815027636496e-05
10,45,0.08113167171058099,0.7947764526302157,0.04500812589931395,0.0009357936132709285,0.006130304092751808,0,0.0016003645315197284,3.890597995946223e-05
10,46,0.08475798606749463,0.7976640031453679,0.04500812589931395,0.0,0.006125663905879595,0,8.818116473362089e-08,2.5000000000000004e-07
10,47,0.0830830364817778,0.8,0.04500812589931395,0.0,0.006129591042549014,0,-1.6226727287697663e-07,2.5000000000000004e-07
11,0,0.07925593574885509,0.5495921102150051,0.08124432543430415,0.009964634653094193,0.006173456373862417,1,0.029975259472664235,0.000733647068213876
11,1,0.07744171068859096,0.5571221113006697,0.08124432543430415,0.010038493335449681,0.00618014049949061,1,0.029375719770404415,0.0007161112129456268
11,2,0.07505210894336295,0.5410775856134069,0.08124432543430415,0.010096416980316651,0.006176323746856904,1,0.027827703963593672,0.0007107241542876952
11,3,0.07279114116308318,0.5265825662499699,0.08124432543430415,0.009620660714663443,0.006173045836522366,1,0.026908796800754198,0.00066783602395677
11,4,0.07656467627784755,0.5144217800330909,0.08124432543430415,0.009124370196135193,0.00616084511803122,1,0.026347207034536628,0.0006757353571748845
11,5,0.07413525895558225,0.511405735122905,0.08124432543430415,0.007959795907785026,0.006163428013959212,1,0.023000614642132634,0.0005728155840931828
11,6,0.0675405238790186,0.5052317140854311,0.08124432543430415,0.007454860673587968,0.006171417978860267,1,0.018903510922129305,0.0004923450512287516
11,7,0.07338149548957702,0.48429661010832564,0.08124432543430415,0.0062751627897969465,0.006151506239520466,1,0.018780757072100068,0.0004617970680651739
11,8,0.07153782407450318,0.4697750040252758,0.08124432543430415,0.005122281604283566,0.006147519911144107,0,0.010777175818931613,0.0002672461918386625
11,9,0.07364335895475749,0.4599750118702386,0.08124432543430415,0.004090888767332765,0.0061392468012683174,0,0.008955574040493132,0.00022244335842484418
11,10,0.07075926427938709,0.4517331608522019,0.08124432543430415,0.0036139651253829326,0.006140047170371279,0,0.007730775837394169,0.00019080894943718807
11,11,0.06789298062827294,0.4524809497908824,0.08124432543430415,0.0025124767966151567,0.00614518781830166,0,0.005163530254873653,0.0001271575391795712
11,12,0.06829198300948741,0.43416403087082395,0.08124432543430415,0.002185826996217896,0.0061356187565246075,0,0.0045810231658963176,0.00011395447581608385
11,13,0.07039504867364273,0.42812892431467897,0.08124432543430415,0.0010953475746380943,0.006129179914730667,0,0.002396221521593223,5.933437062830182e-05
11,14,0.06805671766043231,0.4138958861646722,0.08124432543430415,0.0,0.006126158295096431,0,1.2700975814979735e-07,2.5000000000000004e-07
11,15,0.06860685361850938,0.41151319157020677,0.08124432543430415,0.0,0.006124083147516215,0,-2.0133617961349133e-08,2.5000000000000004e-07
11,16,0.06709816963979827,0.4086029371982484,0.08124432543430415,0.0,0.006125182913827698,0,6.582875630202442e-08,2.5000000000000004e-07
11,17,0.06642201519900755,0.4068278363241016,0.08124432543430415,6.560138267650494e-05,0.006125446941637418,0,0.00013490426667467207,3.4509039114382097e-06
11,18,0.06818291943439299,0.39624265365801337,0.08124432543430415,0.0005541272748670708,0.006117366526337983,0,0.001272900492164676,3.0364079196867054e-05
11,19,0.06461144230257827,0.39241416213470953,0.08124432543430415,0.0006058337136333122,0.006121457915956067,0,0.0012656706959592668,3.1627701083015854e-05
11,20,0.06922355802651585,0.39860747404095237,0.08124432543430415,0.0011859457066097717,0.006116781694148372,0,0.00265174434824129,6.57600065812428e-05
11,21,0.066916533928574,0.3953488462098341,0.08124432543430415,0.001802937169104155,0.006119042679115927,0,0.003823561050890294,9.708041894537897e-05
11,22,0.06843766227386591,0.3978727826152239,0.08124432543430415,0.002036018611957887,0.006117734378737505,0,0.004455283825765883,0.00011172858428694134
11,23,0.06986643120515322,0.3925883331241187,0.08124432543430415,0.003084038754657762,0.006112784267571627,0,0.006968962361373731,0.00017405513315489276
11,24,0.07012917163209717,0.3959753219802537,0.08124432543430415,0.004738127811503189,0.006113992819776231,0,0.01049298015352924,0.0002671423160230711
11,25,0.0703621570069477,0.39356027948183697,0.08124432543430415,0.005392350240645193,0.0061124305318258606,0,0.012789232149516385,0.0003060715917791721
11,26,0.0732760835844715,0.41827504922607733,0.08124432543430415,0.006259902901700847,0.006119588111711215,1,0.01926068877235729,0.0005007248886904983
11,27,0.07362221809052256,0.41513407380367107,0.08124432543430415,0.007228446872859366,0.006117484357815239,1,0.023093263629002922,0.0005834018626595567
11,28,0.07085902979669874,0.4366437925743817,0.08124432543430415,0.007670675811553205,0.006132545784929596,1,0.024086922127906377,0.0005790120315997833
11,29,0.07279752548094225,0.4445496476076688,0.08124432543430415,0.00808222937858704,0.006133158082763704,1,0.024195161195131935,0.0006203399729792685
11,30,0.07241448444517663,0.46006140633087406,0.08124432543430415,0.00877370739011196,0.006141336922758206,1,0.027083616049898316,0.0006566852514222859
11,31,0.07452823622880746,0.47269747390755645,0.08124432543430415,0.009022113158322015,0.0061439565359685975,1,0.02791778650783454,0.0006840482875911822
11,32,0.0711465849717623,0.47525916989710737,0.08124432543430415,0.009114736672123066,0.0061508378902808145,1,0.026707166593937872,0.0006576182379514282
11,33,0.07864897493101457,0.4800534819238548,0.08124432543430415,0.009145829890424064,0.0061406644753617306,1,0.027629997509861053,0.0007251348064420741
11,34,0.07704630357425252,0.5027462510834908,0.08124432543430415,0.009151989671289997,0.006154366801520046,1,0.026110119894199833,0.0006915435772110535
11,35,0.07817282630298032,0.5068665605777687,0.08124432543430415,0.009130264889487275,0.006154492191865217,1,0.027991842491768067,0.0006965637467955373
11,36,0.07777046140787526,0.5225160182212744,0.08124432543430415,0.008967290521628733,0.0061627701752670965,1,0.026087973277594677,0.0006682069158494559
11,37,0.0774093719546696,0.5243082739897769,0.08124432543430415,0.008357874866304498,0.006164243226465462,1,0.02431162180680445,0.0006186146853398744
11,38,0.07980038573794361,0.5367045086189378,0.08124432543430415,0.0076478390634715605,0.006166284150882514,1,0.02266483696959169,0.0005752775590420242
11,39,0.07777167880740408,0.5470257058410791,0.08124432543430415,0.006944486752343734,0.006174682577749732,1,0.020196310538804076,0.0005031643982221305
11,40,0.0824688368620162,0.557908207192821,0.08124432543430415,0.005834766553282749,0.006172144085815808,0,0.013037322969076288,0.0003163315520355004
11,41,0.08165873494453361,0.5555316222016049,0.08124432543430415,0.004843836892886164,0.0061723389713075495,0,0.010327673516955446,0.00026071781611605564
11,42,0.08107046361584172,0.5586081460351727,0.08124432543430415,0.0035066007740201977,0.006174814955941131,0,0.0074731904436685015,0.00018674125336581122
11,43,0.08230199274476775,0.55755853240147,0.08124432543430415,0.0022337538987796065,0.006172252178543204,0,0.004984896212627127,0.00012090485328151888
11,44,0.08367167927424847,0.5666323378103314,0.08124432543430415,0.0005811339608264088,0.006174380245290044,0,0.0012805975415082107,3.1658720255279796e-05
11,45,0.08210220102187933,0.5591691215766855,0.08124432543430415,0.0,0.006173368090041527,0,1.3400185869013433e-07,2.5000000000000004e-07
11,46,0.08494887741658698,0.5538976275248014,0.08124432543430415,0.0,0.006166061097552904,0,4.3028877949060744e-08,2.5000000000000004e-07
11,47,0.08495483232149377,0.5595907198183471,0.08124432543430415,0.0,0.0061688186481318645,0,3.036832741775985e-07,2.5000000000000004e-07
12,0,0.15727138458442264,0.5819039141553106,0.08293349660705182,0.004443478864545513,0.005974612472669069,0,0.0181247065525187,0.0004478518795859973
12,1,0.15826761845448192,0.5744085424777824,0.08293349660705182,0.00556164003008636,0.0059693084994312815,1,0.03246654879562491,0.0007961889259942278
12,2,0.15522407143779668,0.56617096844217,0.08293349660705182,0.0062403397118180725,0.005970376701525113,1,0.03472600463938282,0.0008841109798649114
12,3,0.15804915724585264,0.5470754593186854,0.08293349660705182,0.006064087512489159,0.0059563856860211034,0,0.02716647832577056,0.0006382721117043375
12,4,0.1512389664365456,0.5434437801259526,0.08293349660705182,0.005764625551804914,0.0059659706044290365,0,0.023969474138412494,0.0005829948776261385
12,5,0.15331151636563994,0.531760847713284,0.08293349660705182,0.005336779353388635,0.005956837151291055,1,0.031042880160380145,0.0007762464869353345
12,6,0.14830993102317133,0.5273517899347183,0.08293349660705182,0.004654452020616937,0.005963029834886143,0,0.01923424389376975,0.0004701789747565911
12,7,0.14842363083025928,0.5180681406010693,0.08293349660705182,0.004508086697334779,0.005958327450114918,0,0.018253684582695096,0.00046068904319428573
12,8,0.14520890226830352,0.4944297642685354,0.08293349660705182,0.0032354098729150916,0.00595219445366764,0,0.013278845328533948,0.00033268685031470906
12,9,0.14646971697349576,0.4772818824397114,0.08293349660705182,0.001946277592793978,0.005941757319936641,0,0.008209217748915209,0.00020614124511099527
12,10,0.14150549778288216,0.4667275600612223,0.08293349660705182,0.0009713290249323586,0.005944900445209231,0,0.00399468558297462,0.00010070749627980791
12,11,0.14144671535617895,0.4592798120751509,0.08293349660705182,0.0004025138946919717,0.005941377982871619,0,0.0016499204006152513,4.210920799234237e-05
12,12,0.14389759344098696,0.445959372374559,0.08293349660705182,0.0001318120563702285,0.005930817972320262,0,0.0005642165933608544,1.426994149671656e-05
12,13,0.13977307001244746,0.4453630664136429,0.08293349660705182,9.482680951517901e-05,0.0059374023070812715,0,0.000376866515011587,9.979373969114121e-06
12,14,0.14201359132707864,0.433244791916974,0.08293349660705182,0.0,0.005927777277009895,0,-9.704574441755257e-08,2.5000000000000004e-07
12,15,0.14408247937012594,0.4295434284301138,0.08293349660705182,0.0,0.0059225298563542585,0,-3.3631032255194057e-07,2.5000000000000004e-07
12,16,0.13956181649333504,0.4276741977580333,0.08293349660705182,3.7760437944426916e-05,0.005929155640683316,0,0.00016654188678221578,4.060978803327059e-06
12,17,0.14257015137281778,0.4293254798406268,0.08293349660705182,0.0,0.005924944455785439,0,1.1034734887578377e-07,2.5000000000000004e-07
12,18,0.13963533625379884,0.41947920900905394,0.08293349660705182,0.0002996452582784842,0.0059250494326629,0,0.0014074876892545666,3.2598048566576916e-05
12,19,0.14145300960467672,0.4220509348464721,0.08293349660705182,0.00039855711055204876,0.005923270121582404,0,0.001714770086272659,4.377143779260032e-05
12,20,0.14026208586640015,0.41886806878472893,0.08293349660705182,0.0012122048763461735,0.0059237077679217395,0,0.005258729044729314,0.00013257532610312626
12,21,0.14262306174144035,0.4252070158287778,0.08293349660705182,0.0022208625507898427,0.0059228542407208625,0,0.010076424220958894,0.0002448870365999849
12,22,0.14186866151236785,0.43641562013790264,0.08293349660705182,0.00341092490653504,0.005929560201530697,0,0.014954499540018089,0.00036861387870694044
12,23,0.14322015417609996,0.4464941215010401,0.08293349660705182,0.003682137299934765,0.00593220698525378,0,0.015851034358427402,0.000396476417182093
12,24,0.14590542392827566,0.4579510194079892,0.08293349660705182,0.004371556995351559,0.0059333008610382544,0,0.018801753152672743,0.00047254554936642344
12,25,0.1482539573291775,0.44540735719749996,0.08293349660705182,0.004716243205453619,0.005923289025128874,0,0.019699403195962514,0.0005264125567332146
12,26,0.14972012767609733,0.468469524779288,0.08293349660705182,0.005909956524893282,0.005932056183791822,0,0.025856677754473974,0.0006469017109231658
12,27,0.1494010922212671,0.468788140154203,0.08293349660705182,0.007175873923907257,0.005932742792023789,1,0.047003250313423006,0.0010968752541202626
12,28,0.15114305216969554,0.48594911184951833,0.08293349660705182,0.007981118976703961,0.005938181664461631,1,0.048759274237193916,0.0012082761805916986
12,29,0.1512373484742479,0.5019821080902949,0.08293349660705182,0.008741102596508801,0.005945818321571088,1,0.05249958325537818,0.001298752083310781
12,30,0.15182788406240164,0.4993195306809634,0.08293349660705182,0.008808878994921087,0.005943539787127962,1,0.05386502675515719,0.0013181282400705078
12,31,0.15361608528477003,0.515991244716464,0.08293349660705182,0.008853091105739369,0.005948663757191272,1,0.05271543139522931,0.0013141013657993392
12,32,0.15642725043760794,0.528865555971092,0.08293349660705182,0.009280187107074015,0.00595023682768532,1,0.053253947241227104,0.0013818550987460142
12,33,0.15920160620614324,0.5505250140321846,0.08293349660705182,0.009248179897396529,0.005956141804628569,1,0.0551611648613585,0.0013673985762218696
12,34,0.1588533733916307,0.5464722571430642,0.08293349660705182,0.008966604450370754,0.005954752102498325,1,0.0541069822664025,0.001328911570720895
12,35,0.1590003509023196,0.5642141986405839,0.08293349660705182,0.008263667380986028,0.005963131694875137,1,0.045913400188943916,0.0012018407848573848
12,36,0.16424283789029068,0.5666150891873126,0.08293349660705182,0.007571436934455031,0.0059555613161331785,1,0.04581743767674084,0.0011344672890561244
12,37,0.16179639692942854,0.6017520761268444,0.08293349660705182,0.006374013632306162,0.005976719197496888,0,0.025048838778199113,0.0006470558751796762
12,38,0.16254455423192518,0.5954250487573267,0.08293349660705182,0.006088933654957094,0.005972396630354766,0,0.025064696377156637,0.0006251490653126323
12,39,0.1661987413774937,0.5943029603818916,0.08293349660705182,0.005414700620033863,0.005965760858818538,0,0.02205887222284517,0.0005691024110855346
12,40,0.17090880854262686,0.5980433209653405,0.08293349660705182,0.004323404742559514,0.005959728977715826,0,0.018765780811230332,0.0004654290068916197
12,41,0.17077689939550061,0.6030463426495876,0.08293349660705182,0.0031891134120775734,0.005962380850724212,0,0.013319586427314399,0.000341245083399803
12,42,0.17139674785403333,0.6042061131795271,0.08293349660705182,0.0017303913984191071,0.005961911547300934,0,0.007296492645849996,0.00018560255116167667
12,43,0.17403998405008828,0.5997775911824583,0.08293349660705182,0.00042292433776308316,0.005955353399892266,0,0.0018643443083520787,4.627830916280503e-05
12,44,0.1770292429978786,0.6030186552707798,0.08293349660705182,0.0,0.005951946818911105,0,-1.555956779274665e-07,2.5000000000000004e-07
12,45,0.1744045409682774,0.5858929169465379,0.08293349660705182,0.0,0.005947996310608379,0,-3.8308963857005347e-07,2.5000000000000004e-07
12,46,0.17853107514741517,0.5988938210964433,0.08293349660705182,0.0,0.005947438637604908,0,-7.396049087456174e-08,2.5000000000000004e-07
12,47,0.18,0.5922908944980718,0.08293349660705182,0.0,0.005941780673531948,0,6.195088747465698e-08,2.5000000000000004e-07
13,0,0.16918443136408406,0.35785768948393604,0.07065205960494456,0.007725334536773071,0.006071687534299283,1,0.06483706736613687,0.0015463475054969444
13,1,0.16438913382330927,0.34960576488506867,0.07065205960494456,0.007476083624537915,0.00607566834463168,1,0.0574790051036258,0.0014721570133273004
13,2,0.16235667579689303,0.34354610351146575,0.07065205960494456,0.007268631449203037,0.006076110105952427,1,0.05484580517317189,0.0014266870052551655
13,3,0.16014580000714396,0.3304571593167879,0.07065205960494456,0.0063244397167019645,0.0060734322177295975,0,0.03516459914787677,0.0008924904033731741
13,4,0.16283418118271317,0.3338508837102066,0.07065205960494456,0.005628309063120679,0.0060706013095726714,0,0.03182645156715239,0.00080332404183362
13,5,0.15902950592197992,0.32305050548171216,0.07065205960494456,0.004711062444283114,0.0060716922511461525,0,0.025691713814657725,0.0006679277581500618
13,6,0.15719502169997038,0.3110155145889592,0.07065205960494456,0.004031818480391611,0.006068899382054414,0,0.02259202424463361,0.0005760460455959334
13,7,0.15479632161954246,0.30497375484389266,0.07065205960494456,0.003037476588691722,0.006069960248979054,0,0.01776447029546019,0.00043159181033516816
13,8,0.15704847520316176,0.30596428453183677,0.07065205960494456,0.001369984710699628,0.006066688167160216,0,0.007622592218108504,0.00019717125039171127
13,9,0.15360744160886752,0.2964395760413348,0.07065205960494456,0.0006946466362714611,0.0060677931565233795,0,0.0037681799055300246,9.933692555396311e-05
13,10,0.1510861487302529,0.2873098506201331,0.07065205960494456,0.0004054574655017344,0.006067557250352431,0,0.0023369533398447284,5.791391340545513e-05
13,11,0.15135768840451846,0.27659885710914983,0.07065205960494456,0.0,0.006061897951271927,0,-6.361770984080008e-08,2.5000000000000004e-07
13,12,0.15074224204875164,0.2753446480964885,0.07065205960494456,0.0,0.006062314010261495,0,8.927511067265454e-08,2.5000000000000004e-07
13,13,0.15251260749258552,0.27447383200482,0.07065205960494456,0.0,0.006058940087810543,0,5.916385972051293e-07,2.5000000000000004e-07
13,14,0.15018030930108187,0.2751901050224281,0.07065205960494456,0.0,0.006063175439735498,0,-1.714067444796842e-08,2.5000000000000004e-07
13,15,0.14919039822407806,0.27387259477902576,0.07065205960494456,0.0,0.006064184835162184,0,-7.139883350744647e-08,2.5000000000000004e-07
13,16,0.15267496674749687,0.26254854437860825,0.07065205960494456,0.0008803990796813613,0.006052872474234061,0,0.005404076138151692,0.00013268168506275546
13,17,0.14867153382262208,0.2599085448943515,0.07065205960494456,0.0013648667377095982,0.00605826152935956,0,0.008045776457118974,0.00020125129944112684
13,18,0.14819975981220387,0.2599351270785084,0.07065205960494456,0.0021794530706037035,0.006059060741272,0,0.013029518174282353,0.0003203279781551461
13,19,0.15065833359955544,0.2706777525975776,0.07065205960494456,0.0030768874679049955,0.0060601852279204066,0,0.017553889448113102,0.0004510305089552552
13,20,0.15072826373023307,0.27246656215416043,0.07065205960494456,0.003510146995558014,0.006060938237903726,0,0.020024688383675587,0.0005131654391283528
13,21,0.1557146392230842,0.27815150492022533,0.07065205960494456,0.004575743377526692,0.006055391125926924,0,0.027684752817131664,0.0006842705717796079
13,22,0.15183914183472713,0.2852191631467424,0.07065205960494456,0.0054101594920328575,0.006065285955434298,0,0.03212823014436327,0.0007793873827781989
13,23,0.15379005417998226,0.2846844401758162,0.07065205960494456,0.006917208182217962,0.006061774500081339,1,0.05451924443079901,0.001414305756635428
13,24,0.1562065755004204,0.29409525618609406,0.07065205960494456,0.007613015392296803,0.006062321666774493,1,0.06335250889340725,0.0015560441033007867
13,25,0.16013030444603668,0.2893505201138137,0.07065205960494456,0.008997204023056322,0.006053475649607775,1,0.07437977366747994,0.0019002850669526613
13,26,0.15852906527773994,0.2949490873734685,0.07065205960494456,0.009519696604892857,0.0060588659073061565,1,0.0785199482845481,0.0019718623809013743
13,27,0.16030825826810538,0.30138021335116655,0.07065205960494456,0.009224325666424412,0.006059026827450262,1,0.07417124522815997,0.0019115645944398675
13,28,0.16647749090641,0.3083240619664014,0.07065205960494456,0.009581760020179249,0.006052120255018827,1,0.08346906717127771,0.0020386738075895334
13,29,0.16348338765243295,0.32465094447218695,0.07065205960494456,0.009419711786452166,0.006065047106104657,1,0.07388966974356344,0.0019172176691000132
13,30,0.16527570179894677,0.3259176286724808,0.07065205960494456,0.00988661707961661,0.006062675665124499,1,0.08129514724437863,0.002030242897456106
13,31,0.16723240322610072,0.33631641860454037,0.07065205960494456,0.009956630455352536,0.006064469463407326,1,0.08423881708249555,0.0020354808484544765
13,32,0.16856813300069062,0.3437406295564947,0.07065205960494456,0.009955312760006756,0.006065852238551321,1,0.0819164587056043,0.0020281834911097672
13,33,0.17075884971087057,0.3424663766891927,0.07065205960494456,0.008839591264320648,0.006061581615557194,1,0.07461857672105385,0.001827841004488354
13,34,0.17455320841094973,0.3500846530325867,0.07065205960494456,0.008104844563511286,0.006058961013168434,1,0.06970892875454893,0.0016934219747472075
13,35,0.17454018420217557,0.35488452327353154,0.07065205960494456,0.007386681783410415,0.006061315990439072,1,0.06304988471401167,0.0015321552502953269
13,36,0.17677694185443912,0.3594171400668289,0.07065205960494456,0.006397984409264873,0.006059791416404264,1,0.054437667356237535,0.001335028833987884
13,37,0.17935731311841116,0.3769054399807629,0.07065205960494456,0.005673284831662376,0.006063992054533584,0,0.03255314199795554,0.000836240393007775
13,38,0.18,0.3703329231055156,0.07065205960494456,0.004760212212543276,0.006059725936249913,0,0.027794658132327763,0.0007109111075274323
13,39,0.18,0.3860708494868849,0.07065205960494456,0.0034037132488889776,0.006067376317129745,0,0.01947810285754764,0.0004969429684112869
13,40,0.18,0.37140909437937936,0.07065205960494456,0.002031656320631468,0.006060249075063596,0,0.012167198226088978,0.00030294121597471667
13,41,0.18,0.38026586382406175,0.07065205960494456,0.0006084358941395987,0.006064554449099206,0,0.003531131381149996,8.957074221657555e-05
13,42,0.18,0.3825423739863764,0.07065205960494456,0.0,0.006065661085983665,0,-2.0161311059269658e-07,2.5000000000000004e-07
13,43,0.18,0.3769450566501613,0.07065205960494456,0.0,0.006062940167834116,0,-6.376874447940603e-07,2.5000000000000004e-07
13,44,0.18,0.3738518262915896,0.07065205960494456,0.0,0.006061436514187587,0,1.83723361474741e-08,2.5000000000000004e-07
13,45,0.18,0.37358050977378493,0.07065205960494456,0.0,0.006061304624213655,0,-6.10795822019753e-08,2.5000000000000004e-07
13,46,0.18,0.35773646088542216,0.07065205960494456,0.0,0.006053602656004034,0,-1.9574005790418496e-07,2.5000000000000004e-07
13,47,0.18,0.3600935337522767,0.07065205960494456,0.0,0.00605474845531431,0,3.2402971093438574e-07,2.5000000000000004e-07
14,0,0.07906782978022116,0.11833487664338951,0.03932472350504158,0.009848575284013334,0.006055118029860658,1,0.05777527630718443,0.0014431462228224725
14,1,0.08237664443997908,0.116456996845859,0.03932472350504158,0.008893984936432753,0.006048690480526151,1,0.05475717064608077,0.0013644585170130691
14,2,0.08076998942178025,0.1088082988905785,0.03932472350504158,0.007459963665752737,0.006047650121828221,1,0.04639029920047094,0.0011450550592112384
14,3,0.07907872951793397,0.11390986142329582,0.03932472350504158,0.006137127334400401,0.006052948814565813,1,0.036137381739751034,0.0009098805434472621
14,4,0.07780047418873015,0.11727395122694255,0.03932472350504158,0.005116066092442562,0.006056714561546815,0,0.021423019237717757,0.000528354201113374
14,5,0.0767678019682919,0.1111435099274766,0.03932472350504158,0.003707860740798292,0.006055455606282527,0,0.015421871924324182,0.0003839816089894519
14,6,0.07752410050682158,0.10970808422566398,0.03932472350504158,0.002590490773245237,0.006053497332335485,0,0.01074410687228066,0.00027194818738731795
14,7,0.0799680973611292,0.10967433749787812,0.03932472350504158,0.0018197453767190735,0.006049407599585633,0,0.007816255515713494,0.00019707606338865025
14,8,0.0768202889072979,0.1011061647059742,0.03932472350504158,0.0007462626374951526,0.006050488863012619,0,0.0031888594809491807,7.945956928964048e-05
14,9,0.07254093694924224,0.09774729846053987,0.03932472350504158,0.0008049749127207857,0.006055988334073404,0,0.003278441620502108,8.169064194305329e-05
14,10,0.07275256912957521,0.09145057122750534,0.03932472350504158,0.0003314033102246123,0.0060525747047012355,0,0.0014373360338101485,3.4331289747518906e-05
14,11,0.07400401466458284,0.08944825272451247,0.03932472350504158,0.0,0.006049515612870601,0,6.309045447141133e-08,2.5000000000000004e-07
14,12,0.07276012827020371,0.09622044657833811,0.03932472350504158,0.0,0.006054880795540176,0,1.4744423258791424e-07,2.5000000000000004e-07
14,13,0.0732141199375707,0.08877670310838685,0.03932472350504158,0.0,0.006050505656352227,0,3.521039109679162e-07,2.5000000000000004e-07
14,14,0.07451554121827554,0.08485600761679307,0.03932472350504158,0.0,0.006046430727242639,0,-3.9822146524700957e-07,2.5000000000000004e-07
14,15,0.07314471854633832,0.09951278594037122,0.03932472350504158,0.00047890126172081034,0.0060558402544920505,0,0.001961455197540425,4.87655016762188e-05
14,16,0.07614419839901954,0.10337686341664319,0.03932472350504158,0.001362334942485448,0.006052719492399659,0,0.005974894324093005,0.00014289002929114604
14,17,0.07528264479729037,0.10157197235342108,0.03932472350504158,0.00202659108207226,0.006053278037469031,0,0.008429207110137504,0.00021119544643026647
14,18,0.07626652622679554,0.08065993082581827,0.03932472350504158,0.0023104011030384425,0.006041472659343937,0,0.010270207017430984,0.000258862097166353
14,19,0.0756005188493991,0.08697478739669523,0.03932472350504158,0.0030796551961926643,0.0060456523935837735,0,0.01347956879711552,0.00033579444434527877
14,20,0.07613156084926051,0.10342422896640238,0.03932472350504158,0.00412189545075314,0.006052763579902612,0,0.017253053511317454,0.00043220209680756296
14,21,0.07895974128280407,0.09374178361112423,0.03932472350504158,0.0051307762556966775,0.00604334320157678,1,0.032573591119793306,0.0008023954219234267
14,22,0.07667721108950337,0.10054837038607814,0.03932472350504158,0.006249724948729582,0.006050456176025661,1,0.03848489347183588,0.0009313214215364217
14,23,0.07841722146744376,0.09927166654865152,0.03932472350504158,0.007360856627533355,0.006046935538808123,1,0.046183816030287504,0.001125746971901447
14,24,0.07834759755314487,0.10448613301063,0.03932472350504158,0.008443113115925372,0.0060495863887509715,1,0.04996748790298792,0.0012718248203901555
14,25,0.07833352121957568,0.11440988704708058,0.03932472350504158,0.009216461529150866,0.006054433896407973,1,0.052762039663057966,0.0013517622426675669
14,26,0.08094926643908475,0.10714477009313111,0.03932472350504158,0.009125681362948824,0.006046542666967288,1,0.055101549272857986,0.0014101215636564692
14,27,0.08265670849626505,0.1072685830044183,0.03932472350504158,0.00923869356122408,0.006043757117037196,1,0.05842112762218081,0.0014572106770684454
14,28,0.08150133405480152,0.11116877114252247,0.03932472350504158,0.008997316088313138,0.006047578665895658,1,0.05771283561733034,0.001384791854107015
14,29,0.08196092187044095,0.1253286614557635,0.03932472350504158,0.009334135062187802,0.006053695966216307,1,0.05242224279987528,0.001392586081868335
14,30,0.08336988420574765,0.12360893973096446,0.03932472350504158,0.008554573434821444,0.006050511719819018,1,0.05143409072758675,0.0013039167861146393
14,31,0.08394794117501947,0.11607775176457778,0.03932472350504158,0.00871402371821448,0.006045887297386572,1,0.053374986709276845,0.0013637001178613928
14,32,0.08591635433582326,0.12247727614840875,0.03932472350504158,0.0076972831063662865,0.006045717488694039,1,0.048515402607412966,0.00121258519516652
14,33,0.08654487286957809,0.11928625270213952,0.03932472350504158,0.007286647106050227,0.0060431187658514,1,0.04573704083251445,0.0011658309687967202
14,34,0.08870071591900036,0.1322018839704075,0.03932472350504158,0.0067888118958924016,0.006045804125968882,1,0.04260415476247947,0.0010773661554871596
14,35,0.087488362587919,0.11828082708352329,0.03932472350504158,0.006124474785051203,0.006041057534422893,1,0.03862800056914868,0.0009931553097159887
14,36,0.08880008584517013,0.1324493451652391,0.03932472350504158,0.005066560736275736,0.006045758803061642,0,0.023064991866469826,0.0005746110464180137
14,37,0.0916380407888161,0.1324438984553071,0.03932472350504158,0.0035773744833980563,0.0060410262304493485,0,0.016681516315630394,0.0004186907904213228
14,38,0.09173925573797771,0.12663932980851575,0.03932472350504158,0.002640767907675534,0.006038035873553,0,0.012693873049978217,0.0003139470215254975
14,39,0.0929925396097828,0.14135814949204226,0.03932472350504158,0.0019125615412838824,0.0060431020488905945,0,0.00907965027450163,0.00022224253186244568
14,40,0.09089126802188176,0.14308226596038714,0.03932472350504158,0.000946225309336007,0.006047442280375875,0,0.0043187855957414045,0.00010702216175124913
14,41,0.09212306203516629,0.14074829407430947,0.03932472350504158,0.0,0.006044254720686891,0,2.840961695000602e-07,2.5000000000000004e-07
14,42,0.09313076859182773,0.12612842529648244,0.03932472350504158,0.0,0.006035468329103235,0,-1.6025856595704666e-07,2.5000000000000004e-07
14,43,0.09521617918295011,0.1266732921896712,0.03932472350504158,0.0,0.006032257510635552,0,-1.8615243353409328e-07,2.5000000000000004e-07
14,44,0.09456485424200281,0.13806648575415803,0.03932472350504158,0.0,0.006038881410186534,0,9.991578956228241e-08,2.5000000000000004e-07
14,45,0.09566674131978871,0.12111360421897059,0.03932472350504158,0.0,0.006028803947643953,0,-6.626301640269809e-08,2.5000000000000004e-07
14,46,0.09275464283350618,0.12725921887767264,0.03932472350504158,0.0,0.006036644896691293,0,2.6231450155645e-07,2.5000000000000004e-07
14,47,0.09467708356412606,0.1174007873219733,0.03932472350504158,0.0,0.006028648535689573,0,-2.461263684138822e-07,2.5000000000000004e-07
15,0,0.06405422474016541,0.43788529931232206,0.06423008819025651,0.004643940112329308,0.005934804359108473,0,0.008977593454130637,0.00022412671428791088
15,1,0.06475218868371554,0.4403182674878646,0.06423008819025651,0.004240650213224949,0.0059348237787323335,0,0.008245057709117208,0.00020623642703188492
15,2,0.06282000297100687,0.43459004560517145,0.06423008819025651,0.00362272810887506,0.005935259535949428,0,0.006911572375082274,0.00017221505466109854
15,3,0.06347596006614738,0.42186527050457395,0.06423008819025651,0.0028550954463855546,0.005927980619561403,0,0.0057058967231511494,0.0001394789977252321
15,4,0.06329534344721877,0.40183380795015816,0.06423008819025651,0.0020622336297492945,0.00591854413074011,0,0.004097209836327902,0.00010323882233722474
15,5,0.06335039582903303,0.3938712566571591,0.06423008819025651,0.001244537495638292,0.005914581692114101,0,0.002637105311311555,6.305342961820213e-05
15,6,0.0605620281872164,0.4022614817503302,0.06423008819025651,0.0011144616733469344,0.005923307553159642,0,0.0021044686191689557,5.335092199286729e-05
15,7,0.0617245208477339,0.3699194561929424,0.06423008819025651,0.0004955952277177919,0.0059056482474128275,0,0.0010132677259873434,2.5317115285914392e-05
15,8,0.06,0.3776721280925325,0.06423008819025651,0.0001492526432598006,0.005912291108776907,0,0.00028144745824650665,7.328614484847571e-06
15,9,0.06,0.36214739607649227,0.06423008819025651,9.095269461945261e-05,0.005904744364046887,0,0.00018323308778480312,4.568295050465381e-06
15,10,0.060582939109551516,0.35022043088849136,0.06423008819025651,0.0,0.005897974968564579,0,-1.6469854263844965e-07,2.5000000000000004e-07
15,11,0.06,0.3548677765530881,0.06423008819025651,0.0,0.0059012056601119,0,-5.17549990805591e-08,2.5000000000000004e-07
15,12,0.06,0.3518200292896189,0.06423008819025651,0.0,0.0058997241163032685,0,-1.390675680411425e-07,2.5000000000000004e-07
15,13,0.061362503264459606,0.3555828748406529,0.06423008819025651,0.0005804992391647476,0.005899282438560922,0,0.0012589975364653496,3.011145424866119e-05
15,14,0.06,0.3435353930918573,0.06423008819025651,0.0001376361742615683,0.005895696862596023,0,0.000289490642523082,7.109184660112452e-06
15,15,0.06,0.35637524801040704,0.06423008819025651,0.0007115924608618047,0.005901938458736985,0,0.0014244951078889814,3.6049170164416906e-05
15,16,0.06160061663195711,0.34356747576543584,0.06423008819025651,0.0017108236396214999,0.005893044763953528,0,0.0036463766981902047,9.072040228008641e-05
15,17,0.06144140761404127,0.3332458587684786,0.06423008819025651,0.0025454186024024784,0.005888292659609867,0,0.0053764422571905834,0.000136787798186702
15,18,0.06141269308865296,0.3603261504079211,0.06423008819025651,0.0030966080971737346,0.0059015045478102435,0,0.006278668765804802,0.0001596258147552187
15,19,0.06255671894539498,0.3527471138673835,0.06423008819025651,0.004544050277027919,0.0058959135841751345,0,0.0098876707241093,0.0002413185032908734
15,20,0.06382479469385889,0.3628710475873861,0.06423008819025651,0.0056968028823263924,0.0058987214812638075,1,0.017357463176159108,0.0004256685388768721
15,21,0.06347127520492335,0.3763963530087393,0.06423008819025651,0.006889826013634562,0.0059058854816585234,1,0.020057099338396108,0.0005019505276002961
15,22,0.06568255426774323,0.38574944654334176,0.06423008819025651,0.007603064568554163,0.0059067466592442565,1,0.02309755815545633,0.0005655839762033832
15,23,0.061453186755613495,0.38109898318109947,0.06423008819025651,0.008314404001602663,0.005911534963185604,1,0.024108410719022328,0.0005825254568792594
15,24,0.06260078842180974,0.3996778094817836,0.06423008819025651,0.008816214390428661,0.00591865366763811,1,0.025155746961573605,0.000612945493461553
15,25,0.06523674180711739,0.41380171718290987,0.06423008819025651,0.009405882926077028,0.005921126200461756,1,0.02621162789628071,0.0006683838861134933
15,26,0.06467124996086478,0.4217421909367935,0.06423008819025651,0.009521681537911383,0.005925928639391426,1,0.026643480131601092,0.0006635956983377738
15,27,0.06696851266542173,0.42725978340396636,0.06423008819025651,0.009454012306238931,0.00592478203122204,1,0.02705109835017023,0.0006772733748802804
15,28,0.0677619344896777,0.4425806041433707,0.06423008819025651,0.010121410159659817,0.005930907282707712,1,0.030078136172316573,0.0007190414024164638
15,29,0.06505814847869287,0.44695051772254457,0.06423008819025651,0.010271262959786608,0.005937537856271453,1,0.02814672815824755,0.0006966159783634259
15,30,0.06746219270331731,0.45869157520988274,0.06423008819025651,0.009715609128706629,0.005939238574397868,1,0.02779044875017089,0.000673083218898403
15,31,0.06952828112382993,0.46839717446996504,0.06423008819025651,0.009085163803213614,0.0059405130933373315,1,0.02561085330279367,0.0006407935839484449
15,32,0.06908993131456166,0.4778629896340163,0.06423008819025651,0.00854359910880597,0.005945845114279747,1,0.023642980593396996,0.0005917887617892509
15,33,0.07354161952889875,0.48381782516323607,0.06423008819025651,0.0075182052172158825,0.005941320345638113,1,0.021333817670126674,0.0005502710914130277
15,34,0.0706359282105428,0.48911531319681056,0.06423008819025651,0.007005312461792884,0.005948738332296137,1,0.019479574204094012,0.0004892986248956328
15,35,0.07089609556252822,0.4994867035559999,0.06423008819025651,0.005228624239090952,0.0059533463681341004,0,0.010227321005697874,0.0002585608824383219
15,36,0.07102861112092058,0.48127487401639485,0.06423008819025651,0.003912073480488016,0.005944272536177251,0,0.007717216041095817,0.0001981513925307894
15,37,0.07250024541920606,0.5026259147025752,0.06423008819025651,0.0026125301210907243,0.005952198790458113,0,0.005093574524627172,0.00013162015845321083
15,38,0.07743240776996012,0.4959218970700887,0.06423008819025651,0.0015628138396911089,0.0059407196224132855,0,0.003373158759385119,8.477038053406814e-05
15,39,0.0738995547955431,0.5010473606171505,0.06423008819025651,0.0008703765192556819,0.005949099255483803,0,0.0018482586285565254,4.478062222146478e-05
15,40,0.07702456451944431,0.49206854976985576,0.06423008819025651,0.0,0.005939526206226531,0,-2.5793760276319413e-07,2.5000000000000004e-07
15,41,0.07613739075215756,0.4942665518406502,0.06423008819025651,0.0,0.005942073302400868,0,-9.668541678514139e-09,2.5000000000000004e-07
15,42,0.07475125231672423,0.4858712379824527,0.06423008819025651,0.0,0.005940302477778855,0,-7.823830659395348e-08,2.5000000000000004e-07
15,43,0.07644349610392137,0.49267757493158354,0.06423008819025651,0.0,0.005940790707483799,0,4.0622331218925156e-07,2.5000000000000004e-07
15,44,0.07926989214233225,0.4741723834121865,0.06423008819025651,0.0,0.005927084468208963,0,-1.6010111807349778e-07,2.5000000000000004e-07
15,45,0.07766373749041551,0.4588943556648724,0.06423008819025651,0.0,0.005922334573584991,0,3.5860954147898287e-07,2.5000000000000004e-07
15,46,0.07718083515530762,0.46648475856327465,0.06423008819025651,0.0,0.005926829189996894,0,-3.9327421440522317e-07,2.5000000000000004e-07
15,47,0.07769274386634285,0.4481685542876429,0.06423008819025651,0.0,0.005917072298400069,0,-1.9666428472996102e-07,2.5000000000000004e-07
16,0,0.06952954012123763,0.10487116659855922,0.049702804077111896,0.00992491729674318,0.006054883736976092,1,0.05390510776081974,0.001332128474297195
16,1,0.07280935952095746,0.10472748734426765,0.049702804077111896,0.008663409583743405,0.0060493475272279445,1,0.046973936554966386,0.0012181341952201277
16,2,0.06914527042327859,0.10644264612438711,0.049702804077111896,0.006911878859680379,0.006056288100131079,1,0.03690555506977927,0.0009186771450695089
16,3,0.0712593666533812,0.10027769551218679,0.049702804077111896,0.00550125596380345,0.006049767755422199,0,0.022960068731594247,0.0005473639503835177
16,4,0.06875560258253714,0.10077598278119693,0.049702804077111896,0.004936703973570589,0.006054182918518263,0,0.01898597535435654,0.0004732844195331144
16,5,0.07226180900212759,0.09510620558781172,0.049702804077111896,0.0036982117620133065,0.006045583099461051,0,0.015202447497746081,0.00037854021969005165
16,6,0.06759275361854485,0.0840902893416809,0.049702804077111896,0.0026935812601351352,0.0060480098991473755,0,0.010209336424291953,0.00026614180792659006
16,7,0.06583423016796014,0.09745453583802344,0.049702804077111896,0.001670761754440312,0.006057437280278515,0,0.0060049037207217226,0.00015478572235014783
16,8,0.06814585093473909,0.08930731420839853,0.049702804077111896,0.0009633553900345978,0.006049624124041706,0,0.00375332591054992,9.452956135317217e-05
16,9,0.06775560116676382,0.08620689918020293,0.049702804077111896,0.0003154132145108849,0.006048767394127403,0,0.0012424602063736934,3.104841019446888e-05
16,10,0.06523886438349208,0.08848554301640128,0.049702804077111896,0.0003296526726187832,0.006054069629519897,0,0.001208185062323551,3.1040374927624674e-05
16,11,0.07143044910005736,0.08766878115382971,0.049702804077111896,0.00042318158776554794,0.006043353284642426,0,0.0018421206375960329,4.37313732428266e-05
16,12,0.06549582790939702,0.08914310886619692,0.049702804077111896,0.00038020926196706903,0.006053961007042594,0,0.001419203139031422,3.587418566236157e-05
16,13,0.0634537703187701,0.08504250094532077,0.049702804077111896,0.0011710259625688137,0.006055371085287658,0,0.004363723100379292,0.00010831878413101034
16,14,0.06768830333428438,0.09343301234691224,0.049702804077111896,0.0018440100187474405,0.006052392251082019,0,0.006727144194572919,0.0001776359449907529
16,15,0.06921656924529686,0.09370148684291267,0.049702804077111896,0.00280786535524668,0.006049975649665887,0,0.011620218260499896,0.0002763832742565118
16,16,0.06756556082713076,0.0838313213090585,0.049702804077111896,0.003390785403338343,0.006047929333228318,0,0.012923900761340736,0.00033514788315781147
16,17,0.06875970396194557,0.09408185874355186,0.049702804077111896,0.0038281928394334054,0.006050921994812062,0,0.014645266157922401,0.0003739282464796382
16,18,0.07216904645072589,0.0861394967009517,0.049702804077111896,0.004646677124176002,0.006041378886893385,0,0.019431627982023532,0.0004872955110271151
16,19,0.0689905837076065,0.0898350523199484,0.049702804077111896,0.005708154792251577,0.006048472775446708,0,0.022692760296892902,0.0005662032047540417
16,20,0.06791308147549348,0.0884630045042172,0.049702804077111896,0.006335268609763778,0.0060496016448120275,0,0.023016942173205667,0.0006210270457305306
16,21,0.0696701329687194,0.08706571670126301,0.049702804077111896,0.007470540096297653,0.006045993988530214,1,0.040661237514524565,0.0010560000743631373
16,22,0.07031755458983803,0.10162568791158418,0.049702804077111896,0.008393083042427796,0.006051992716277811,1,0.04549262271156363,0.0011494165172592117
16,23,0.07114850086786335,0.11170092992166725,0.049702804077111896,0.00825132138113876,0.00605550549290267,1,0.0431252957830436,0.0011127237831615603
16,24,0.07416117494938064,0.11524218341958439,0.049702804077111896,0.008775294225033488,0.006052205812106074,1,0.04904999483544192,0.0012220322310476034
16,25,0.07232834272104337,0.10815957979941174,0.049702804077111896,0.00881945054454811,0.006051817600171275,1,0.048947287791094626,0.0012205313814829043
16,26,0.07315554238998562,0.10791060116633719,0.049702804077111896,0.008981182115265886,0.0060503179027764035,1,0.05136994010578223,0.0012579684566189485
16,27,0.07536648525508718,0.10734907130625927,0.049702804077111896,0.008763168162242551,0.00604636003209703,1,0.04967089738993824,0.001266436985082065
16,28,0.07851156345979785,0.11127848190443639,0.049702804077111896,0.008669402785216329,0.006043028365241071,1,0.051981850048414026,0.0012915392730298721
16,29,0.0778961248994047,0.1230123372528384,0.049702804077111896,0.00840229159910277,0.006049758053636088,1,0.04904697313705904,0.0012045431694206316
16,30,0.07963303816088829,0.10910464372682387,0.049702804077111896,0.0076218089824171865,0.006040102513847358,1,0.04540502269211582,0.0011583804928596262
16,31,0.08068285557687412,0.1163677610410983,0.049702804077111896,0.0070182541001095255,0.00604188350018182,1,0.04257666783113109,0.001060170944122314
16,32,0.08171986631695992,0.12644184911727285,0.049702804077111896,0.005824940972448081,0.006045052275096485,1,0.03552670684872859,0.0008684394947515334
16,33,0.08003322221009049,0.11880883281993876,0.049702804077111896,0.004197191584858426,0.006044152854574507,0,0.01820989195164834,0.0004463843131137647
16,34,0.08099031000387055,0.12547780715177384,0.049702804077111896,0.0027167186453108923,0.00604579957077396,0,0.011527835276982725,0.0002874292285942043
16,35,0.0816058568293911,0.13382512288781254,0.049702804077111896,0.0016599660119129538,0.006048831382325334,0,0.0071359283258517064,0.0001732970867728268
16,36,0.08049921676376984,0.12127382278718392,0.049702804077111896,0.0005258983828825513,0.006044574455996897,0,0.0022041072711839423,5.589979007479299e-05
16,37,0.08348677611330833,0.11728903876194634,0.049702804077111896,0.0,0.006037658142624287,0,7.518499173752186e-08,2.5000000000000004e-07
16,38,0.08199680755789057,0.13597562761142473,0.049702804077111896,0.0,0.006049225182018479,0,-6.255436522457486e-09,2.5000000000000004e-07
16,39,0.08123769571903668,0.12426948405258624,0.049702804077111896,0.0,0.006044799881964357,0,-1.601489365764231e-07,2.5000000000000004e-07
16,40,0.08538527295613361,0.1263819338631909,0.049702804077111896,0.0,0.006038914138560461,0,3.046897489329608e-07,2.5000000000000004e-07
16,41,0.08131731848354774,0.11612915440955995,0.049702804077111896,0.0,0.006040710072669256,0,2.1057671058943456e-07,2.5000000000000004e-07
16,42,0.08748651870988758,0.12197899054146889,0.049702804077111896,0.0,0.006033271742633923,0,3.8747341247925516e-07,2.5000000000000004e-07
16,43,0.0866032905908113,0.1266323304686443,0.049702804077111896,0.0,0.006037005829741426,0,-1.0716375736605623e-07,2.5000000000000004e-07
16,44,0.08440268319703016,0.11868656904421783,0.049702804077111896,0.0,0.00603681098581641,0,1.109181132391297e-07,2.5000000000000004e-07
16,45,0.08777859654317427,0.11538204456146127,0.049702804077111896,0.0,0.0060295780975048304,0,-2.537556788103163e-07,2.5000000000000004e-07
16,46,0.08489054344310148,0.10291746750963171,0.049702804077111896,0.0,0.006028332349938091,0,3.7642999246036867e-07,2.5000000000000004e-07
16,47,0.08750297128758376,0.11555031440329255,0.049702804077111896,0.0,0.006030119270770594,0,-3.3054577475803686e-07,2.5000000000000004e-07
17,0,0.1582681513118211,0.5275836268156177,0.07207595195398511,0.002146085879264786,0.005895628261027502,0,0.008854910252007417,0.00023008004525243355
17,1,0.15874393312582527,0.5064259309265695,0.07207595195398511,0.0014835759717907334,0.0058845503002803185,0,0.006469008965715236,0.0001635349010558198
17,2,0.15569667662275122,0.5068511213769327,0.07207595195398511,0.000655552239081276,0.005889835750921035,0,0.0029296464558834123,7.083874411653559e-05
17,3,0.1547946080441729,0.48111095604667947,0.07207595195398511,4.218905383319304e-05,0.005878826618183126,0,0.00018510493043798,4.675709531386676e-06
17,4,0.15171986283770583,0.47697445803411354,0.07207595195398511,0.0,0.00588194039588224,0,1.1314111139280048e-07,2.5000000000000004e-07
17,5,0.15190158137547502,0.4609618698780921,0.07207595195398511,0.0,0.005873853634632337,0,3.551630224158576e-07,2.5000000000000004e-07
17,6,0.15147721582656376,0.4638935292730274,0.07207595195398511,0.0,0.00587598602275306,0,4.754191182952174e-07,2.5000000000000004e-07
17,7,0.14880532095651156,0.4534923045410165,0.07207595195398511,0.00023760380098475397,0.00587538302995842,0,0.0010244162962299826,2.6206397831237018e-05
17,8,0.15062226961688474,0.45755486391253164,0.07207595195398511,5.474026509181427e-05,0.005874329637441173,0,0.0002473661366865298,6.0796864137152085e-06
17,9,0.15240358513528532,0.43464247896059777,0.07207595195398511,0.0005102637603731527,0.005860222813336649,0,0.0021987787570285524,5.90670031986777e-05
17,10,0.14924077996538698,0.44482519483066124,0.07207595195398511,0.0005979822766431246,0.005870444086612204,0,0.002680769538034323,6.688939766464815e-05
17,11,0.15286344262574839,0.4280216477099084,0.07207595195398511,0.001504211786220495,0.005856237924550125,0,0.007102768178890559,0.00017618519340592572
17,12,0.15062032367503572,0.44008753241194914,0.07207595195398511,0.0018909495898727766,0.005865841816753694,0,0.008799432103371042,0.00021479308608946836
17,13,0.1510413363644,0.43841665323349466,0.07207595195398511,0.0024451537218609033,0.005864327896004115,0,0.010890529766413054,0.00027913018511169685
17,14,0.1495350756615481,0.4512926387233654,0.07207595195398511,0.0029290515784631743,0.005873097490122,0,0.012820521425048307,0.00032555893925553044
17,15,0.15212196417642643,0.4484022755276622,0.07207595195398511,0.0038453611041812693,0.0058673809715992925,0,0.017267663577851724,0.0004364183421428909
17,16,0.15170044385787038,0.4604865615207051,0.07207595195398511,0.0044114115669454034,0.005873957811154615,0,0.019661813366728564,0.0004916247956885722
17,17,0.15535400900935817,0.45991147342901084,0.07207595195398511,0.005198075371435126,0.005867588979190895,0,0.023706299051895936,0.0005936777815499446
17,18,0.15472511085986496,0.4784709063050234,0.07207595195398511,0.0060120133927821584,0.005877659089310335,1,0.03784948896854447,0.0009354344632145824
17,19,0.15977740836539714,0.4853887899343732,0.07207595195398511,0.0067423490278104795,0.005872601453565381,1,0.04161935694157576,0.0010741588126361114
17,20,0.15901168795464618,0.4973842381202935,0.07207595195398511,0.007441825817022457,0.005879708774895899,1,0.045751333220115,0.0011628769157323077
17,21,0.15747810023945158,0.5090174893053265,0.07207595195398511,0.00834282788840235,0.005887919807080614,1,0.049098440044182484,0.0012732983549458617
17,22,0.16258981775758283,0.5116940241290783,0.07207595195398511,0.00843863354954265,0.005880701371200831,1,0.05390740380452414,0.0013255265326992168
17,23,0.16469400422756172,0.5307898489187716,0.07207595195398511,0.008772538299729935,0.005886477086356968,1,0.055895037069670236,0.0013650981509085777
17,24,0.1652976846133699,0.5430408476143407,0.07207595195398511,0.00871243001424106,0.005891426298968745,1,0.052690962455662696,0.0013418145396747931
17,25,0.16809284714299852,0.5551587375765259,0.07207595195398511,0.008932714749900218,0.005892658335706537,1,0.05443812052087177,0.0013800745154933403
17,26,0.1684112886976582,0.571993165074464,0.07207595195398511,0.00913295790776128,0.005900311002038045,1,0.05735169891206867,0.001387646868924299
17,27,0.16982506506425046,0.5703186358275347,0.07207595195398511,0.009135017469291722,0.005897140700820912,1,0.057942118393811935,0.0014021779776457611
17,28,0.17275289015636391,0.5873560125526406,0.07207595195398511,0.008124548137460781,0.005900543050464317,1,0.05195909605747346,0.0012453612237910935
17,29,0.17360991967635608,0.5934823862888181,0.07207595195398511,0.0071657103129539055,0.005902092766274972,1,0.044358871660371516,0.0010966292093512729
17,30,0.17435844120641292,0.6046225535047111,0.07207595195398511,0.005907608006324988,0.005906260589454824,1,0.03609800278536775,0.0008973455744896355
17,31,0.17919226662769686,0.6131107779186371,0.07207595195398511,0.004901172803322147,0.005902330433953899,0,0.02249943325625763,0.0005416745839697121
17,32,0.18,0.6205877260767738,0.07207595195398511,0.004154091586052945,0.005904618839243599,0,0.018699760232277443,0.00045761509539652464
17,33,0.18,0.6241606136645842,0.07207595195398511,0.002841687138641227,0.005906355659598784,0,0.012663304180851143,0.0003118899900771041
17,34,0.18,0.6186195302020804,0.07207595195398511,0.001784529634856854,0.005903662077360067,0,0.008006283593733524,0.00019698433609862976
17,35,0.18,0.6365490512276938,0.07207595195398511,0.0007300296914295946,0.005912377816747518,0,0.0030791368082753153,7.911709455711425e-05
17,36,0.18,0.62769362027064,0.07207595195398511,0.0,0.005908073093365617,0,2.9151976722107794e-07,2.5000000000000004e-07
17,37,0.18,0.6365130916506719,0.07207595195398511,0.0,0.005912360336397577,0,-2.1068972923586915e-07,2.5000000000000004e-07
17,38,0.18,0.6188583594285132,0.07207595195398511,0.0,0.005903778174900694,0,-3.114602822580779e-07,2.5000000000000004e-07
17,39,0.18,0.6109082975366691,0.07207595195398511,0.0,0.005899913561481048,0,-3.1817970091671917e-07,2.5000000000000004e-07
17,40,0.18,0.6042033615026481,0.07207595195398511,0.0,0.005896654217575621,0,-3.2025589483599194e-07,2.5000000000000004e-07
17,41,0.18,0.6017654397934431,0.07207595195398511,0.0,0.0058954691167447575,0,-9.437100127099085e-08,2.5000000000000004e-07
17,42,0.18,0.5934992105517819,0.07207595195398511,0.0,0.005891450810863394,0,1.9419008631124874e-08,2.5000000000000004e-07
17,43,0.18,0.5828751219053706,0.07207595195398511,0.0,0.005886286323326944,0,7.594097029579686e-08,2.5000000000000004e-07
17,44,0.18,0.5823061374120859,0.07207595195398511,0.0,0.005886009733642708,0,2.5344121639670517e-07,2.5000000000000004e-07
17,45,0.18,0.5712926069127896,0.07207595195398511,0.0,0.005880655934094439,0,4.215347856605971e-08,2.5000000000000004e-07
17,46,0.18,0.5412222534051494,0.07207595195398511,0.0001309565400769532,0.005866038401139337,0,0.0006351958674009276,1.5720046207623487e-05
17,47,0.18,0.5423035334730831,0.07207595195398511,0.0,0.005866564023394583,0,-1.8121768221987767e-07,2.5000000000000004e-07
18,0,0.15760953196025546,0.45904689143450866,0.06322569552961388,0.007368111353379091,0.006219236229929507,1,0.04907802401619389,0.0011914332110959194
18,1,0.1587650691047278,0.4397298373105685,0.06322569552961388,0.006014808590034384,0.0062079201000451376,0,0.028311168747042276,0.0007174264104541327
18,2,0.15585371280835766,0.4265456679675198,0.06322569552961388,0.004386273490011066,0.006206363389330662,0,0.021046154130374906,0.0005225928572455609
18,3,0.15515556913403586,0.4109306119115974,0.06322569552961388,0.0029020026752679022,0.006199936309871792,0,0.014313037756029231,0.0003515260332904501
18,4,0.15470027613074397,0.4080206511283894,0.06322569552961388,0.0019334970169448535,0.00619928056727433,0,0.009260576338123933,0.00023445273806258694
18,5,0.15238488514736873,0.4039103380953408,0.06322569552961388,0.00142026623183073,0.006201141483411113,0,0.007124276481241827,0.00017060326290132717
18,6,0.1527421135746375,0.40965300583539416,0.06322569552961388,0.0008258445956024671,0.006203337677294857,0,0.003779237697954955,9.865232199771743e-05
18,7,0.1510514015792935,0.39822793223541203,0.06322569552961388,0.0003426815165382573,0.0062006016753982166,0,0.0015678458638085787,4.112554576313518e-05
18,8,0.1512387877361337,0.39183583880587525,0.06322569552961388,0.000345900666693003,0.006197182097497458,0,0.00161286798883745,4.193688800762277e-05
18,9,0.15439552988050145,0.38644544433450084,0.06322569552961388,0.0006438684477037931,0.006189300529944371,0,0.003128828968770703,8.030111494506e-05
18,10,0.152292571622927,0.3983887307893159,0.06322569552961388,0.0007966754454796077,0.006198611224622531,0,0.0039192636629223135,9.637384002643847e-05
18,11,0.15528452848955715,0.39085657738555385,0.06322569552961388,0.0017290148478450716,0.006189963166384652,0,0.00849215147299737,0.0002155298026712706
18,12,0.15411699901407588,0.3985976178580737,0.06322569552961388,0.0026063369510623074,0.006195672054629039,0,0.012777242067699401,0.0003189729504747766
18,13,0.15618227171339516,0.3916203552105019,0.06322569552961388,0.0033743506833107326,0.006188838208565382,0,0.017210468289638643,0.00042260559993389027
18,14,0.15456901560052244,0.4012225582691932,0.06322569552961388,0.004261062589702657,0.0061961947063514785,0,0.020172528084650473,0.0005211108031623659
18,15,0.1551332863018466,0.4215574218030427,0.06322569552961388,0.005353744707458652,0.006205139258289337,0,0.02551514813057557,0.0006391599931514825
18,16,0.15783031725468188,0.40469824792980674,0.06322569552961388,0.006377640524540978,0.0061924487749573445,1,0.04429717607949903,0.0011096406123521595
18,17,0.1568084484357596,0.4176719334332738,0.06322569552961388,0.006971371167760773,0.006200458542330844,1,0.04822954058719117,0.0011839521684316673
18,18,0.1590213069030477,0.4231041318979955,0.06322569552961388,0.007604508925645679,0.006199411096916826,1,0.05295488824965709,0.0013001726235171824
18,19,0.16225213905850297,0.4302336320209625,0.06322569552961388,0.007953676640866107,0.006197492105884176,1,0.05395627430222744,0.0013743895640771372
18,20,0.16387283141724518,0.44773394663730626,0.06322569552961388,0.008769334758825801,0.006203298049335885,1,0.05904289063909726,0.0014958599152918336
18,21,0.16550574660976458,0.4572675232897046,0.06322569552961388,0.009649734375383773,0.006205210901554379,1,0.06517791233858918,0.0016422579262647477
18,22,0.1684465544482332,0.4695886870321894,0.06322569552961388,0.010062701469929455,0.006206299009753973,1,0.07120420275610521,0.001716097280643729
18,23,0.1669539496577796,0.4849122398423157,0.06322569552961388,0.009576607059558739,0.0062162356336874286,1,0.06510114882336379,0.001588343506180508
18,24,0.17258450603589295,0.4903101112416407,0.06322569552961388,0.009242673403847037,0.006209475338320801,1,0.06338322782609501,0.001574266563107776
18,25,0.17298322907745847,0.5120994835429054,0.06322569552961388,0.008777106622441048,0.006219402855897974,1,0.05649355146422439,0.0014598616895063884
18,26,0.1729549924463296,0.5215682047364647,0.06322569552961388,0.008972143769971876,0.006224052767530057,1,0.05994949766565149,0.001475594732927502
18,27,0.1764824589279808,0.5173672116116674,0.06322569552961388,0.008288963944193314,0.00621613150729164,1,0.055061725298415465,0.0013978804050444947
18,28,0.17749744144991786,0.5333795581678791,0.06322569552961388,0.007562179464112682,0.006222223649331014,1,0.047339668554721014,0.0012590673763843623
18,29,0.17907247078655236,0.5411639222705061,0.06322569552961388,0.006645239002095373,0.006223382666319844,1,0.04509166059632831,0.0011063471463428193
18,30,0.18,0.553997194346394,0.06322569552961388,0.005509135591328743,0.0062280751804454325,1,0.03652068585524171,0.0009087200792357829
18,31,0.18,0.5485849679199652,0.06322569552961388,0.0044416878993817155,0.006225444237043696,0,0.021005059372026545,0.0005265043014863247
18,32,0.18,0.5473699435129693,0.06322569552961388,0.0033643027457844997,0.006224853600179185,0,0.015967987743718354,0.00039934018536637203
18,33,0.18,0.5584775717182423,0.06322569552961388,0.002163026478914417,0.006230253141667859,0,0.010198882201254734,0.0002535784298560841
18,34,0.18,0.5648510567754503,0.06322569552961388,0.0010813340262294,0.006233351363570668,0,0.005141390587398854,0.00012587707460612517
18,35,0.18,0.5543594443218979,0.06322569552961388,0.0,0.006228251274183525,0,-4.4281762457812333e-07,2.5000000000000004e-07
18,36,0.18,0.5488917980349743,0.06322569552961388,0.0,0.006225593390571826,0,1.826330631035142e-07,2.5000000000000004e-07
18,37,0.18,0.5444470546202405,0.06322569552961388,0.0,0.006223432751411886,0,-1.3416631770393094e-07,2.5000000000000004e-07
18,38,0.18,0.5422086009557231,0.06322569552961388,0.0,0.006222344614213856,0,5.379453622050011e-07,2.5000000000000004e-07
18,39,0.18,0.5363865907592553,0.06322569552961388,0.0,0.006219514470368352,0,6.164398781267385e-07,2.5000000000000004e-07
18,40,0.18,0.5274397131736716,0.06322569552961388,0.0,0.006215165293764248,0,-3.284093977599923e-07,2.5000000000000004e-07
18,41,0.18,0.5244171167441656,0.06322569552961388,0.0,0.00621369597605546,0,4.392253331853261e-08,2.5000000000000004e-07
18,42,0.18,0.5168815028229498,0.06322569552961388,0.0,0.006210032830399314,0,-1.607339948792915e-07,2.5000000000000004e-07
18,43,0.18,0.49648435548501946,0.06322569552961388,0.0,0.0062001175504433756,0,-1.7668448975362567e-07,2.5000000000000004e-07
18,44,0.18,0.4895896817536071,0.06322569552961388,0.0,0.00619676597293505,0,2.424054485757795e-07,2.5000000000000004e-07
18,45,0.18,0.47840280604860436,0.06322569552961388,0.0,0.00619132790835623,0,-1.783919346506244e-07,2.5000000000000004e-07
18,46,0.18,0.4640264258063592,0.06322569552961388,0.0,0.006184339390182916,0,-1.2735193407118204e-07,2.5000000000000004e-07
18,47,0.18,0.47590629029009535,0.06322569552961388,0.0,0.006190114324306955,0,-1.9523292575448502e-07,2.5000000000000004e-07
19,0,0.06,0.22097539186792706,0.049605675578665166,0.00950757557366737,0.005872356996017919,1,0.03560449774844805,0.0008435293598523877
19,1,0.06,0.21859609766196728,0.049605675578665166,0.007142511502015459,0.005871200394667799,1,0.024696511528582623,0.0006366720187806132
19,2,0.06,0.21173154377125628,0.049605675578665166,0.004974874772708807,0.005867863458748704,0,0.012903193605580577,0.0003211095350120796
19,3,0.06,0.20379073338409284,0.049605675578665166,0.0037493748807625555,0.005864003342588278,0,0.009862051059924755,0.00024593371417941677
19,4,0.06,0.21179980263284953,0.049605675578665166,0.0028780310414286314,0.005867896640139756,0,0.0074686036696219775,0.0001857406808078524
19,5,0.06,0.20831843949921452,0.049605675578665166,0.0023920285592537865,0.005866204310838684,0,0.006294494972094057,0.0001554621018976704
19,6,0.06,0.21573489322462946,0.049605675578665166,0.0014300568441361421,0.005869809531399649,0,0.003649336750817129,9.156968905015656e-05
19,7,0.06,0.20630634251659086,0.049605675578665166,0.0011538378889644615,0.005865226208138797,0,0.0031035479463788988,7.529663311595181e-05
19,8,0.06,0.21083591582936143,0.049605675578665166,0.0009311156953762382,0.005867428084054728,0,0.002439072563888798,6.0208272000018026e-05
19,9,0.06,0.19206454248321897,0.049605675578665166,0.0014128229488949925,0.005858303110900353,0,0.003729567655635378,9.495539204337913e-05
19,10,0.06,0.1905485135015922,0.049605675578665166,0.002471651564357944,0.0058575661523676175,0,0.00672362135028115,0.00016665137239345296
19,11,0.06,0.19876038536575186,0.049605675578665166,0.002580243794007956,0.005861558034523806,0,0.006872816121987604,0.0001710084798859774
19,12,0.06,0.20213484107068325,0.049605675578665166,0.0026317954725577557,0.005863198394935925,0,0.007164146635490085,0.00017321509197060377
19,13,0.06,0.20806323656976816,0.049605675578665166,0.004042388194500257,0.005866080253859092,0,0.010526986676107492,0.0002628575988984026
19,14,0.06,0.20226277633724626,0.049605675578665166,0.005103522876356955,0.005863260585690504,0,0.0131888389427072,0.0003358068356971127
19,15,0.06,0.21513046197029548,0.049605675578665166,0.006077582077480252,0.005869515710651015,1,0.021908594922153517,0.0005454808128077919
19,16,0.06,0.2201493303182891,0.049605675578665166,0.00709069239691398,0.005871955438320179,1,0.026359929107898198,0.0006301211956301365
19,17,0.06,0.2267092628058679,0.049605675578665166,0.0074580397347817394,0.005875144294390529,1,0.027570102098645462,0.0006543328996687913
19,18,0.06,0.23243401230521937,0.049605675578665166,0.007901229489208938,0.005877927158730491,1,0.026823068311077097,0.0006856208867425436
19,19,0.06,0.225884831922637,0.049605675578665166,0.00810199525599419,0.005874743529377847,1,0.02841129107165947,0.0007119677504125282
19,20,0.0619775422189076,0.2440486215401293,0.049605675578665166,0.008375982450292712,0.0058802772456326155,1,0.02844382822855068,0.0007344970726202793
19,21,0.06157910337859261,0.23942953606160566,0.049605675578665166,0.008520648468948453,0.005878695921592191,1,0.029664365877135158,0.0007488270747691866
19,22,0.06,0.24970455227848518,0.049605675578665166,0.008833730950128935,0.005886322560106384,1,0.029227595799662033,0.0007421110885326199
19,23,0.06288606675150926,0.25820117951517363,0.049605675578665166,0.008608025621824892,0.005885642753760592,1,0.029029028730984733,0.0007462878705575595
19,24,0.06249271696725228,0.269933053387687,0.049605675578665166,0.008706347254656683,0.005892001330977937,1,0.028966089042211318,0.0007345595430747162
19,25,0.06574852616514316,0.2686947205797532,0.049605675578665166,0.008122799895874378,0.005885973014977596,1,0.0296257933292333,0.0007226066119199025
19,26,0.06468148243600952,0.27579816909892957,0.049605675578665166,0.007895488128874955,0.0058912044864451955,1,0.02788944265297137,0.0006824346940313689
19,27,0.06636860797428638,0.2772920715031843,0.049605675578665166,0.007122301723513389,0.005889118813105691,1,0.02446136798777338,0.0006300252913338046
19,28,0.06767528997562634,0.2828405199641893,0.049605675578665166,0.00613136721530821,0.005889638172216447,0,0.015440402577864623,0.0003912711160688788
19,29,0.06770726575741157,0.2789257683644813,0.049605675578665166,0.005661012135618362,0.005887681874996946,0,0.014623411405910653,0.00036387102016952077
19,30,0.06616277653215999,0.28352168679505524,0.049605675578665166,0.004723334308928767,0.005892490150720561,0,0.011350060098709966,0.00029433756462125186
19,31,0.06887601496292675,0.27666097205463025,0.049605675578665166,0.0037806472943347704,0.005884633017003799,0,0.010120012070339994,0.00024817431162643845
19,32,0.06647602887170292,0.2812055457505745,0.049605675578665166,0.002278965172988192,0.005890842161591367,0,0.006099854450589063,0.0001432560644879041
19,33,0.06762821838510816,0.2909502854124127,0.049605675578665166,0.0007986346616782938,0.005893658871960196,0,0.0019756069464562723,5.023132934407677e-05
19,34,0.07040415998318088,0.2839251576895003,0.049605675578665166,0.0,0.005885617309986993,0,1.8745708940044072e-07,2.5000000000000004e-07
19,35,0.0713748432400809,0.2662364024867623,0.049605675578665166,0.0,0.005875400804113051,0,1.2215053635741104e-07,2.5000000000000004e-07
19,36,0.06978099158792306,0.2793016088140248,0.049605675578665166,0.0,0.0058844083654979555,0,1.89774729814317e-07,2.5000000000000004e-07
19,37,0.06725247240953718,0.2802118917192765,0.049605675578665166,0.0,0.0058890650627630966,0,1.9747620771072867e-07,2.5000000000000004e-07
19,38,0.07082111190263785,0.26866710297892543,0.049605675578665166,0.0,0.00587750528019248,0,-6.709832492106692e-08,2.5000000000000004e-07
19,39,0.06974566057803165,0.27313926105386266,0.049605675578665166,0.0,0.005881471664797696,0,-1.4190782286486063e-07,2.5000000000000004e-07
19,40,0.07261250180127635,0.2727891375988628,0.049605675578665166,0.0,0.005876523397190552,0,3.327328443618648e-07,2.5000000000000004e-07
19,41,0.07228865969295947,0.25073688240153436,0.049605675578665166,0.0,0.0058663432877612675,0,-5.727642482465243e-07,2.5000000000000004e-07
19,42,0.0717593808807293,0.25535610230434486,0.049605675578665166,0.0,0.0058694708732344066,0,6.52420105731347e-08,2.5000000000000004e-07
19,43,0.07099923663390806,0.24430661620216118,0.049605675578665166,0.0,0.0058653665023461025,0,-7.367549590167517e-08,2.5000000000000004e-07
19,44,0.0724447233757352,0.2450473246209728,0.049605675578665166,0.0,0.005863317424368868,0,6.655562986967138e-08,2.5000000000000004e-07
19,45,0.06914225940729492,0.23866721069021202,0.049605675578665166,0.0,0.005865720086711038,0,-1.7883511198111747e-07,2.5000000000000004e-07
19,46,0.06978807694115731,0.22899513122121942,0.049605675578665166,0.0005675766320579303,0.0058599420188571736,0,0.0016511285104653152,4.1189113246106924e-05
19,47,0.06969900761146049,0.2171019146168557,0.049605675578665166,0.0012901657425969752,0.005854309043001769,0,0.0037551589567746384,9.570642117922124e-05
20,0,0.14399362267354932,0.6934717513039326,0.044122084411152895,0.005335132113000587,0.006135795988369162,0,0.016900168751508092,0.00043144327483535185
20,1,0.14537243904025565,0.6694428989800081,0.044122084411152895,0.003936999680856322,0.0061218172689894105,0,0.013548970339128137,0.0003289813128257561
20,2,0.14421648420736555,0.6704514846803575,0.044122084411152895,0.002555383541864869,0.006124234145093007,0,0.008165410331077864,0.00021162462199594029
20,3,0.14436941631126382,0.6530220037133869,0.044122084411152895,0.0019749717520333543,0.006115506593894233,0,0.00664652604567995,0.00016657226000947587
20,4,0.14392210102767075,0.649835599866467,0.044122084411152895,0.0019120537314337017,0.0061147031730524135,0,0.006561129690951918,0.0001612780470775597
20,5,0.14586392452366465,0.6396014919742502,0.044122084411152895,0.001802021867217216,0.006106491887000374,0,0.006513676435120057,0.00015564097546394992
20,6,0.1452084904703887,0.6405584375722759,0.044122084411152895,0.0018619045787500097,0.006108049458977096,0,0.006534520151801755,0.00015993572595846694
20,7,0.14234275845940061,0.6305177393760605,0.044122084411152895,0.002234259086411628,0.006107944784038916,0,0.007643928628721653,0.00019006113486037913
20,8,0.14548059148304307,0.6398482222586942,0.044122084411152895,0.0029405597100273235,0.006107250713734126,0,0.010076877560207458,0.0002532460839125245
20,9,0.1436329787707537,0.645235774500639,0.044122084411152895,0.003528129157184018,0.006112949017261109,0,0.012052741628443678,0.00029836540635366023
20,10,0.14415309576122126,0.6582563698844491,0.044122084411152895,0.004547037622361141,0.006118411611699682,0,0.015007288347222855,0.00038094358719472927
20,11,0.14753794979655338,0.6649052054570785,0.044122084411152895,0.004865593982733331,0.006116002261155267,0,0.016861582395439372,0.00041447395256341926
20,12,0.1483298326922607,0.6688283940568421,0.044122084411152895,0.005654405030336277,0.006116589561898418,0,0.018405938363169012,0.00048239248923047384
20,13,0.1509479834894694,0.6701353811044686,0.044122084411152895,0.006453427592154788,0.006112861318162333,1,0.030421648765024296,0.0007833850200345742
20,14,0.14842027542933647,0.6876081353681782,0.044122084411152895,0.0074027338699909975,0.006125567864918525,1,0.03593575404429512,0.0008687350242816531
20,15,0.15266350286281455,0.7197654516909838,0.044122084411152895,0.008093508761499248,0.006134127847964092,1,0.039280624124949294,0.0009477133248084089
20,16,0.15230472975650464,0.7257445402449413,0.044122084411152895,0.008157310781607453,0.0061376323045216705,1,0.03885378561368791,0.000947672284080558
20,17,0.15441071293399208,0.7494272512593766,0.044122084411152895,0.008741126106547767,0.006145634761524542,1,0.04062914091580168,0.0010075005480940865
20,18,0.15632852808782235,0.7554590199020411,0.044122084411152895,0.009383392358195205,0.006145370512691676,1,0.04281288558804631,0.0010890286401009283
20,19,0.15947781280620954,0.7734953263301126,0.044122084411152895,0.009504771003284824,0.006148889353785787,1,0.04424100380119818,0.0011074093568467374
20,20,0.16240604363905561,0.8,0.044122084411152895,0.009535175760187227,0.006156893185431684,1,0.043821775043323935,0.0011054958088554982
20,21,0.16065487549834062,0.8,0.044122084411152895,0.008879952141529352,0.006159811798999542,1,0.041048057207726106,0.0010184289733464267
20,22,0.16328255895731647,0.8,0.044122084411152895,0.008177807161458502,0.006155432326567916,1,0.03810858849729737,0.0009532413529747858
20,23,0.1654288240326045,0.8,0.044122084411152895,0.008169415620858529,0.006151855218109102,1,0.038646826873618145,0.0009647802068102644
20,24,0.1652790793441353,0.8,0.044122084411152895,0.007737217038792602,0.006152104792589885,1,0.03584252259132047,0.0009129119154764154
20,25,0.16674561568307972,0.8,0.044122084411152895,0.006885286743322422,0.00614966056535831,1,0.03233434764987404,0.0008196013520913415
20,26,0.17134834796054793,0.8,0.044122084411152895,0.006292776025471878,0.006141989344895863,1,0.030438012432541958,0.0007697477127047351
20,27,0.1683757807507387,0.8,0.044122084411152895,0.0053944668416249855,0.006146943623578879,0,0.01908570670754834,0.0004631549669279517
20,28,0.1747732111652176,0.8,0.044122084411152895,0.004215680517252305,0.006136281239554747,0,0.014488408124994303,0.00037569959924469874
20,29,0.1750261318165729,0.8,0.044122084411152895,0.003021566577177049,0.006135859705135822,0,0.01105221763432442,0.0002696703743380326
20,30,0.17493329041827654,0.8,0.044122084411152895,0.00207949780626682,0.006136014440799649,0,0.007152372960077029,0.00018549367562411404
20,31,0.177196308947758,0.8,0.044122084411152895,0.001112412793665021,0.006132242743250513,0,0.004084317635276158,0.0001005122098582093
20,32,0.1779806818352318,0.8,0.044122084411152895,0.0,0.0061309354551047236,0,-3.001575055379613e-07,2.5000000000000004e-07
20,33,0.18,0.8,0.044122084411152895,0.0,0.0061275699248301094,0,3.359290638850666e-07,2.5000000000000004e-07
20,34,0.18,0.8,0.044122084411152895,0.0,0.0061275699248301094,0,-8.78279765599588e-08,2.5000000000000004e-07
20,35,0.18,0.8,0.044122084411152895,0.0,0.0061275699248301094,0,-2.327194198205566e-07,2.5000000000000004e-07
20,36,0.18,0.8,0.044122084411152895,0.0,0.0061275699248301094,0,-9.19270882837471e-08,2.5000000000000004e-07
20,37,0.18,0.8,0.044122084411152895,0.0,0.0061275699248301094,0,-4.621441750085377e-07,2.5000000000000004e-07
20,38,0.18,0.8,0.044122084411152895,0.0,0.0061275699248301094,0,2.1156978539481497e-07,2.5000000000000004e-07
20,39,0.18,0.8,0.044122084411152895,0.0,0.0061275699248301094,0,-2.9281115596844855e-07,2.5000000000000004e-07
20,40,0.18,0.8,0.044122084411152895,0.0,0.0061275699248301094,0,-1.4610730431461571e-07,2.5000000000000004e-07
20,41,0.18,0.8,0.044122084411152895,0.0,0.0061275699248301094,0,5.972205870123361e-08,2.5000000000000004e-07
20,42,0.18,0.7889722652143775,0.044122084411152895,0.0,0.006122209220420432,0,-1.1009147499680467e-07,2.5000000000000004e-07
20,43,0.18,0.7715532109422498,0.044122084411152895,0.0,0.006113741624593703,0,-4.663299787045798e-09,2.5000000000000004e-07
20,44,0.18,0.7581787937605171,0.044122084411152895,0.0005178412595126098,0.006107240171797028,0,0.001994844269546961,4.930862689847954e-05
20,45,0.1794958756847848,0.733348779674891,0.044122084411152895,0.0007062735605074995,0.006096010233252985,0,0.00281887042505459,6.858926668499455e-05
20,46,0.1796584922442142,0.73839458690629,0.044122084411152895,0.0007678693820117434,0.006098192028613644,0,0.002859154312623806,7.429479935913743e-05
20,47,0.1790698502830779,0.7110626090165896,0.044122084411152895,0.0017754341888545871,0.006085886720408044,0,0.0069904151374405275,0.0001756035570738793
21,0,0.10205821043563904,0.3939578728719921,0.08499078425193932,0.007903323897323575,0.006165030857590206,1,0.03653574640231486,0.0009120747910471416
21,1,0.10019733263212231,0.3859619564626715,0.08499078425193932,0.0066247886789146115,0.00616424541678598,1,0.031022694989946524,0.0007591043626754583
21,2,0.10080411795261296,0.3710225626858165,0.08499078425193932,0.0050326462115153955,0.006155971902610303,0,0.01724175894907653,0.0004234008318348085
21,3,0.09967465492604737,0.3918832495553577,0.08499078425193932,0.004318118266943022,0.006167994952660605,0,0.013754640365146856,0.0003486497207910765
21,4,0.09992499634149028,0.37675841250759534,0.08499078425193932,0.003731606710064655,0.006160225365625539,0,0.011557090556607981,0.0003086288861057317
21,5,0.0994953077291262,0.3788633142721237,0.08499078425193932,0.0033212571777548614,0.006161964729448347,0,0.010719705367637479,0.0002726813486334524
21,6,0.1003083241930621,0.37515031665692217,0.08499078425193932,0.0033319980748877957,0.006158804772612174,0,0.011160580234215562,0.0002772790073639687
21,7,0.09932124288382985,0.37010278383694134,0.08499078425193932,0.0038843168100425266,0.006157996246340071,0,0.012783054151053665,0.00032241559927275116
21,8,0.10304046579839408,0.3726918163919757,0.08499078425193932,0.0035844770931183594,0.006153056098974495,0,0.012597459583985133,0.00030750793349341364
21,9,0.10290560101988191,0.38166898751543343,0.08499078425193932,0.004038541898731379,0.006157644776234807,0,0.013659956062846765,0.00034155973392818316
21,10,0.10407211543012646,0.37266224490834643,0.08499078425193932,0.005449164268299635,0.006151322307894843,0,0.019236931540683636,0.0004721778786179775
21,11,0.10337565382782175,0.3827853720885125,0.08499078425193932,0.005897344503271858,0.006157404041833487,0,0.020552166704973486,0.0005002474116939423
21,12,0.1043441349273291,0.40206447424603514,0.08499078425193932,0.006318148939593365,0.00616516169243866,1,0.02948648950880684,0.00073710055065176
21,13,0.10541847773054543,0.40760188517867196,0.08499078425193932,0.006779876156835204,0.0061660629180811085,1,0.03144746945062517,0.0007930380719648732
21,14,0.10596683993399113,0.4184411978727451,0.08499078425193932,0.00723416062361518,0.006170418091412762,1,0.033251789870864586,0.0008381296669918086
21,15,0.10627223845562533,0.4221457277793053,0.08499078425193932,0.008143702888559222,0.006171709907025728,1,0.03608613005112036,0.0009415239545168627
21,16,0.1088659724814016,0.43865669834174936,0.08499078425193932,0.00895551413347265,0.0061754131832284,1,0.040806503307551055,0.0010377139513127168
21,17,0.11107959749639457,0.4464583799628175,0.08499078425193932,0.009005388257230537,0.006175516292324764,1,0.04154207308848718,0.0010539665260137774
21,18,0.10821265606283498,0.4679663806282367,0.08499078425193932,0.009348782318192467,0.0061907498061486085,1,0.042808269630895186,0.0010371399453783512
21,19,0.11280442179232432,0.4716765745833303,0.08499078425193932,0.009440161355995931,0.006184900429772075,1,0.043743614309175505,0.0010866668291521398
21,20,0.11592046957148308,0.46846814232209494,0.08499078425193932,0.008882174750374216,0.006178147362235376,1,0.04360758874907525,0.0010548987867411814
21,21,0.1152760175603228,0.4850681603743351,0.08499078425193932,0.008340492244736663,0.006187290902140482,1,0.039047013259256816,0.0009650310434099262
21,22,0.1163502808415436,0.4958996651922374,0.08499078425193932,0.008267367466113233,0.006190765778180484,1,0.03704899109994355,0.0009528718645667646
21,23,0.1149015401342852,0.49960864644150854,0.08499078425193932,0.007241899035318181,0.006194983323022088,1,0.03331446632715235,0.0008206197321803758
21,24,0.11610666097249193,0.5198474983480874,0.08499078425193932,0.006339133808186669,0.006202813119079663,0,0.01937900039779047,0.000506203793123775
21,25,0.11905486261375757,0.5321074353621477,0.08499078425193932,0.004689593986428661,0.006203859141281611,0,0.015417207780043326,0.0003785783374133298
21,26,0.12121536230924942,0.5230509448995962,0.08499078425193932,0.003955096242110739,0.006195855847814274,0,0.013644891134063046,0.00032849798045602976
21,27,0.11974058431354556,0.5355750232207142,0.08499078425193932,0.002650695558114933,0.006204401904768768,0,0.008225663068726293,0.0002143623631489509
21,28,0.11995209483110304,0.537860602743179,0.08499078425193932,0.0022028413924866245,0.006205160432840703,0,0.007051239708129085,0.00017799379435490901
21,29,0.12203546330454013,0.5278883596084626,0.08499078425193932,0.0012075945106123683,0.006196840533861154,0,0.004056468827281616,0.00010041326700776391
21,30,0.12423395832492978,0.5365034669461844,0.08499078425193932,0.00020392467614994319,0.00619736427489412,0,0.0006826048529612738,1.7092144787328125e-05
21,31,0.12230561332237398,0.5375668007013064,0.08499078425193932,0.0,0.006201095081584897,0,6.557240318328793e-07,2.5000000000000004e-07
21,32,0.12477798041994209,0.5399449052807973,0.08499078425193932,0.0,0.006198130492815092,0,-2.074767187471725e-07,2.5000000000000004e-07
21,33,0.12237336852213077,0.5344298628262876,0.08499078425193932,0.0,0.006199457255896057,0,-1.3808446929271051e-07,2.5000000000000004e-07
21,34,0.126401981230103,0.5331226754071937,0.08499078425193932,0.0,0.006192107463054044,0,3.110269415711271e-08,2.5000000000000004e-07
21,35,0.12710632216760492,0.5183701756134294,0.08499078425193932,0.0,0.006183762207425127,0,1.7296118327085073e-07,2.5000000000000004e-07
21,36,0.1275050696895671,0.5154177696915558,0.08499078425193932,0.0,0.006181662430898724,0,8.152758482586934e-09,2.5000000000000004e-07
21,37,0.1267494703025774,0.5045205114127368,0.08499078425193932,0.0,0.006177624484880392,0,-1.6572764812216693e-07,2.5000000000000004e-07
21,38,0.12765816519088033,0.4931354408470802,0.08499078425193932,0.0,0.006170575584097137,0,-3.9893644769611044e-07,2.5000000000000004e-07
21,39,0.1272569594575317,0.4807147684665963,0.08499078425193932,0.0,0.006165206433467761,0,2.7756560328494813e-07,2.5000000000000004e-07
21,40,0.1259099965113155,0.4766726155768636,0.08499078425193932,0.0,0.0061654864362789465,0,-3.6594583433397246e-08,2.5000000000000004e-07
21,41,0.12431517558280845,0.4677626637593443,0.08499078425193932,0.0,0.00616381324458183,0,5.216928969826497e-08,2.5000000000000004e-07
21,42,0.12942351111235043,0.44881903175045545,0.08499078425193932,0.0003479687708081433,0.0061460906420282724,0,0.0013903397894353554,3.3790347269799105e-05
21,43,0.1274450070111443,0.44815306553662,0.08499078425193932,0.0007201670616962348,0.006149064415287446,0,0.002736101017200765,6.892360875351077e-05
21,44,0.12388364255712123,0.42750520479766807,0.08499078425193932,0.0013615852534630938,0.006144962868184938,0,0.005243724122425202,0.00013014042451904017
21,45,0.1253109224405747,0.41599601448219137,0.08499078425193932,0.0019936906114310653,0.006136989323086937,0,0.007690649721273025,0.00019575215900164908
21,46,0.12355866950909507,0.4064680813360306,0.08499078425193932,0.0032792083935251834,0.006135278110471131,0,0.012765265242781215,0.0003216220208710617
21,47,0.1244095653737954,0.408808845083188,0.08499078425193932,0.004141494712832906,0.00613499782196261,0,0.01659830892969934,0.00040768061409425933
22,0,0.14424821349773148,0.6597446606910197,0.04260386146390086,0.0014592045388770165,0.006289861301977461,0,0.004945263504705704,0.00012205968694538295
22,1,0.14175565350498476,0.673046834997923,0.04260386146390086,0.0008772905981887974,0.006300481903364562,0,0.002801799538063926,7.117961636800478e-05
22,2,0.14269901190337378,0.6664553225930748,0.04260386146390086,0.00027584679140760953,0.006295705431948224,0,0.0009518523140348399,2.2675777248190585e-05
22,3,0.1434530322183782,0.6475061085812451,0.04260386146390086,0.00030380463024757296,0.006285237307945244,0,0.001015947174094833,2.5582430919373576e-05
22,4,0.1420506201246743,0.656333049078454,0.04260386146390086,0.0007339876730925151,0.00629186553528756,0,0.0024586878066471638,6.066605161628524e-05
22,5,0.14255559288768493,0.6537252494271711,0.04260386146390086,0.001842496394250226,0.006289756233629835,0,0.0060958938845589224,0.00015322535905418701
22,6,0.14166765108936527,0.661894251091245,0.04260386146390086,0.0030951663234932733,0.0062952071791026265,0,0.009453038921794395,0.0002537336076860552
22,7,0.1450163822772586,0.6708579635693073,0.04260386146390086,0.004077019185485506,0.006293983320688528,0,0.013904102687591437,0.00033912495073271906
22,8,0.14494205482806127,0.6700913286305522,0.04260386146390086,0.004962830014219544,0.0062937345300086295,0,0.01674106240755951,0.0004129042164937799
22,9,0.14920581552762727,0.683878055777067,0.04260386146390086,0.005624540645633199,0.006293330143427797,0,0.01912816920976053,0.0004753167099167374
22,10,0.1468534314366493,0.7019828466993147,0.04260386146390086,0.006228214594917815,0.006306051723611076,1,0.028497648765554936,0.0007128112063065697
22,11,0.14859488200752288,0.7103585137875227,0.04260386146390086,0.006999010180864779,0.006307220810827498,1,0.031831781323864446,0.0008041535369872655
22,12,0.15076655144494078,0.7335336945310152,0.04260386146390086,0.007676136658437003,0.006314867074626555,1,0.03614441314733506,0.0008758064158739462
22,13,0.1543219015971942,0.742727121335969,0.04260386146390086,0.00837426178903963,0.006313410517958541,1,0.03943308493516657,0.0009698144509327838
22,14,0.15193609046587744,0.7589284747401248,0.04260386146390086,0.009040057464806028,0.006325262527748867,1,0.04096995998092117,0.0010157801296244468
22,15,0.15393617841386042,0.7794802052063218,0.04260386146390086,0.009932738807822021,0.0063319194723677405,1,0.04232946484190611,0.001110362401121136
22,16,0.15383971151940767,0.7921193476348473,0.04260386146390086,0.009873343746573546,0.006338224278094584,1,0.046010396924641254,0.001090927864643919
22,17,0.15829414437314912,0.8,0.04260386146390086,0.00995977656809235,0.006334631096015853,1,0.04420850522089854,0.0011246515207539917
22,18,0.1598490026297029,0.8,0.04260386146390086,0.009263711467734592,0.006332039665588264,1,0.04114257500265114,0.001056327241739958
22,19,0.16389199299840249,0.8,0.04260386146390086,0.008406288797433168,0.006325301348307098,1,0.039301271959024636,0.0009828009596380006
22,20,0.16142971827566846,0.8,0.04260386146390086,0.007839632731171109,0.006329405139511655,1,0.034866997565423274,0.0009027816762243265
22,21,0.16541297548472797,0.8,0.04260386146390086,0.007908604806020162,0.006322766377496555,1,0.03529991148074088,0.0009331962341151629
22,22,0.16869044939497932,0.8,0.04260386146390086,0.0072496872305517985,0.00631730392097947,1,0.034628812268979244,0.0008723952553646038
22,23,0.16815117190476903,0.8,0.04260386146390086,0.006567807681547125,0.006318202716796487,1,0.031565713802039826,0.0007878142916181339
22,24,0.16771274340388947,0.8,0.04260386146390086,0.005362581551618213,0.0063189334309646196,0,0.01790038826397724,0.0004582637097539257
22,25,0.172225411766964,0.8,0.04260386146390086,0.004060988576296185,0.006311412317026162,0,0.013941562253860108,0.00035637275397280637
22,26,0.173263050393962,0.8,0.04260386146390086,0.002958634999148068,0.006309682919314498,0,0.010528051543009965,0.000261199800074625
22,27,0.1747807330833324,0.8,0.04260386146390086,0.002195624408610024,0.0063071534481655474,0,0.007764026635405298,0.00019553616821480383
22,28,0.1757856828316816,0.8,0.04260386146390086,0.0007785645607637228,0.006305478531918299,0,0.002716701698844797,6.97354528149251e-05
22,29,0.1766154754275414,0.8,0.04260386146390086,0.0,0.006304095544258532,0,3.040400194516053e-07,2.5000000000000004e-07
22,30,0.17953505611561585,0.8,0.04260386146390086,0.0,0.006299229576445076,0,1.743197752742418e-07,2.5000000000000004e-07
22,31,0.17999542393362752,0.8,0.04260386146390086,0.0,0.006298462296748389,0,3.2946757488182756e-07,2.5000000000000004e-07
22,32,0.18,0.8,0.04260386146390086,0.0,0.006298454669971101,0,3.818523997222391e-07,2.5000000000000004e-07
22,33,0.18,0.8,0.04260386146390086,0.0,0.006298454669971101,0,2.2531334201803563e-07,2.5000000000000004e-07
22,34,0.18,0.8,0.04260386146390086,0.0,0.006298454669971101,0,6.103314584078755e-08,2.5000000000000004e-07
22,35,0.18,0.8,0.04260386146390086,0.0,0.006298454669971101,0,2.8908187937427096e-07,2.5000000000000004e-07
22,36,0.18,0.8,0.04260386146390086,0.0,0.006298454669971101,0,2.800576155818943e-07,2.5000000000000004e-07
22,37,0.18,0.8,0.04260386146390086,0.0,0.006298454669971101,0,-9.738980440370174e-08,2.5000000000000004e-07
22,38,0.18,0.8,0.04260386146390086,0.0,0.006298454669971101,0,2.4966781171309887e-07,2.5000000000000004e-07
22,39,0.18,0.8,0.04260386146390086,0.00016617622046440956,0.006298454669971101,0,0.0006319561788411339,1.5241119766207614e-05
22,40,0.18,0.7961157192509419,0.04260386146390086,9.634919634681799e-05,0.00629656647794031,0,0.00035058308578358907,8.866501535824569e-06
22,41,0.18,0.7749357907584619,0.04260386146390086,0.0005657474669328528,0.006286270679367576,0,0.0021069791578361735,5.303452527716538e-05
22,42,0.1768759582772532,0.7539233769650768,0.04260386146390086,0.0008221467472751825,0.0062812630477559256,0,0.0031145426429444803,7.716280156788832e-05
22,43,0.17888394026212615,0.7483935326239746,0.04260386146390086,0.0014936784126648053,0.006275228292337546,0,0.005701799343848085,0.00014248984609373168
22,44,0.17949279327374926,0.711301078535458,0.04260386146390086,0.0023108547722001265,0.006256182483247367,0,0.009441903684970238,0.00022887909493752301
22,45,0.1773212674139452,0.7111554445167654,0.04260386146390086,0.003204683568524143,0.0062597308986990655,0,0.011861219389549198,0.00031361133218155433
22,46,0.17180275809725926,0.6918246948713562,0.04260386146390086,0.004087199220536679,0.0062595315220381345,0,0.015271886462444338,0.0003946862929208874
22,47,0.17400037422558434,0.6873700141673444,0.04260386146390086,0.005633451497271319,0.006253703358704254,0,0.021817962306242514,0.0005533186787724753
23,0,0.13442335747748488,0.14816184858428888,0.040044856960152905,0.005490630097472812,0.005620385567942868,0,0.0370898550924795,0.000907688702056598
23,1,0.13329756784611707,0.14223977604811677,0.040044856960152905,0.005011985638786646,0.005619383098734509,1,0.045228736433055944,0.0011666809023755627
23,2,0.1338996217796188,0.15102690401912697,0.040044856960152905,0.00530299399511074,0.00562265119605347,0,0.035035393894433935,0.0008673646422650977
23,3,0.1372514351970172,0.15870459440162454,0.040044856960152905,0.00477654976637757,0.005620797050960409,0,0.030657323467939753,0.000786636223273291
23,4,0.13442754120363182,0.1419024744540054,0.040044856960152905,0.0045483146212600325,0.005617335843752625,0,0.029749235305567584,0.0007632808493089123
23,5,0.13506447522979,0.15303771870836155,0.040044856960152905,0.005289330513292981,0.0056216872529993404,0,0.033650141733666525,0.0008685499798246452
23,6,0.13639666667295386,0.15651636786882941,0.040044856960152905,0.005652276566783338,0.005621157943935961,1,0.05087711223523954,0.0013016437772249713
23,7,0.1360729479358277,0.1459028488952613,0.040044856960152905,0.006104102651929483,0.005616538125663465,1,0.056168250793011625,0.0014377915013419906
23,8,0.13725433506348314,0.15785602572355772,0.040044856960152905,0.006630533858842133,0.005620379719186682,1,0.06112795811767863,0.0015317738110988952
23,9,0.13903961736338946,0.15905499059126654,0.040044856960152905,0.0073849552307271495,0.005617987078830864,1,0.06643968188775949,0.0017234833586276912
23,10,0.14154932495021125,0.1570109838166521,0.040044856960152905,0.007959920115188403,0.005612810618448502,1,0.07468988105040025,0.001900134547413571
23,11,0.1426931276026265,0.16580231047779073,0.040044856960152905,0.008065132945671245,0.005615177842265863,1,0.07774697733196437,0.0019022129304300018
23,12,0.14660589628853415,0.1542763171563696,0.040044856960152905,0.008374442695289886,0.005603053647702548,1,0.08172746933841903,0.00208368708797334
23,13,0.14509475098752458,0.16548787304276627,0.040044856960152905,0.008998519427293834,0.005611022285093452,1,0.08624841761298667,0.0021596117469662077
23,14,0.1462426320497312,0.17078039634695308,0.040044856960152905,0.009369110232764098,0.005611681904373753,1,0.08706495333397396,0.002239595674498697
23,15,0.14808999362863756,0.16885784631388717,0.040044856960152905,0.009684743890458895,0.005607668395476169,1,0.09272203204722153,0.002354373839251346
23,16,0.1466574785272377,0.19255907078180956,0.040044856960152905,0.009576947690791196,0.0056215773492059645,1,0.08644245612729387,0.002190066100121555
23,17,0.15157630787046986,0.1830147984253337,0.040044856960152905,0.009189384001473578,0.005608739723460624,1,0.09231378269842898,0.002216523149668614
23,18,0.15184279941062181,0.18749553032812272,0.040044856960152905,0.009162000881888909,0.0056104737044575595,1,0.08711762237660345,0.0021926403398285694
23,19,0.15392543132707354,0.19358237245514695,0.040044856960152905,0.008253187243098562,0.005609961532853,1,0.078201963401193,0.00197662408799372
23,20,0.15396455689533292,0.20468357854498231,0.040044856960152905,0.007736137778001313,0.0056152927431995705,1,0.07311132616035383,0.0018111642946953455
23,21,0.15895678593045864,0.1980960136627705,0.040044856960152905,0.0064374501469869885,0.005603770072989953,1,0.06361368319891443,0.0015772272437066708
23,22,0.1597928963064379,0.1866129302265288,0.040044856960152905,0.0058402235881667135,0.005596794501248481,1,0.06001551919080568,0.0014736275402346824
23,23,0.16097451456182765,0.19818707330815177,0.040044856960152905,0.0045100138808372384,0.005600451457043064,0,0.03357742182822109,0.0007991461897209203
23,24,0.15954114002637163,0.2069935210723087,0.040044856960152905,0.004044113632642043,0.0056071213267097336,0,0.02751714291584279,0.0006974909829097895
23,25,0.16076084879333333,0.21082571237296197,0.040044856960152905,0.003212775963201077,0.005606951349535949,0,0.021696236256612374,0.0005540389685885425
23,26,0.164926755533771,0.2021828016712948,0.040044856960152905,0.0013760817260264032,0.005595806756710797,0,0.010204288090274115,0.00024776747769084156
23,27,0.16371904253262423,0.2053665654188254,0.040044856960152905,0.0,0.0055993672746455355,0,4.204671146140995e-07,2.5000000000000004e-07
23,28,0.1663398697576322,0.2094121098924367,0.040044856960152905,0.0,0.005596965813389639,0,-1.1907366067149075e-07,2.5000000000000004e-07
23,29,0.16709657505984685,0.19855794165141993,0.040044856960152905,0.0,0.005590428306102121,0,5.065783115311943e-07,2.5000000000000004e-07
23,30,0.16788501688742782,0.2044987175206726,0.040044856960152905,0.0,0.0055920021135481505,0,-1.7999421978584214e-07,2.5000000000000004e-07
23,31,0.16681670378445873,0.20269726018592116,0.040044856960152905,0.0,0.005592906926959817,0,-3.962735983100278e-07,2.5000000000000004e-07
23,32,0.16902185266422035,0.197005071129653,0.040044856960152905,0.0,0.005586464642480084,0,3.6592658901257384e-07,2.5000000000000004e-07
23,33,0.17086915863363505,0.17717977940965615,0.040044856960152905,0.0,0.005573748504611616,0,-3.6350702732549943e-07,2.5000000000000004e-07
23,34,0.1714889304479525,0.1889485877810716,0.040044856960152905,0.0,0.005578436500101636,0,-3.439755354636596e-08,2.5000000000000004e-07
23,35,0.17197247282502726,0.199478260221487,0.040044856960152905,0.0,0.005582749186909491,0,3.019826245579017e-07,2.5000000000000004e-07
23,36,0.17130119737042704,0.1878422890683405,0.040044856960152905,0.0,0.0055782116044677124,0,1.6810901910143395e-07,2.5000000000000004e-07
23,37,0.169215873580225,0.1809187943818571,0.040044856960152905,8.033675059027697e-05,0.005578321556423231,0,0.0006283645325438805,1.5522082834502442e-05
23,38,0.1693418921271999,0.18321524259695304,0.040044856960152905,0.00025438837925901875,0.005579227854505056,0,0.001984108928365092,4.894412117009759e-05
23,39,0.1698512425381014,0.1580756555368439,0.040044856960152905,0.0007481334495216837,0.005566158304554888,0,0.006110800630195422,0.00015269324575805946
23,40,0.16582821148246285,0.16257620098972933,0.040044856960152905,0.0009478423570298917,0.0055750511214649945,0,0.007595789112986707,0.00018693371134069096
23,41,0.17021562211070865,0.1727469208571109,0.040044856960152905,0.0014130620711968996,0.005572682870353451,0,0.010761456608999673,0.00027959725487548224
23,42,0.16825171880305054,0.1574253655256509,0.040044856960152905,0.0020175425777447143,0.005568508064246754,0,0.01594990909944113,0.0004085131635912208
23,43,0.1642912530863896,0.16521318497228366,0.040044856960152905,0.002482318982203996,0.0055788945860055245,0,0.019191725799901617,0.00048213263366936494
23,44,0.16308969441725846,0.16411700372070134,0.040044856960152905,0.0034069737565917257,0.005580364317901224,0,0.027257757403940833,0.0006585181503465339
23,45,0.16496296275616826,0.1491336195077648,0.040044856960152905,0.004707404856053198,0.005569958614455086,0,0.03760160540583603,0.0009528148653648546
23,46,0.16060761328499545,0.15523756532406605,0.040044856960152905,0.0052396754233693795,0.005580184726123298,0,0.039976051453914814,0.0010178786435698442
23,47,0.16135767197105888,0.1496132080164225,0.040044856960152905,0.006597298421859729,0.005576200565733088,1,0.07333911325889166,0.0018265521325468244
24,0,0.06,0.5390325607361152,0.08155393479135159,0.005533955530752525,0.0060603136546741624,0,0.009224801059383215,0.0002229997082044987
24,1,0.06,0.5438795244329474,0.08155393479135159,0.004371734338545757,0.006062669817582344,0,0.006845063078258397,0.0001751995575888329
24,2,0.06,0.5355566984470485,0.08155393479135159,0.004766334452608752,0.006058623999394755,0,0.0076649010504011685,0.00019283049073317467
24,3,0.06,0.539511785356142,0.08155393479135159,0.005468502347620094,0.006060546611086675,0,0.008502087412494091,0.0002202419971915733
24,4,0.06,0.5440321291121254,0.08155393479135159,0.006076431166837834,0.006062744000412501,1,0.013408586239407843,0.00034086379062468297
24,5,0.06,0.551663287082278,0.08155393479135159,0.006002216334225152,0.006066453591092436,1,0.013172760614334268,0.00033381988225345493
24,6,0.06,0.5534987512344953,0.08155393479135159,0.006777372213103556,0.006067345830610875,1,0.014846810082678087,0.0003761574172422876
24,7,0.06,0.5697247624384483,0.08155393479135159,0.007441108105622288,0.0060752334749461295,1,0.016293048454618313,0.000405644324511208
24,8,0.06024762111849314,0.5994753023310361,0.08155393479135159,0.00805327120220141,0.006089282841085316,1,0.016786988504802546,0.0004269304788551084
24,9,0.06,0.5904726735295389,0.08155393479135159,0.008704531842582353,0.006085319265059855,1,0.019141703280288556,0.00046398045218641327
24,10,0.06079590690175988,0.6136126963103733,0.08155393479135159,0.009532845168679336,0.006095241375742049,1,0.02015811115811652,0.0005024572848743048
24,11,0.06,0.6256814664972719,0.08155393479135159,0.010155215485132173,0.00610243465053028,1,0.020484319117635614,0.0005217042367685269
24,12,0.06,0.6369090207543704,0.08155393479135159,0.010185042688037228,0.006107892489405259,1,0.020573606485639006,0.0005172766661961109
24,13,0.06029036736166715,0.6584725533068184,0.08155393479135159,0.010110079247677005,0.00611789081657103,1,0.019515706505354884,0.0005049245734243602
24,14,0.061245699571563256,0.670273192770286,0.08155393479135159,0.009967513171446434,0.006122035018182611,1,0.020015121996586477,0.0004998529015053928
24,15,0.0622888610522737,0.6933692560136441,0.08155393479135159,0.01023652722708248,0.006131523668680283,1,0.020441336489151543,0.0005105633991188688
24,16,0.06318987828068615,0.7025911508179319,0.08155393479135159,0.010150735596044428,0.006134504838829457,1,0.020548194271480753,0.0005091261854417989
24,17,0.06109289936892981,0.7147635150873436,0.08155393479135159,0.009816926958355465,0.006143916925202237,1,0.018428135458890785,0.0004706269643712472
24,18,0.06380328765642886,0.7314835936724481,0.08155393479135159,0.009280079893976105,0.006147527427368609,1,0.017784772699931176,0.00045748429726966074
24,19,0.06281693658424838,0.7384237752146886,0.08155393479135159,0.00828620620218939,0.006152545045183054,1,0.016557658596487643,0.0003996254183674384
24,20,0.06520817449510857,0.7434297663490248,0.08155393479135159,0.006784953202266295,0.006150993116577479,1,0.01344309130494251,0.00033813463172900843
24,21,0.0655978141189446,0.7519205272381264,0.08155393479135159,0.005840499524870728,0.006154471170414399,0,0.008568757792100305,0.0002075466662896982
24,22,0.06512111055149948,0.771581821952504,0.08155393479135159,0.004713623205375107,0.00616482325017963,0,0.0066815079936539705,0.0001633917474737715
24,23,0.06850321136619877,0.7711280483324163,0.08155393479135159,0.003205800867713058,0.0061589658310898104,0,0.004977567975021834,0.00011694328201340295
24,24,0.06804176541740017,0.7770415672904851,0.08155393479135159,0.002214183493970555,0.006162609534942425,0,0.0032399594746208684,7.980877946387625e-05
24,25,0.06758207046059353,0.7727209770345251,0.08155393479135159,0.0012376681635840243,0.006161275406273789,0,0.001830093336501585,4.447867163795589e-05
24,26,0.0673242388256037,0.7744515305454803,0.08155393479135159,0.00012427221820183535,0.0061625463669554865,0,0.00018408700582915897,4.442199597701646e-06
24,27,0.06984588429136483,0.7710536684111232,0.08155393479135159,0.0,0.006156691885975016,0,-1.9369667641389628e-07,2.5000000000000004e-07
24,28,0.07109294612247843,0.7656906004241355,0.08155393479135159,0.0,0.006152006402651708,0,-1.474164871356773e-07,2.5000000000000004e-07
24,29,0.07172654557191271,0.7514812722296743,0.08155393479135159,0.0,0.0061440430912525655,0,1.3010144727702804e-07,2.5000000000000004e-07
24,30,0.06788460592105362,0.7442391247597435,0.08155393479135159,0.0,0.006146925835650558,0,3.3066764373758523e-07,2.5000000000000004e-07
24,31,0.06781792031116633,0.7426170526084173,0.08155393479135159,0.0,0.0061462484710379205,0,2.6222078685099036e-07,2.5000000000000004e-07
24,32,0.07306744295649686,0.739736588144731,0.08155393479135159,0.0,0.006136099040848078,0,3.0458901232778366e-07,2.5000000000000004e-07
24,33,0.0688671728230651,0.7215990076809915,0.08155393479135159,0.0,0.006134282611678369,0,-2.0706179345493935e-07,2.5000000000000004e-07
24,34,0.07241055114524257,0.7115075255327892,0.08155393479135159,0.0,0.006123471399541586,0,-2.0956635207359125e-07,2.5000000000000004e-07
24,35,0.06901619481402971,0.6953515386506117,0.08155393479135159,0.0,0.006121275055359214,0,-2.946545143079441e-07,2.5000000000000004e-07
24,36,0.06822845218095738,0.6706805208302752,0.08155393479135159,0.0,0.006110595103862784,0,2.494706258570378e-07,2.5000000000000004e-07
24,37,0.07246932417556953,0.6605886294418317,0.08155393479135159,0.0,0.006098621203335714,0,3.6783915621069537e-07,2.5000000000000004e-07
24,38,0.0697773345464913,0.641849123676873,0.08155393479135159,0.0003672981869379773,0.006093998370748434,0,0.0006203039100340165,1.5418579308108595e-05
24,39,0.06811351667864098,0.6327852917435567,0.08155393479135159,0.000553496998522582,0.006092365371116156,0,0.0009561919613070767,2.2890191546408898e-05
24,40,0.06729245643892943,0.6246003312330217,0.08155393479135159,0.0013221428512913125,0.0060897550046008315,0,0.002134137224193645,5.447322309213375e-05
24,41,0.06835137628974905,0.6031575299504736,0.08155393479135159,0.002236549128159319,0.006077566554226005,0,0.003738183909464161,9.570936046677813e-05
24,42,0.06828490127465796,0.5911239066189075,0.08155393479135159,0.0031691225297343713,0.006071827667909422,0,0.005474606961767092,0.00013722600914966923
24,43,0.062278352266590606,0.5731191167023217,0.08155393479135159,0.004118104054159437,0.006073086254491195,0,0.006399714747866209,0.00016582522619913015
24,44,0.06624759442575716,0.5631724504559165,0.08155393479135159,0.005040461415070924,0.006061635665911692,0,0.008648012820241274,0.00021827308057398905
24,45,0.0664113100537462,0.5576065296377499,0.08155393479135159,0.006066053335821047,0.006058657150578435,1,0.014670432617014572,0.00037095034643226085
24,46,0.06623224444406017,0.5603194251013757,0.08155393479135159,0.006846660993606539,0.006060274361889397,1,0.01641883848184075,0.000416300942004771
24,47,0.06632599334384393,0.544437772871913,0.08155393479135159,0.007824322351204525,0.006052397866111546,1,0.0192649451943512,0.0004849670887172665
25,0,0.13198634421019065,0.425237029767892,0.05907058143070252,0.00912494235435607,0.005967354381967137,1,0.05150439188138287,0.0012886054346605827
25,1,0.13150396450574758,0.4284727132062143,0.05907058143070252,0.008523831535200884,0.005969731249812616,1,0.04671158735626182,0.001194163695144939
25,2,0.13216026011870313,0.43690523725353764,0.05907058143070252,0.008360305336377483,0.005972736567425138,1,0.04981112139319837,0.001164075247943383
25,3,0.12976159575926036,0.4343574120609087,0.05907058143070252,0.008002658953807527,0.005975495815222237,1,0.04328420573950814,0.0010977211165076664
25,4,0.1346911124392085,0.44447995433241316,0.05907058143070252,0.008398447175665798,0.00597220063435986,1,0.045989492522936645,0.0011800687625837523
25,5,0.13409739925115183,0.45202638653986305,0.05907058143070252,0.008723030554756796,0.0059768585608852435,1,0.04698804581991288,0.0012084595899569828
25,6,0.13441679170980184,0.45159508269331194,0.05907058143070252,0.009260680256329704,0.005976116578528754,1,0.048808132191222015,0.001286710989257279
25,7,0.13648050986286722,0.47096912862157764,0.05907058143070252,0.009334010995175387,0.005982094987266552,1,0.05164975498975955,0.001284931556432403
25,8,0.13686609928056878,0.47488663899867817,0.05907058143070252,0.009638193914060367,0.00598335668355925,1,0.055444702582391106,0.0013240855424471384
25,9,0.13675699822622586,0.4823769614918341,0.05907058143070252,0.009796426631395046,0.00598717964763955,1,0.05461372900992589,0.0013323771235790444
25,10,0.13728507543085075,0.4963487000180353,0.05907058143070252,0.009796477676782869,0.005993091336304301,1,0.05350004396451168,0.0013149985474983266
25,11,0.14118929200963162,0.49544195781190237,0.05907058143070252,0.009663361232179507,0.005986143531211685,1,0.05394657488038176,0.0013354772911446
25,12,0.14285680293638536,0.5155814916830839,0.05907058143070252,0.009935712568541992,0.005993154397521142,1,0.05310768998796025,0.001356443849411718
25,13,0.145530186883623,0.5369189825911035,0.05907058143070252,0.009466884297941645,0.0059990711490227,1,0.05143810936034605,0.0012845046221791896
25,14,0.1440853339963838,0.5482617379236827,0.05907058143070252,0.008640064060458487,0.00600699307656588,1,0.046063296188593505,0.0011458521903175503
25,15,0.14659406958063098,0.5457418503402042,0.05907058143070252,0.00833919481896736,0.0060015869052390544,1,0.04438368302385017,0.0011284074291966453
25,16,0.14972340365675654,0.5613510110166693,0.05907058143070252,0.007751328512567331,0.006003959134885461,1,0.04229888465244878,0.0010527181622356835
25,17,0.1534501542965637,0.5771283811095029,0.05907058143070252,0.007174712260278661,0.006005417438725354,1,0.040843433867175115,0.0009815301898835418
25,18,0.15035854855237785,0.591588502712613,0.05907058143070252,0.006467859186127435,0.006017599340744953,1,0.03404895637747106,0.0008536060857289726
25,19,0.15036586626033838,0.5951871960946361,0.05907058143070252,0.0051293459908765895,0.006019336509403503,0,0.01956665833100692,0.000481711283694427
25,20,0.153483825759139,0.5993593110522872,0.05907058143070252,0.004762021643254801,0.006016168021676582,0,0.018562169389183356,0.0004544726355407922
25,21,0.15714910871174298,0.6067114796568989,0.05907058143070252,0.0043843585485991675,0.00601363318760504,0,0.017348255181728302,0.0004251162334350856
25,22,0.15654459533996007,0.6075982382796129,0.05907058143070252,0.003017547236288732,0.006015071773110719,0,0.011880188221392215,0.0002911910626962739
25,23,0.16243100327318927,0.6044985458349289,0.05907058143070252,0.002571413782399171,0.006003754298283616,0,0.010245234963234887,0.00025830935769471095
25,24,0.16072994284775538,0.619454419352087,0.05907058143070252,0.0015217454558171446,0.006013859615285735,0,0.005917771612677081,0.00014892400710824624
25,25,0.16010067077040083,0.614431274934236,0.05907058143070252,0.0,0.006012466595767093,0,4.951800061672497e-07,2.5000000000000004e-07
25,26,0.1607539863355677,0.6081449592166164,0.05907058143070252,0.0,0.006008321888573527,0,5.012864900369977e-07,2.5000000000000004e-07
25,27,0.16644807626110172,0.6061662598345816,0.05907058143070252,0.0,0.005997869870942482,0,3.0052162941882436e-07,2.5000000000000004e-07
25,28,0.1641395963162387,0.6006244124882656,0.05907058143070252,0.0,0.0059990233839461275,0,4.9699765215857344e-11,2.5000000000000004e-07
25,29,0.16414440971135488,0.5863503528400276,0.05907058143070252,0.0,0.005992076582625262,0,3.819628970782401e-08,2.5000000000000004e-07
25,30,0.16536352549724345,0.5834074858817823,0.05907058143070252,0.0,0.00598861416265519,0,2.518920986281526e-07,2.5000000000000004e-07
25,31,0.16471832918183585,0.5741880343703984,0.05907058143070252,0.0,0.005985207812029503,0,-4.141773157202552e-07,2.5000000000000004e-07
25,32,0.1629312448375808,0.5620327659312999,0.05907058143070252,0.0,0.00598227747488981,0,-7.091599528057786e-08,2.5000000000000004e-07
25,33,0.16492010411055366,0.5501553774004558,0.05907058143070252,0.0,0.005973188978899029,0,1.8406212447416174e-08,2.5000000000000004e-07
25,34,0.16421825980646917,0.5452228138410362,0.05907058143070252,0.0,0.00597196094545334,0,1.1265082376337944e-08,2.5000000000000004e-07
25,35,0.16577435300320686,0.5153726364494104,0.05907058143070252,0.0,0.005954856953893404,0,-1.8531092716672378e-07,2.5000000000000004e-07
25,36,0.1614854067223399,0.5129054182805091,0.05907058143070252,0.0005242201962977572,0.005960805855529411,0,0.0023075474144542475,5.7967870570281665e-05
25,37,0.16605913702693498,0.48934060363734627,0.05907058143070252,0.00021303388893881042,0.005941727853459104,0,0.0009417501026058641,2.4917152415419934e-05
25,38,0.16768293694701383,0.48723854507075637,0.05907058143070252,0.00135510447801452,0.005937999686233547,0,0.006751875347900833,0.00016045756881529166
25,39,0.16102106833999635,0.47117624134711655,0.05907058143070252,0.002045165270525613,0.005941294736268473,0,0.00954293604683297,0.0002371984982038172
25,40,0.1630904109343907,0.4688671111802999,0.05907058143070252,0.0023922866068520135,0.005936723338113391,0,0.010985803703563923,0.00028183516591924067
25,41,0.1605931692456769,0.4595590121875417,0.05907058143070252,0.003188795444081374,0.005936360637250879,0,0.01516494943119234,0.00037428213862040013
25,42,0.15938058894303742,0.46727054485802993,0.05907058143070252,0.004276950572453537,0.005942130266136765,0,0.01966910685206858,0.0004933916137661247
25,43,0.15771415683589565,0.4496670064419133,0.05907058143070252,0.005565398519386273,0.005936350377363056,0,0.026626244317450698,0.0006496795444645273
25,44,0.15753785456731292,0.4397446662428993,0.05907058143070252,0.006742483892122833,0.005931820854658395,1,0.04460943127779371,0.0011149350288890993
25,45,0.15427538037805283,0.4308311936798754,0.05907058143070252,0.007973394492594942,0.0059329253735890255,1,0.054259025094154714,0.0013063884145482058
25,46,0.15225429557114217,0.4396865431743051,0.05907058143070252,0.009373258287835126,0.005940598532049224,1,0.05964359878865048,0.001498089674171121
25,47,0.15096010348808775,0.44001595732460436,0.05907058143070252,0.01029778285602616,0.005942915650732933,1,0.06497848266312477,0.0016311610648367767
26,0,0.13257005284754406,0.14892002776259217,0.049889825813015834,0.00696096404360672,0.006091366094915687,1,0.06355542595725536,0.0015936524941497666
26,1,0.1348531083762768,0.15582796934071166,0.049889825813015834,0.006743579091537679,0.006090919029523829,1,0.06320096221159044,0.001545255401238185
26,2,0.13457124243045313,0.15899465651514652,0.049889825813015834,0.007342173116937917,0.006092928167921108,1,0.06668359293770872,0.0016666661297004073
26,3,0.1347386341017497,0.16749249027681407,0.049889825813015834,0.0071750780099784734,0.0060967800732142025,1,0.06520519725629219,0.001599561762131676
26,4,0.14015040409011845,0.17088662642075092,0.049889825813015834,0.007199058370837091,0.006089410383859112,1,0.0643460679005521,0.0016567439707302796
26,5,0.13676275235010496,0.17340715778025084,0.049889825813015834,0.008478885435339116,0.006096281728392225,1,0.07977931783521386,0.0018934900534796019
26,6,0.141110487730319,0.16942616064397345,0.049889825813015834,0.008755330715233215,0.006087100295817289,1,0.08221314053655468,0.0020353172825377038
26,7,0.13921835417530734,0.18000829915120867,0.049889825813015834,0.009094607978100229,0.006095397946849992,1,0.08280581513475527,0.002037756350523623
26,8,0.14044599004197075,0.18468287755285856,0.049889825813015834,0.009475784809195736,0.006095624251573022,1,0.08577652836783974,0.0021203678790072257
26,9,0.1405778426056268,0.18774232626969573,0.049889825813015834,0.009783272894861297,0.00609689172931539,1,0.08647722104501317,0.0021769393804472598
26,10,0.14532816482873684,0.19774270849873965,0.049889825813015834,0.009926970071177313,0.006093835822527103,1,0.09122208416724167,0.0022360275860221486
26,11,0.14752662917883214,0.20077217838959519,0.049889825813015834,0.010074536000710392,0.006091644374251667,1,0.08731474331515694,0.0022892007534414493
26,12,0.14666650879489862,0.21402347662981677,0.049889825813015834,0.010062029386522758,0.006099519511536108,1,0.08708148548246145,0.0022127503728491702
26,13,0.15047280437181135,0.20077753811065865,0.049889825813015834,0.009979836736594278,0.006086736687683329,1,0.09278586727461223,0.0023129436977833984
26,14,0.1508569655590355,0.21173690145022067,0.049889825813015834,0.009759254304985697,0.006091423887328021,1,0.09218653830285574,0.002217611023134545
26,15,0.15123830217670733,0.2020205161780278,0.049889825813015834,0.009095251861866502,0.006086065083457918,1,0.08707161989221093,0.00211324145919544
26,16,0.15362588022273913,0.22278247536383422,0.049889825813015834,0.008440551569202589,0.006092178405763188,1,0.07760565833434858,0.0019108959301089965
26,17,0.15528276054220047,0.21371346471488045,0.049889825813015834,0.0073414750556876915,0.006085008391720844,1,0.06751416263511248,0.00171037476735738
26,18,0.16045108830622656,0.2246672348309596,0.049889825813015834,0.006496071722683511,0.006081719261476117,1,0.06264488121929061,0.001530377502344944
26,19,0.1578115693150057,0.22541990773905135,0.049889825813015834,0.005513187866861018,0.0060864843424584735,0,0.03696305155351063,0.0009111355601277669
26,20,0.16072816162743114,0.235644302964815,0.049889825813015834,0.004553390389248285,0.006086593547394733,0,0.03029842063202117,0.0007515213440015071
26,21,0.16278942329825907,0.2251352792138009,0.049889825813015834,0.0035358147822897924,0.006078049558064388,0,0.023496569588660407,0.0006031110962021592
26,22,0.16290795690759344,0.23212817990366236,0.049889825813015834,0.002384693719046617,0.00608125132877307,0,0.016225891589892127,0.00040160509416198537
26,23,0.164303457652866,0.22679017877135607,0.049889825813015834,0.0009004324434869032,0.006076330632536078,0,0.005901466012441822,0.00015452001827499692
26,24,0.1648768828049378,0.23705767242334985,0.049889825813015834,0.0,0.006080366066696788,0,1.20426904944139e-07,2.5000000000000004e-07
26,25,0.16645137009723016,0.22118172951349097,0.049889825813015834,0.0,0.006070024448961786,0,-1.8649579837275145e-07,2.5000000000000004e-07
26,26,0.16725375943270054,0.22447573178989236,0.049889825813015834,0.0,0.006070288384509253,0,4.5342243843176064e-07,2.5000000000000004e-07
26,27,0.16791062112631275,0.2179602656075519,0.049889825813015834,0.0,0.006066026374514595,0,-4.9728172241678024e-08,2.5000000000000004e-07
26,28,0.16930468345080585,0.2193815296105138,0.049889825813015834,0.0,0.006064393829530768,0,1.210718801372183e-07,2.5000000000000004e-07
26,29,0.1706366055227276,0.21409678362794912,0.049889825813015834,0.0,0.006059604985669374,0,4.258140078938222e-08,2.5000000000000004e-07
26,30,0.16641718538094424,0.2056453932498312,0.049889825813015834,0.0,0.006062529037805206,0,-2.4157780380315293e-07,2.5000000000000004e-07
26,31,0.16816083329846618,0.21335075331777237,0.049889825813015834,0.0,0.0060633686190868065,0,1.1349317032440472e-07,2.5000000000000004e-07
26,32,0.16808751517531523,0.19662417042250993,0.049889825813015834,0.0,0.006055359838162418,0,1.904778740989595e-07,2.5000000000000004e-07
26,33,0.16794718560282845,0.20362166194657363,0.049889825813015834,0.0,0.006058995279162982,0,3.3341195257562385e-07,2.5000000000000004e-07
26,34,0.16792578680549533,0.20607066700599316,0.049889825813015834,8.548565528626966e-06,0.006060221432395755,0,6.069083620871044e-05,1.5622788143459713e-06
26,35,0.1659729829323543,0.19111942591920927,0.049889825813015834,0.0004953564734883811,0.006056208141100469,0,0.0036407522561104372,9.229153215693256e-05
26,36,0.166108173880123,0.1924373209387736,0.049889825813015834,0.0005664756669454833,0.0060566234662664765,0,0.004246170609952798,0.00010533487800510612
26,37,0.1651104774958892,0.1815096783840669,0.049889825813015834,0.001230443691512084,0.00605297424510944,0,0.008727403481232108,0.00023279084338324364
26,38,0.16466644293928032,0.18211510300726794,0.049889825813015834,0.0021013144608086893,0.006054008606340066,0,0.015609516092444216,0.00039596514243180476
26,39,0.16275313040144215,0.1568781980631443,0.049889825813015834,0.0028212328884377087,0.0060449295206664025,0,0.023110163263090552,0.0005559455968524965
26,40,0.1628314878303713,0.1638651647912192,0.049889825813015834,0.0035192910570736235,0.0060481953671110015,0,0.026677594951230715,0.0006828179495644739
26,41,0.16386184527666225,0.1706523916746894,0.049889825813015834,0.00494660833526736,0.0060497774511022034,0,0.037283725207655334,0.0009511942934750074
26,42,0.16042950178774268,0.15617285059253114,0.049889825813015834,0.006025291565437272,0.006048459357779909,0,0.04988917685693162,0.001172291817397312
26,43,0.15654032446658397,0.17030467293540263,0.049889825813015834,0.007106510221403466,0.006061810955842959,1,0.0741108007801506,0.0018290732715571898
26,44,0.1576436356869847,0.16090451855674695,0.049889825813015834,0.008031522543662092,0.006055402584319334,1,0.08283382304157824,0.0021263923491770306
26,45,0.1508786754420067,0.15800475760288712,0.049889825813015834,0.008812119939877528,0.006065267912041726,1,0.09161309729550351,0.002247864523674352
26,46,0.1531870350718444,0.1689005004947985,0.049889825813015834,0.009567791921279632,0.0060667171876755644,1,0.09321273185955267,0.0024173783999799
26,47,0.153397324904778,0.1610558539566678,0.049889825813015834,0.010149989032150048,0.0060625533347757506,1,0.10743574449151881,0.002613979041195408
27,0,0.09137219809926453,0.19120530583991432,0.07838903287873761,0.010129631762304438,0.005887374552821274,1,0.057898406019106174,0.0014745515041541088
27,1,0.09298317938227652,0.200828047204387,0.07838903287873761,0.010308668945907862,0.005889367305512873,1,0.05767775985695605,0.001496723934019486
27,2,0.09216023747488146,0.21049922485494757,0.07838903287873761,0.009963078744713827,0.005895440142271998,1,0.05456085004206592,0.0014057794395647661
27,3,0.09392904544127298,0.20807845684404763,0.07838903287873761,0.01006036937292772,0.005891315366767158,1,0.05768164186963716,0.0014538388945381142
27,4,0.09242982029651339,0.20612780742177592,0.07838903287873761,0.009619153895697369,0.005892865842983709,1,0.054684891868871634,0.0013733168807275363
27,5,0.09476370991413159,0.22160180974915686,0.07838903287873761,0.009771551962514946,0.005896498111419044,1,0.0554068499747098,0.001386780006302612
27,6,0.09991355482781174,0.20618058819472987,0.07838903287873761,0.010146401246635463,0.005880418609418397,1,0.06275414410126853,0.0015657109584936608
27,7,0.09633552400245513,0.22426311217086567,0.07838903287873761,0.010353092500758759,0.005895172109949057,1,0.062065303932585324,0.001485934780198343
27,8,0.0974558121960707,0.24191468698035434,0.07838903287873761,0.010441159059345005,0.0059018855896031995,1,0.05800259469284192,0.0014657609140313944
27,9,0.0947054846056079,0.24500518723505774,0.07838903287873761,0.010333006354709285,0.00590797179543334,1,0.0549783878680787,0.0014015396632760272
27,10,0.09972140069062756,0.2367006915238549,0.07838903287873761,0.010756038602632407,0.0058955750276542505,1,0.059522063867431044,0.0015603061664677047
27,11,0.10204318347432272,0.24499101502490564,0.07838903287873761,0.010067030785743131,0.005895735408049992,1,0.05742600448827473,0.0014712971735746595
27,12,0.10254822135116717,0.24950713124655602,0.07838903287873761,0.009572347981066372,0.005897089012529665,1,0.05475775706806175,0.001394229870277332
27,13,0.10337615406438382,0.2551679280137674,0.07838903287873761,0.009179142353320954,0.005898460900880587,1,0.053083043555389356,0.0013338715978178063
27,14,0.10281245329200775,0.2707853668082732,0.07838903287873761,0.008582157744818011,0.005906992212692987,1,0.0482541241457501,0.001206171118158738
27,15,0.10852988245766526,0.2693808354071271,0.07838903287873761,0.0077186116078008645,0.005896780405763556,1,0.04382887374128484,0.0011479668491423767
27,16,0.10368900064230398,0.2614769879780367,0.07838903287873761,0.006834788714811211,0.005901006394066684,1,0.03761267010150839,0.0009849238265923546
27,17,0.10883890693616378,0.2762324815513235,0.07838903287873761,0.005326521483999903,0.005899596026286155,1,0.030590424737402207,0.0007849797550075719
27,18,0.10895561635232072,0.2694466516025794,0.07838903287873761,0.004773464897704397,0.005896102843256364,0,0.020266355685284013,0.0005090327699440849
27,19,0.10832018640819872,0.2787470644548965,0.07838903287873761,0.003847507192397269,0.005901682927188666,0,0.016346151211584364,0.00040132635627255727
27,20,0.10794961043568196,0.28679208982035675,0.07838903287873761,0.0026204578845106345,0.005906211330028849,0,0.010670037900396537,0.0002686663947562565
27,21,0.1094317701176096,0.27771744093411516,0.07838903287873761,0.0012904436307428124,0.005899329776239269,0,0.005165252523021464,0.00013622773244817603
27,22,0.1103324712036521,0.2812060816104121,0.07838903287873761,9.01781630949909e-05,0.005899524474757953,0,0.0003814213803139047,9.540499577808577e-06
27,23,0.11433103386895645,0.2810032016998764,0.07838903287873761,0.0,0.00589276158147038,0,2.6620580570960067e-08,2.5000000000000004e-07
27,24,0.11404308406345738,0.27622803306577653,0.07838903287873761,0.0,0.005890920235282413,0,-1.6510686845934914e-07,2.5000000000000004e-07
27,25,0.11263587349123098,0.28482084085606185,0.07838903287873761,0.0,0.005897442645578624,0,2.688780839393345e-07,2.5000000000000004e-07
27,26,0.11388221103157642,0.27680927209717987,0.07838903287873761,0.0,0.005891470903753591,0,-1.90479779678532e-07,2.5000000000000004e-07
27,27,0.11560122187890236,0.26532480000138803,0.07838903287873761,0.0,0.005883023156183705,0,2.2651532454396493e-07,2.5000000000000004e-07
27,28,0.11354980758978904,0.25295730525185117,0.07838903287873761,0.0,0.005880430203384536,0,2.639457289993457e-07,2.5000000000000004e-07
27,29,0.11439069307985315,0.2619994881967559,0.07838903287873761,0.0,0.0058834242331659795,0,1.161157503105105e-07,2.5000000000000004e-07
27,30,0.11595737618710122,0.24837612919145785,0.07838903287873761,0.0,0.005874190628470768,0,4.1373872331433983e-07,2.5000000000000004e-07
27,31,0.11682013651014178,0.2538215162115909,0.07838903287873761,0.0,0.005875399757733821,0,2.2230418890106567e-08,2.5000000000000004e-07
27,32,0.1128001722196756,0.2544140762563527,0.07838903287873761,0.000215458872051488,0.005882387748239691,0,0.0010040707457864967,2.4436175378257094e-05
27,33,0.1145924870574765,0.2321508590475876,0.07838903287873761,0.0,0.005868578159589095,0,5.8820875897728515e-08,2.5000000000000004e-07
27,34,0.11273419316289462,0.2237849442851294,0.07838903287873761,9.440429446036017e-05,0.005867608551959426,0,0.0004567454957795871,1.1336196794910755e-05
27,35,0.1125364524657172,0.21936257241712168,0.07838903287873761,0.0007852369032663949,0.005865788355685551,0,0.0037997023206268045,9.49465881527069e-05
27,36,0.11295055209712399,0.2149281495430722,0.07838903287873761,0.0015320072073695006,0.005862942567402766,0,0.007233945189307408,0.0001875642224075435
27,37,0.1114688623876072,0.23123032413202005,0.07838903287873761,0.0023862820376207346,0.00587333671845492,0,0.011756797417551904,0.0002792818814285614
27,38,0.11005740726599653,0.2208233691414212,0.07838903287873761,0.0034638823964171475,0.005870630207203842,0,0.016353981434624663,0.0004084319609659382
27,39,0.11058004558377812,0.21524692265797826,0.07838903287873761,0.00440270168354965,0.005867048370744754,0,0.020693366515196366,0.0005273770687194254
27,40,0.10931490784050397,0.20942642401085437,0.07838903287873761,0.005405901033177812,0.005866327524585637,0,0.025375337637462043,0.00064764725847542
27,41,0.10975019136372324,0.19633073878746354,0.07838903287873761,0.006619788080704059,0.005859236093952234,1,0.04637917502921685,0.0011450703434166406
27,42,0.10739302711241415,0.1971207922498405,0.07838903287873761,0.006946160555429704,0.005863548754804182,1,0.04534649981146778,0.0011737869330352953
27,43,0.10466026763384947,0.18267979937958342,0.07838903287873761,0.007890981341994646,0.005861083426845416,1,0.05518715892684843,0.0013398876055074687
27,44,0.10338362267155432,0.1952197941158133,0.07838903287873761,0.008890735307476652,0.005869306999223798,1,0.05979418783389085,0.0014520421222819686
27,45,0.10494214642723033,0.20049533342040973,0.07838903287873761,0.00954491875958283,0.005869273957904072,1,0.061414387665503466,0.001565145906438017
27,46,0.10460863904725339,0.21071186983181145,0.07838903287873761,0.01010214919115476,0.00587479617540402,1,0.06417547968477266,0.0016172439138537097
27,47,0.10358859904037455,0.19862865348703068,0.07838903287873761,0.009940794845498483,0.005870622456358994,1,0.06442909363134892,0.0016152577200543548
28,0,0.06849987533768125,0.2997808634334973,0.0551514882514471,0.010729033036559811,0.006123698625434102,1,0.03764768748453735,0.0009454433236900491
28,1,0.06982744808680758,0.30628510245338836,0.0551514882514471,0.010182431117493068,0.006124647787042451,1,0.03652336724120365,0.0009049161551213268
28,2,0.06859299441474825,0.3122552953955682,0.0551514882514471,0.009771510060178299,0.006129607386953887,1,0.033485534021226004,0.0008447944344198909
28,3,0.07079438698500624,0.32019531906800897,0.0551514882514471,0.01018828437237745,0.006129798133066449,1,0.036945680550183754,0.0008975724811990879
28,4,0.07605888904987702,0.3268597079945292,0.0551514882514471,0.01047358917948746,0.006124263596464278,1,0.03951946479187201,0.000980908701423942
28,5,0.07352928320798459,0.33666983283235224,0.0551514882514471,0.011166816371459427,0.006133248416885818,1,0.03942128056977591,0.0009956876620181199
28,6,0.07384764731486824,0.3362642195354642,0.0551514882514471,0.010840476813044803,0.0061325206369105805,1,0.03958825176721339,0.0009713842369568054
28,7,0.07312369300699521,0.34178970876071946,0.0551514882514471,0.011333159836624121,0.006136413229130424,1,0.04013517276843514,0.000997054671532101
28,8,0.07292285373899737,0.3687159449580836,0.0551514882514471,0.011042175132135528,0.006149837103839695,1,0.03755318258438041,0.0009305182078789264
28,9,0.07574351772347215,0.37709108799274493,0.0551514882514471,0.010542466464604057,0.006149207247285197,1,0.03644031228571559,0.0009116196181145867
28,10,0.07624800873109262,0.3792063480035758,0.0551514882514471,0.00994502583163662,0.0061493946803333165,1,0.03343849796026813,0.0008630548910598259
28,11,0.0784069670144242,0.3796831405940039,0.0551514882514471,0.008961945422125904,0.006146028190703667,1,0.032554500049473155,0.000799214971518597
28,12,0.07628703229234791,0.3946629441512369,0.0551514882514471,0.008144891890733048,0.006156843264191893,1,0.028203928067822178,0.000691861873379798
28,13,0.07987162993853056,0.40707821864746163,0.0551514882514471,0.007836655509515816,0.006156904137661698,1,0.027754542438818534,0.0006850631813146154
28,14,0.07755476680635623,0.40621055414670143,0.0551514882514471,0.006823401482406348,0.006160343794860786,1,0.02305573384627994,0.0005798750399224555
28,15,0.08061862379840797,0.40190271150020734,0.0551514882514471,0.005492312142521299,0.00615314327636532,0,0.014132855109414841,0.0003486328612677227
28,16,0.0816975996479426,0.4082505852144926,0.0551514882514471,0.004587255682097381,0.006154430755227206,0,0.011538475508736542,0.00029251167125733993
28,17,0.08316516592760194,0.4266768868094853,0.0551514882514471,0.003485880194934799,0.006160942041369784,0,0.008926071250292988,0.00022071189342068957
28,18,0.08344811074344838,0.41379268208417563,0.0551514882514471,0.0023923464218271614,0.006154207311601904,0,0.00634365859801233,0.0001546456635506176
28,19,0.08127007962518772,0.4255616690435268,0.0551514882514471,0.001061891299611594,0.006163558398793134,0,0.0026168671989528778,6.580032565280802e-05
28,20,0.08449860215322158,0.4166337195213017,0.0551514882514471,3.982777900808255e-05,0.006153837552450885,0,9.906479029964736e-05,2.5969312613094045e-06
28,21,0.08422426669375972,0.4195716896336802,0.0551514882514471,0.0,0.006155722958132394,0,1.227652807431452e-07,2.5000000000000004e-07
28,22,0.08656716250560731,0.4238501762398158,0.0551514882514471,0.0,0.006153897951657298,0,-3.227775142362819e-07,2.5000000000000004e-07
28,23,0.08331093937963749,0.4138680397948118,0.0551514882514471,0.0,0.006154472562762037,0,1.3981566506004375e-07,2.5000000000000004e-07
28,24,0.08471100572629306,0.41391934142867254,0.0551514882514471,0.0,0.006152164057145182,0,7.655141823183007e-08,2.5000000000000004e-07
28,25,0.0854579564037384,0.38539066207815326,0.0551514882514471,0.0,0.006137051031331826,0,-2.9301985577383105e-07,2.5000000000000004e-07
28,26,0.08737749860210846,0.3872780898293932,0.0551514882514471,0.0,0.00613476929393584,0,-2.617289316131264e-07,2.5000000000000004e-07
28,27,0.08581701115843487,0.3944623391727034,0.0551514882514471,0.0,0.006140862449772739,0,9.779269048032666e-08,2.5000000000000004e-07
28,28,0.08719963353984958,0.38018506739784863,0.0551514882514471,0.0,0.006131617738690938,0,3.802018420910518e-07,2.5000000000000004e-07
28,29,0.08654261380775255,0.37771874854364734,0.0551514882514471,0.0,0.006131513866579196,0,1.7032620024385217e-08,2.5000000000000004e-07
28,30,0.08623388168305407,0.3605670111596178,0.0551514882514471,0.0,0.006123690770003124,0,1.3252728639365945e-07,2.5000000000000004e-07
28,31,0.08416959291776492,0.3608348748398721,0.0551514882514471,0.0,0.0061272614627898405,0,2.0487497588425652e-08,2.5000000000000004e-07
28,32,0.08414335899961765,0.34298897336749357,0.0551514882514471,6.344319581751503e-06,0.006118630094993235,0,1.7971955821736146e-05,4.579196975932347e-07
28,33,0.08494493589288772,0.3472625045198749,0.0551514882514471,0.0009338427324613891,0.006119371544481304,0,0.0027518057995368126,6.760333156709081e-05
28,34,0.08643696884480258,0.3271987161942156,0.0551514882514471,0.00146654650923092,0.006107131592458694,0,0.004439890463593166,0.00011143422848816807
28,35,0.08480252242158297,0.3330110370953836,0.0551514882514471,0.0024626752231748433,0.006112681103602129,0,0.007077127361361477,0.00018192291456967308
28,36,0.084822117072531,0.30844312495389004,0.0551514882514471,0.0025503263814051357,0.0061007057107817664,0,0.007471419369913862,0.00019596393667709454
28,37,0.0825789813518061,0.3059821590833636,0.0551514882514471,0.0037929925492843266,0.00610324796746258,0,0.011363912940077193,0.00028488504397416493
28,38,0.08198109940595853,0.30304264662517905,0.0551514882514471,0.004775540094290126,0.006102815507705153,0,0.014851347830072576,0.0003578094738503141
28,39,0.08066795657265882,0.30202202041446297,0.0551514882514471,0.005627801199094476,0.006104507941352665,0,0.01623623105599904,0.0004156104598250028
28,40,0.08060128237813498,0.30708292336051735,0.0551514882514471,0.007515019979865856,0.006107079226164537,1,0.031003029059841602,0.0007699027862046045
28,41,0.07972555483634505,0.29649895417224914,0.0551514882514471,0.008395760590540962,0.006103393787045446,1,0.03533254319966532,0.0008657925101958341
28,42,0.07818641811601902,0.2888870944828169,0.0551514882514471,0.009156139930889045,0.006102258805341404,1,0.03640254678032571,0.0009379052521686648
28,43,0.07796719796917975,0.28792403368639274,0.0551514882514471,0.009459481136579916,0.006102156017698985,1,0.03926965440440038,0.0009678406058443912
28,44,0.07903149223973685,0.2871582280915389,0.0551514882514471,0.01021732937565328,0.006100009927306114,1,0.044581029711200676,0.0010610289361380413
28,45,0.08006384185517162,0.2892056959138882,0.0551514882514471,0.010529526340145182,0.00609928464147181,1,0.04351917026347419,0.001103890808846759
28,46,0.07636570707026169,0.3000546737306458,0.0551514882514471,0.010761582577865527,0.006110722008107583,1,0.042878073742032494,0.0010567263192481557
28,47,0.07442992979278734,0.2973222383666371,0.0551514882514471,0.011129478061865728,0.006112620036379202,1,0.0434612292890086,0.0010699965945763811
29,0,0.1102025848619391,0.6639556715891094,0.08587684792355367,0.008952060567302987,0.0061623011835797385,1,0.03392518891542478,0.0008144944797996309
29,1,0.11277356210727718,0.6667215343621082,0.08587684792355367,0.00898553234580783,0.006159360738129938,1,0.03308678421528171,0.0008343406761423903
29,2,0.11131632809568454,0.676510232375003,0.08587684792355367,0.009169709044187773,0.006166547856349972,1,0.03377802715043231,0.000832443068334771
29,3,0.11444735250610943,0.6804139409777179,0.08587684792355367,0.009650781928792835,0.0061632271184589174,1,0.034338567998783764,0.000897355146801588
29,4,0.11185449772751001,0.705599341439392,0.08587684792355367,0.010375544057302866,0.0061797914460921186,1,0.0367757026567387,0.0009204746363347767
29,5,0.11803464060250554,0.7251047267626589,0.08587684792355367,0.01028721460972498,0.00617897299249927,1,0.03717740339102308,0.0009456791228132388
29,6,0.11813940228288833,0.7483926433883387,0.08587684792355367,0.01003747865016745,0.006190118904725004,1,0.03589434588588154,0.0009040818783739275
29,7,0.11867125598856099,0.7570205851639871,0.08587684792355367,0.009578030025823305,0.006193426620245379,1,0.03403951756438555,0.000859876663137706
29,8,0.11975373594852684,0.7785571102146487,0.08587684792355367,0.009320099482874147,0.006202091631100618,1,0.03299130521334556,0.0008283641928186155
29,9,0.12172115150495486,0.7851408031381621,0.08587684792355367,0.009434355388060233,0.0062020130114555025,1,0.03499427470605796,0.0008473930920307503
29,10,0.12292434211282796,0.8,0.08587684792355367,0.008610370418609004,0.00620723091447244,1,0.03045539509846191,0.0007710237790666821
29,11,0.12545094017836453,0.8,0.08587684792355367,0.007571222634193764,0.006203019917696545,1,0.02749779566363872,0.0006919074101295329
29,12,0.12593162511739278,0.8,0.08587684792355367,0.006794924722538386,0.006202218776131498,1,0.025494564904960406,0.0006233435959998932
29,13,0.1266527362123767,0.8,0.08587684792355367,0.0060188822951372,0.006201016924306526,0,0.01631837539593776,0.0003966527191885245
29,14,0.12854830052311286,0.8,0.08587684792355367,0.004743285560330048,0.006197857650455298,0,0.012757426672594264,0.0003172675241046029
29,15,0.12742076563724783,0.8,0.08587684792355367,0.0034832689403143102,0.006199736875265073,0,0.00936572687753388,0.000230944288596841
29,16,0.1330943658002701,0.8,0.08587684792355367,0.002348285547831402,0.00619028087499337,0,0.006760114321458092,0.00016262622659334836
29,17,0.1311911716598038,0.8,0.08587684792355367,0.0008129346357625371,0.00619345286522748,0,0.002179950909337117,5.549326106555731e-05
29,18,0.13031793858319685,0.8,0.08587684792355367,0.00019530548987130514,0.006194908253688492,0,0.000515387881314394,1.3243374531992986e-05
29,19,0.1330041359797088,0.8,0.08587684792355367,0.0,0.006190431258027638,0,-5.570588920984286e-07,2.5000000000000004e-07
29,20,0.13323287251472216,0.8,0.08587684792355367,0.0,0.006190050030469283,0,2.0449302139074596e-07,2.5000000000000004e-07
29,21,0.13801903747728994,0.8,0.08587684792355367,0.0,0.006182073088865004,0,8.222817130736006e-08,2.5000000000000004e-07
29,22,0.13559660183061187,0.8,0.08587684792355367,0.0,0.006186110481609467,0,-7.526234286675976e-08,2.5000000000000004e-07
29,23,0.13861188922316972,0.8,0.08587684792355367,0.0,0.00618108500262187,0,6.023329020947505e-08,2.5000000000000004e-07
29,24,0.1348837080388261,0.8,0.08587684792355367,0.0,0.00618729863792911,0,-2.1947928187083962e-07,2.5000000000000004e-07
29,25,0.13743604126522313,0.8,0.08587684792355367,0.0,0.006183044749218448,0,2.52089842146964e-07,2.5000000000000004e-07
29,26,0.14022077024519347,0.8,0.08587684792355367,0.0,0.006178403534251831,0,-1.6581776187874604e-07,2.5000000000000004e-07
29,27,0.1399370642461686,0.787992317372606,0.08587684792355367,0.0,0.006173039309639667,0,1.360797471745755e-07,2.5000000000000004e-07
29,28,0.13597440867791113,0.7800371783193362,0.08587684792355367,0.0,0.006175776654102534,0,-1.3431884184778832e-07,2.5000000000000004e-07
29,29,0.13430238247879547,0.7691855290594353,0.08587684792355367,0.0,0.006173288257155275,0,-6.448196540159812e-08,2.5000000000000004e-07
29,30,0.13704117958661285,0.7425801931573925,0.08587684792355367,0.0,0.006155790445912086,0,1.260260348974925e-07,2.5000000000000004e-07
29,31,0.13553139109642381,0.7206266885500971,0.08587684792355367,1.4241401225266242e-07,0.006147634917544966,0,7.132702530190125e-07,2.5000000000000004e-07
29,32,0.13811061260226307,0.7074816494470026,0.08587684792355367,0.0008601923969688133,0.00613694626547123,0,0.002671438791422618,6.718493965023957e-05
29,33,0.13601573404499362,0.6724933031081058,0.08587684792355367,0.0011478047157988487,0.0061234295058186046,0,0.00373006900179054,9.129940760097322e-05
29,34,0.13511135687363232,0.6715902165877093,0.08587684792355367,0.0018332726108429846,0.006124497800712347,0,0.005754405573844647,0.00014498150658766727
29,35,0.1325470771982363,0.6516402341926982,0.08587684792355367,0.0024592633066219316,0.006119073692062655,0,0.007833601061452089,0.0001945906297955043
29,36,0.13229948716932868,0.6546147065153538,0.08587684792355367,0.003814665886265973,0.006120932266156569,0,0.01194373659720623,0.00030038244323227735
29,37,0.13155087533933565,0.6257519064590589,0.08587684792355367,0.0048841070762060184,0.006108149424734748,0,0.015816408986250644,0.00039373537937620757
29,38,0.1300469286073986,0.618067786507187,0.08587684792355367,0.005713334109172293,0.006106920666533594,0,0.018873971189030093,0.0004589403114533138
29,39,0.12873057099568155,0.6116707373463819,0.08587684792355367,0.0071835537019207946,0.006106004919211064,1,0.03186063257882628,0.0008050133802906892
29,40,0.12499904384624744,0.5991285148628978,0.08587684792355367,0.008362450800375692,0.006106127217419538,1,0.03774488745624919,0.0009220310747591019
29,41,0.12406062758010085,0.6070371979951679,0.08587684792355367,0.009285453469494623,0.006111535743274637,1,0.04085930130602949,0.0010076828927234206
29,42,0.1250268226179856,0.6036548270780617,0.08587684792355367,0.010367078892224591,0.006108281210126791,1,0.044625789728392234,0.0011378627839349125
29,43,0.12134682564246066,0.6243621566156613,0.08587684792355367,0.01036436089868738,0.006124480601388999,1,0.044886529060350455,0.0010805494178720992
29,44,0.12258790790606436,0.6146553627938062,0.08587684792355367,0.010187680756515865,0.006117693550619591,1,0.04334697957185988,0.0010838150700862097
29,45,0.11750059237560491,0.6148624843786588,0.08587684792355367,0.010887924469747162,0.006126273093940771,1,0.04420028086585273,0.0011100022960184716
29,46,0.11607133701285396,0.6297125148373353,0.08587684792355367,0.011447806375660709,0.006135873951018323,1,0.04648752045904325,0.0011353736648285128
29,47,0.11710643168379757,0.6281266343502699,0.08587684792355367,0.011291715717831514,0.006133377879107761,1,0.04569934495510054,0.0011317143713365362
30,0,0.0677035944598187,0.5580148703580369,0.04585131393125387,0.009669000326490306,0.005980921969672684,1,0.023834270400369253,0.0005921748915066986
30,1,0.06723733189185345,0.5681998988370994,0.04585131393125387,0.010056587145116213,0.005986650129463282,1,0.023870779708319353,0.0006048260847719549
30,2,0.06897569585237441,0.5885761840959154,0.04585131393125387,0.009880081505209694,0.005993657994863228,1,0.024574055438832586,0.0005962488993332655
30,3,0.0658234758417083,0.5976756211199157,0.04585131393125387,0.00936881802104294,0.006003335032323226,1,0.02167688739120575,0.0005343486013078702
30,4,0.06909736307158522,0.6159305520608224,0.04585131393125387,0.00913551896788929,0.006006752478369706,1,0.021296718757839818,0.0005365831159555932
30,5,0.06787708896112607,0.6326060614055296,0.04585131393125387,0.009707960417961823,0.006016892418929704,1,0.022256136348939255,0.0005506121493073748
30,6,0.07017218473488311,0.6377392913080708,0.04585131393125387,0.009162754390199387,0.006015562579398288,1,0.022120716397792416,0.0005344668459261041
30,7,0.07021453853898608,0.645032025702478,0.04585131393125387,0.008452427764060664,0.006019037068944287,1,0.019003173581617468,0.0004897140107094399
30,8,0.07221810914661572,0.674995455258849,0.04585131393125387,0.008351412721989467,0.006030263340632584,1,0.019245199957114253,0.0004831381395103895
30,9,0.07170541420182514,0.684934271435191,0.04585131393125387,0.008374198228480918,0.006035949201181846,1,0.019461554950609243,0.0004764105206301419
30,10,0.07528440538173359,0.6896693022859508,0.04585131393125387,0.007536667238612434,0.006032285966990007,0,0.012782264292893484,0.0003200859535592166
30,11,0.07446004552903263,0.6958229921315923,0.04585131393125387,0.006418237157981923,0.00603665127708614,1,0.015111067347932468,0.0003752285228000685
30,12,0.07382997175026243,0.7104032030945433,0.04585131393125387,0.005480710024447502,0.006044789002602191,0,0.008817760525037577,0.00022382659868574008
30,13,0.07682901173190078,0.7152214530858674,0.04585131393125387,0.004970359561797609,0.0060421328074896875,0,0.008206321157823488,0.0002102791134226555
30,14,0.0732542264710525,0.7280070567695728,0.04585131393125387,0.003552310361038101,0.006054306006937347,0,0.005716531622840273,0.00014160330681750908
30,15,0.07874275308294629,0.7346311689245313,0.04585131393125387,0.001953526402601956,0.006048378517103962,0,0.003208919910254034,8.319845125084874e-05
30,16,0.07448338065192273,0.7337743195088793,0.04585131393125387,0.0010443991366714072,0.006055060947134171,0,0.0016543348188588157,4.210681082139605e-05
30,17,0.07721692826748904,0.7342858275532715,0.04585131393125387,0.0,0.006050753684185362,0,1.8614479514788976e-07,2.5000000000000004e-07
30,18,0.0804453778569613,0.7389166645351991,0.04585131393125387,0.0,0.006047624036180234,0,-2.8300133748340094e-08,2.5000000000000004e-07
30,19,0.07827156296590955,0.718367308385548,0.04585131393125387,0.0,0.006041257790648129,0,-2.7251439497940495e-08,2.5000000000000004e-07
30,20,0.07973989652261532,0.7054029833424511,0.04585131393125387,0.0,0.006032508465602114,0,1.3583703639930803e-07,2.5000000000000004e-07
30,21,0.08058998022283088,0.7090073594236547,0.04585131393125387,0.0,0.006032843786696784,0,-1.8693277827157063e-07,2.5000000000000004e-07
30,22,0.07986132848090421,0.699251193024822,0.04585131393125387,0.0,0.006029315625378341,0,2.1126316369211897e-07,2.5000000000000004e-07
30,23,0.08056810084479026,0.6817142425721923,0.04585131393125387,0.0,0.006019612764968502,0,-5.187840479722003e-07,2.5000000000000004e-07
30,24,0.07836635005205392,0.6888548593566847,0.04585131393125387,0.0,0.00602675348278219,0,1.9072533450884435e-07,2.5000000000000004e-07
30,25,0.0789426829708239,0.6668739840390403,0.04585131393125387,0.0,0.006015107780193719,0,5.079301637904873e-08,2.5000000000000004e-07
30,26,0.07801270032249935,0.6510896751171458,0.04585131393125387,0.0,0.006008984823326117,0,1.1348768706711309e-07,2.5000000000000004e-07
30,27,0.08060217835514648,0.6366988469205986,0.04585131393125387,0.0,0.005997673485120605,0,5.534465668738232e-07,2.5000000000000004e-07
30,28,0.08267618627002847,0.6254087073387203,0.04585131393125387,0.0,0.005988728542965722,0,2.7803274816702106e-08,2.5000000000000004e-07
30,29,0.0849776049313945,0.6140280724269721,0.04585131393125387,1.615086366767896e-05,0.00597936059211468,0,3.338059555637655e-05,8.349743787841819e-07
30,30,0.07693189442189993,0.6044605038726619,0.04585131393125387,0.0005991490690791721,0.0059881192082499365,0,0.0011681011951617374,2.832440347010327e-05
30,31,0.07898367122853238,0.5777904759200673,0.04585131393125387,0.0010678627213682964,0.005971734983317482,0,0.00215052806892553,5.332700184688936e-05
30,32,0.08046680993818163,0.5665831585605524,0.04585131393125387,0.0014741361029651122,0.005963815083973858,0,0.003038457751390328,7.592197186141655e-05
30,33,0.07842688260041504,0.5561105967532498,0.04585131393125387,0.003248690161434865,0.0059621241342138085,0,0.00647541791511489,0.00016497664795795284
30,34,0.07691782185393112,0.550465569283804,0.04585131393125387,0.0038650041060248924,0.005961895124882523,0,0.007552879977614838,0.00019371709450277736
30,35,0.07798686047884919,0.5333154576056782,0.04585131393125387,0.004251411175179664,0.005951776533997459,0,0.008557509014342875,0.0002202904461470904
30,36,0.07611746558955249,0.5161151779124366,0.04585131393125387,0.005199877805800233,0.005946530945073183,0,0.010316687444656802,0.0002682762284469183
30,37,0.07603851862907027,0.5209294485676086,0.04585131393125387,0.0060124246026433716,0.005949002793798029,1,0.017283280098217717,0.0004313914837013495
30,38,0.0746654330211325,0.5122804159667278,0.04585131393125387,0.007317554352598574,0.005947086878963608,1,0.021096715859865816,0.0005208067110499989
30,39,0.07499892724900609,0.5113435086578508,0.04585131393125387,0.008337613682079822,0.0059460756141975595,1,0.02366474047042182,0.0005967161604756981
30,40,0.07171931349345581,0.5151445924959277,0.04585131393125387,0.009222836177038318,0.005953389386211431,1,0.024348174717712355,0.0006283882992479937
30,41,0.07165005600763258,0.5097532710450361,0.04585131393125387,0.01000508276651858,0.0059508840340936195,1,0.027760790960054054,0.0006853686016955747
30,42,0.06929104896961873,0.5082825763150264,0.04585131393125387,0.010476294736017033,0.005954100791440999,1,0.02666749846917481,0.0006952292420724732
30,43,0.06912438950455309,0.507579025923075,0.04585131393125387,0.011210918199023217,0.005954036553553354,1,0.029930817777779943,0.000742810365113754
30,44,0.06980816059295987,0.5160052904797928,0.04585131393125387,0.011243489658462065,0.005956993035898859,1,0.029468998929569973,0.0007448967284952037
30,45,0.06851300124862686,0.5239617648614271,0.04585131393125387,0.01128336025839172,0.0059630193654082635,1,0.029585849541907367,0.0007268887073028003
30,46,0.06802185090135125,0.5386803286760125,0.04585131393125387,0.010868099553163415,0.005970992806730258,1,0.025798072801007134,0.0006834520945698006
30,47,0.0703644025951937,0.5504084541008515,0.04585131393125387,0.010677829697256542,0.005972789725988705,1,0.02727481957493572,0.0006854612037609516
31,0,0.06948696467244052,0.14837615152315103,0.025461305050134164,0.009461539850502272,0.0060677815876102065,1,0.04477517725328666,0.0011233026546197307
31,1,0.0715752823490903,0.14056960398152402,0.025461305050134164,0.009475910432253643,0.006060506208649722,1,0.04690657163314836,0.0011807082960401975
31,2,0.07105013383772925,0.15355958901349573,0.025461305050134164,0.010234429446839615,0.006067696032225865,1,0.048615554939721174,0.0012273377709469714
31,3,0.07175468557190767,0.145062893875179,0.025461305050134164,0.010524916686512077,0.006062391441421108,1,0.05019383569694425,0.001300550702586493
31,4,0.07326218183318826,0.15713586610741526,0.025461305050134164,0.010282275911073651,0.006065747753598533,1,0.050078464410962795,0.0012609439038313997
31,5,0.07158378197822117,0.16729493205314844,0.025461305050134164,0.01038511700077713,0.006073483521524877,1,0.04885266749696961,0.0012158907161078335
31,6,0.07108621046655832,0.16641543200357514,0.025461305050134164,0.009995885845227901,0.0060738852726313275,1,0.04747710468003193,0.0011644876241143926
31,7,0.07319408147452107,0.1729676085945999,0.025461305050134164,0.009115836443628518,0.006073557240127583,1,0.04457027942418733,0.0010775681447057176
31,8,0.07615184634552466,0.17057457971251913,0.025461305050134164,0.008444378459346667,0.006067464354080454,1,0.04130952081474845,0.0010440679297440772
31,9,0.07512097982134777,0.18492152608690146,0.025461305050134164,0.007255632814331376,0.006076156674997185,1,0.03489227638360369,0.0008576186339618922
31,10,0.08011951945838656,0.17625972711653384,0.025461305050134164,0.005699129031586727,0.006063615178880414,1,0.029598237916828574,0.0007320949603719433
31,11,0.07678998296930453,0.17923258212483284,0.025461305050134164,0.004692674512037832,0.006070609544213473,0,0.01628971818490399,0.00041001055923418455
31,12,0.07878995556995717,0.1923449978686376,0.025461305050134164,0.003334189243600922,0.006073650347532291,0,0.011638361505851572,0.00029062894592110183
31,13,0.08144480017595014,0.1826497675791995,0.025461305050134164,0.002587938556861446,0.006064512647353826,0,0.009753477711028113,0.00023805102547064017
31,14,0.08127883224312742,0.18165999698394295,0.025461305050134164,0.0018824049092983804,0.006064308122091392,0,0.006977069855043443,0.00017316980254836523
31,15,0.07953546764982256,0.1793340514958362,0.025461305050134164,0.00031963428806737633,0.006066083061801292,0,0.001235000836626565,2.8919334134112518e-05
31,16,0.08221356614289993,0.18817201175920586,0.025461305050134164,0.0,0.006065915794996412,0,-1.4241372745024805e-07,2.5000000000000004e-07
31,17,0.08115229205509342,0.1889720524582396,0.025461305050134164,0.0,0.006068073493815898,0,-1.2362767223106937e-07,2.5000000000000004e-07
31,18,0.08201792127296073,0.17609917472110376,0.025461305050134164,0.0,0.0060603731295527895,0,-6.109851098846167e-08,2.5000000000000004e-07
31,19,0.08126300540018641,0.17380709331435373,0.025461305050134164,0.0,0.006060517116434687,0,1.7594812598539878e-07,2.5000000000000004e-07
31,20,0.08313192626548187,0.18557342985119513,0.025461305050134164,0.0,0.006063121995253493,0,6.326669054484559e-08,2.5000000000000004e-07
31,21,0.08347430488773082,0.17434287112425115,0.025461305050134164,0.0,0.006057092064835258,0,2.826954955960972e-07,2.5000000000000004e-07
31,22,0.08470210240742354,0.1830027022731627,0.025461305050134164,0.0,0.006059255375777602,0,-2.3849778535774546e-07,2.5000000000000004e-07
31,23,0.08394206494371763,0.17069771890055213,0.025461305050134164,0.0,0.006054540515744315,0,5.673031279272116e-07,2.5000000000000004e-07
31,24,0.08730736492655143,0.1633755155948489,0.025461305050134164,0.0,0.006045372278054875,0,4.336284970062765e-08,2.5000000000000004e-07
31,25,0.08182326604579455,0.1638961169309962,0.025461305050134164,0.0,0.0060547655129500975,0,2.478551339620969e-07,2.5000000000000004e-07
31,26,0.0836306172776043,0.15490279676514407,0.025461305050134164,0.0,0.006047381508038681,0,-2.796963952181534e-07,2.5000000000000004e-07
31,27,0.07996154083066852,0.15685742903490618,0.025461305050134164,7.249714528343054e-05,0.006054446803914707,0,0.00027631591025741226,6.935541363315502e-06
31,28,0.08166238621921432,0.14618846210542047,0.025461305050134164,0.0003932652532195503,0.006046425758231965,0,0.001528349913073645,3.9397635819460086e-05
31,29,0.08321387882345986,0.1422535683728984,0.025461305050134164,0.0008160758779886503,0.006041927141660469,0,0.0031967314943361167,8.409847089908664e-05
31,30,0.08255602613545435,0.15209582182405845,0.025461305050134164,0.0016704893235386634,0.006047807991568125,0,0.006874816470930194,0.00016683519337668616
31,31,0.08357317159986881,0.14649760627244693,0.025461305050134164,0.0025906448862615125,0.0060433913943454005,0,0.010902731522206104,0.00026540995674802063
31,32,0.07992488007905708,0.12784833871480702,0.025461305050134164,0.00306448715661184,0.006040406264039568,0,0.012663876515825399,0.00031428461953303394
31,33,0.07922062128409565,0.1361932978841346,0.025461305050134164,0.004048259985580698,0.006045636606071815,0,0.01604547606974276,0.0004030651632448453
31,34,0.08007940952893958,0.1301939192927013,0.025461305050134164,0.004846518588200413,0.006041288927737351,0,0.020655422395415592,0.000495081991585362
31,35,0.07947939142015605,0.13208598948191036,0.025461305050134164,0.00621588637129398,0.006043208714260634,1,0.033570008257667136,0.000878137929948822
31,36,0.08013760757952379,0.12202838043518202,0.025461305050134164,0.007002341768714136,0.006037222571819528,1,0.041522739786083736,0.0010230948708233397
31,37,0.07902940398184762,0.12255310689460763,0.025461305050134164,0.007495644258076674,0.006039324653177875,1,0.042937538326855276,0.0010785737748345817
31,38,0.07364902588805472,0.1389386234189207,0.025461305050134164,0.008266869155475013,0.006056257131644627,1,0.04256576165889145,0.0010641140335379338
31,39,0.07383800613923043,0.13943277369406948,0.025461305050134164,0.008928334039933808,0.006056182376498642,1,0.04516322738514697,0.0011508216898366837
31,40,0.07586287434643083,0.12503072766462664,0.025461305050134164,0.009648672985690658,0.006045806601555662,1,0.053653966043825496,0.0013243544252385486
31,41,0.07500417121971865,0.13422309123710813,0.025461305050134164,0.009929661156780093,0.006051706283503472,1,0.05252331841417669,0.0013168138365608432
31,42,0.07472049508874926,0.12445209037391067,0.025461305050134164,0.010015168847534566,0.0060474292849688124,1,0.054783186899297696,0.001355952617580342
31,43,0.07420598437839528,0.13429669633924096,0.025461305050134164,0.009738718391236242,0.006053072375163659,1,0.050638382704052604,0.001277515863824247
31,44,0.07410794290737069,0.13579322254001827,0.025461305050134164,0.009910139213957508,0.006053963255629634,1,0.04987508199040037,0.0012935052574263959
31,45,0.07222899857599359,0.13733347051187106,0.025461305050134164,0.010212541316918433,0.006057843561168246,1,0.052621477457401054,0.0012942789805224849
31,46,0.06936041425809003,0.14032414681840782,0.025461305050134164,0.009598645589460164,0.0060640783360137625,1,0.045646460270009376,0.0011596816453505081
31,47,0.07058373746229146,0.15059288549508476,0.025461305050134164,0.009451500685398767,0.006067031211974589,1,0.04587404990016082,0.0011338681576280464
32,0,0.16495701378681032,0.4537583567040303,0.07718837235280342,0.00758771845258637,0.005875298234696439,1,0.05136835152915264,0.0013015712394816587
32,1,0.16814015688814393,0.4577154602732555,0.07718837235280342,0.009003229166964692,0.005871916588207034,1,0.062231711030206555,0.00156626199391124
32,2,0.1655355552504868,0.4725522548957879,0.07718837235280342,0.008919185063593026,0.005883469921655749,1,0.06384807857213744,0.00149935827337039
32,3,0.17025749954439973,0.4758765164899621,0.07718837235280342,0.009451986549706515,0.005877215974996395,1,0.06185346111455363,0.0016275169691538334
32,4,0.1702872420302531,0.4976445950621997,0.07718837235280342,0.009675102921801912,0.005887748109048144,1,0.06968386600382194,0.0016225465359967725
32,5,0.17425259584030298,0.5078099024682995,0.07718837235280342,0.009537010361091086,0.0058860806549093595,1,0.06548391642523262,0.0016168877377493712
32,6,0.1731661698175227,0.5158283589497005,0.07718837235280342,0.008909613250176692,0.005891789225736897,1,0.05985755593175081,0.0014869713923988644
32,7,0.17578760257816184,0.5078153675056823,0.07718837235280342,0.007955929931740635,0.005883524966961656,1,0.0545471911458077,0.0013607073627351727
32,8,0.17953206982958522,0.523397418816535,0.07718837235280342,0.0071198465591257275,0.005884858796485393,1,0.04868711357151515,0.0012211122509413642
32,9,0.17993204996017295,0.5313986509245063,0.07718837235280342,0.005853537440242215,0.005888081650764676,1,0.039846748590706686,0.0009969051581263722
32,10,0.18,0.5428793137478379,0.07718837235280342,0.004916013850790591,0.00589354927845964,0,0.02327230192498055,0.0005904643469119306
32,11,0.18,0.5457316918339723,0.07718837235280342,0.0035480790112190834,0.0058949358511404,0,0.017374763740818883,0.000424788545377994
32,12,0.18,0.5422546207433789,0.07718837235280342,0.0026598120346218927,0.0058932456082491395,0,0.012067741742415535,0.00031969735772859737
32,13,0.18,0.5492072771528199,0.07718837235280342,0.0023015277538197152,0.005896625371781507,0,0.010789593095423936,0.0002744702836572554
32,14,0.18,0.5487792826370568,0.07718837235280342,0.0009027980098178554,0.005896417318891899,0,0.004437124605874053,0.00010771562369028877
32,15,0.18,0.533095492688845,0.07718837235280342,0.0,0.0058887932543337405,0,-4.7861210807189505e-08,2.5000000000000004e-07
32,16,0.18,0.5409016632399565,0.07718837235280342,0.0,0.005892587920573864,0,5.63318659445515e-09,2.5000000000000004e-07
32,17,0.18,0.5449243396523162,0.07718837235280342,0.0,0.005894543388274317,0,1.8778119379334325e-07,2.5000000000000004e-07
32,18,0.18,0.5311858059460198,0.07718837235280342,0.0,0.005887864934389312,0,1.0928598218719283e-07,2.5000000000000004e-07
32,19,0.18,0.5239948254543308,0.07718837235280342,0.0,0.005884369318872518,0,3.4862226416866963e-07,2.5000000000000004e-07
32,20,0.18,0.524163859747101,0.07718837235280342,0.0,0.0058844514883203925,0,-3.6427416801167793e-08,2.5000000000000004e-07
32,21,0.18,0.516477610383698,0.07718837235280342,0.0,0.005880715117102072,0,2.0901881694677899e-07,2.5000000000000004e-07
32,22,0.18,0.49818243550024827,0.07718837235280342,0.0,0.005871821629311506,0,5.022394705110068e-07,2.5000000000000004e-07
32,23,0.18,0.4863927447144556,0.07718837235280342,0.0,0.005866090529623968,0,-5.580564324485842e-07,2.5000000000000004e-07
32,24,0.18,0.48460883577202624,0.07718837235280342,0.0,0.005865223351665842,0,6.713321793045286e-08,2.5000000000000004e-07
32,25,0.18,0.46573649347542856,0.07718837235280342,0.0,0.0058560492963827745,0,2.576652780741958e-07,2.5000000000000004e-07
32,26,0.18,0.45328022951537655,0.07718837235280342,0.00011269017344070932,0.00584999416806886,0,0.000587860480687543,1.5075859849808375e-05
32,27,0.18,0.4603868647402312,0.07718837235280342,7.714734809711083e-05,0.0058534487824142755,0,0.00042839530501218546,1.0227933668999181e-05
32,28,0.18,0.43776573861930324,0.07718837235280342,0.0002905452321410497,0.005842452401661047,0,0.0015387117153061846,3.965804075713072e-05
32,29,0.18,0.42969747340037967,0.07718837235280342,0.0009820249223543658,0.005838530328290736,0,0.005501927251635147,0.0001354740507271466
32,30,0.18,0.4206879735612995,0.07718837235280342,0.0020782225638744218,0.005834150710313406,0,0.011070183267615498,0.0002901668179851873
32,31,0.18,0.40660632074065683,0.07718837235280342,0.0025330957127597913,0.005827305462414482,0,0.014423857051309339,0.00036050964933896266
32,32,0.18,0.39692620400194006,0.07718837235280342,0.004192756976807984,0.0058225998501109395,0,0.0245243320169975,0.0006047634880690975
32,33,0.18,0.4060213259978071,0.07718837235280342,0.005073049545695128,0.005827021089970042,0,0.028320658983778346,0.0007225761165772748
32,34,0.18,0.3902318463604447,0.07718837235280342,0.0066663211617908995,0.005819345648479657,1,0.054163240165611554,0.0013588729576240106
32,35,0.17882937613106922,0.386791873513288,0.07718837235280342,0.007694978318459102,0.005819624479238285,1,0.06451843542392015,0.001565956403639118
32,36,0.18,0.3837581545077409,0.07718837235280342,0.008247915270442394,0.005816198714940149,1,0.06440478492074149,0.0016967730706842572
32,37,0.177081987997889,0.37409183016670794,0.07718837235280342,0.009190663721979549,0.00581636316061122,1,0.07471607069817945,0.0018860871819808113
32,38,0.175834273518914,0.380167412973166,0.07718837235280342,0.009946372637375262,0.00582139609305154,1,0.08319426250747063,0.0020091168891582605
32,39,0.1719401374717245,0.38739955835153167,0.07718837235280342,0.010253504065518396,0.00583140194602245,1,0.08181731904385717,0.0020045126160362133
32,40,0.1699252841153598,0.3821638471348897,0.07718837235280342,0.010381046038257326,0.005832214897552746,1,0.08436259140548401,0.00202066642860512
32,41,0.16786809971318548,0.38133004409490195,0.07718837235280342,0.010026453018119079,0.005835238217300821,1,0.07973805346104698,0.001930318550725188
32,42,0.1695972580130069,0.3972478609714135,0.07718837235280342,0.009819342563701051,0.005840094114449423,1,0.07483489904394304,0.0018674448097615545
32,43,0.16587960172520114,0.40320754984345447,0.07718837235280342,0.009465062048399689,0.005849187279241897,1,0.07072606066194334,0.001746106274905652
32,44,0.16368013859862945,0.3987554201229924,0.07718837235280342,0.00948116847049508,0.005850688821394292,1,0.06959809679064159,0.0017365705193727217
32,45,0.162015245304085,0.41089093976373475,0.07718837235280342,0.009151259486506464,0.005859362854488337,1,0.06708020621615067,0.0016315852107241314
32,46,0.1621972026152152,0.42397465878792906,0.07718837235280342,0.008729471084531225,0.005865419733495437,1,0.06328541585980484,0.0015308375662878458
32,47,0.16121009238948944,0.4474560920136402,0.07718837235280342,0.008324424831161845,0.005878479502800811,1,0.057047031600514456,0.0014068527262737875
33,0,0.11358434914352263,0.49466919757162575,0.029382161667940623,0.010284992175252949,0.006240340609893941,1,0.04434462570867521,0.0011280451432376067
33,1,0.11082798209892501,0.5053261566211609,0.029382161667940623,0.010069958919403139,0.006250115021172906,1,0.04234817770775253,0.0010639830607607193
33,2,0.11336447775010573,0.5197281429682018,0.029382161667940623,0.00953647797686665,0.006252888494006305,1,0.0399822216061508,0.0010133315857914122
33,3,0.11558995970881585,0.5269989096836522,0.029382161667940623,0.009042389546185041,0.006252713757895133,1,0.0383792019261208,0.0009714520675182866
33,4,0.11311800018872817,0.536739619249837,0.029382161667940623,0.008157457462856245,0.006261568757578841,1,0.03300562347297783,0.0008480932322835
33,5,0.11909571439206017,0.5488689582947116,0.029382161667940623,0.0070058517403801005,0.0062575021070534345,1,0.03217358767696313,0.0007563884202775844
33,6,0.11935423186798613,0.5573398952863209,0.029382161667940623,0.0063436344157856385,0.006261189061186702,1,0.027629610836492333,0.0006799053850073017
33,7,0.11863914261151134,0.5623000869998409,0.029382161667940623,0.005257427620833446,0.006264792080919342,0,0.01618041002729186,0.00039788359134037177
33,8,0.1201244580821521,0.5649957660146125,0.029382161667940623,0.004639032660119419,0.006263626954656011,0,0.01435645000248359,0.00035442223187740775
33,9,0.12181540302586505,0.5798933203828205,0.029382161667940623,0.003591876178312856,0.006268050579789924,0,0.011366133611049465,0.00027379012953464017
33,10,0.12382231632570737,0.5777213967185852,0.029382161667940623,0.002716282776838417,0.006263649928064516,0,0.008473736873347505,0.00021095540830207797
33,11,0.1275417268817436,0.5818988602386839,0.029382161667940623,0.001889909644149255,0.006259481621904504,0,0.006072150780283409,0.0001505031921741939
33,12,0.1267963461202901,0.584220365339114,0.029382161667940623,0.0006385243332336656,0.006261852432597414,0,0.0019385215565350263,5.042537614082524e-05
33,13,0.12767263301689596,0.5743222942859784,0.029382161667940623,0.0,0.006255580392118908,0,-8.77722446131761e-08,2.5000000000000004e-07
33,14,0.12708605080734695,0.5772928121095345,0.029382161667940623,0.0,0.0062580020308546066,0,8.250045071193595e-08,2.5000000000000004e-07
33,15,0.12893980466595895,0.5837766958851035,0.029382161667940623,0.0,0.006258064329036711,0,-4.4053158020510485e-07,2.5000000000000004e-07
33,16,0.1297734616118676,0.576525992609423,0.029382161667940623,0.0,0.006253150253367851,0,-1.3354018922815903e-07,2.5000000000000004e-07
33,17,0.13048620666661762,0.5638000160797937,0.029382161667940623,0.0,0.006245776106352476,0,-2.5803023907362787e-07,2.5000000000000004e-07
33,18,0.12888355346400182,0.5533701680266399,0.029382161667940623,0.0,0.006243377129997663,0,-1.0272302251454666e-09,2.5000000000000004e-07
33,19,0.130257706438195,0.5469188834591906,0.029382161667940623,0.0,0.006237950833931498,0,-2.90580365485668e-07,2.5000000000000004e-07
33,20,0.12957099262479504,0.53387970097116,0.029382161667940623,0.0,0.006232756865466594,0,2.963875618558349e-07,2.5000000000000004e-07
33,21,0.13087189428580734,0.5313552633787358,0.029382161667940623,0.0,0.00622936153886859,0,-4.825383953529963e-07,2.5000000000000004e-07
33,22,0.13178497365873929,0.5264810156182167,0.029382161667940623,0.0,0.0062254703139190066,0,-6.397264679148589e-08,2.5000000000000004e-07
33,23,0.13308665961619356,0.5003830237813219,0.029382161667940623,0.0,0.006210614313513648,0,5.6870758680802734e-08,2.5000000000000004e-07
33,24,0.1282545982814205,0.4991897413859018,0.029382161667940623,0.0,0.006218087681240496,0,1.6292954958271017e-07,2.5000000000000004e-07
33,25,0.13027241291997568,0.4795753730240696,0.029382161667940623,0.0006417318552767472,0.0062051898944447915,0,0.0023455114172967915,5.873232353699067e-05
33,26,0.12919124011500255,0.4738080148696795,0.029382161667940623,0.0013702355736437462,0.00620418827223914,0,0.004625112806946829,0.00012525612180969416
33,27,0.12824585512379796,0.4508710144064422,0.029382161667940623,0.001244879605511166,0.006194613983110408,0,0.004653177241013707,0.00011628493648846174
33,28,0.1279828029472787,0.4513748067577577,0.029382161667940623,0.002019297866569013,0.006195297302464273,0,0.007318894192682365,0.00018811520828911077
33,29,0.1272644395230476,0.44024333127105963,0.029382161667940623,0.00299719149595111,0.006191083440920847,0,0.011177556456015498,0.00028167494647504606
33,30,0.1251970401051507,0.42356608152588315,0.029382161667940623,0.004151444944862576,0.006186422110213436,0,0.015401730110172538,0.00039236333595004324
33,31,0.12462057435432265,0.4243557055196715,0.029382161667940623,0.005294765100335778,0.006187766731461797,0,0.019681575679189326,0.0004975915305284763
33,32,0.12420142950751062,0.40718171433078393,0.029382161667940623,0.006323057796830252,0.006180116838267441,0,0.023315916947211395,0.0006061656639354508
33,33,0.12241254139891637,0.4071356536867611,0.029382161667940623,0.007449350761545302,0.006183075927857587,1,0.03922948240590259,0.0009854564102491157
33,34,0.12255993986839624,0.4091586418350696,0.029382161667940623,0.009143399233756436,0.006183813660758326,1,0.048073451232946346,0.0012076614608735802
33,35,0.11957355888049229,0.4099223750370455,0.029382161667940623,0.009462031552257178,0.006189162221600238,1,0.0466322936706942,0.0012180214970633299
33,36,0.1203428306473728,0.40151537960770683,0.029382161667940623,0.010209443017386346,0.006183793368099508,1,0.052323109464436836,0.0013380765234777203
33,37,0.11907360272796418,0.4037897711369297,0.029382161667940623,0.010765809529202374,0.006187014354958562,1,0.05486806897680085,0.0013917308539577941
33,38,0.11684303329646349,0.39787386362794774,0.029382161667940623,0.010936938445400661,0.006187856182305307,1,0.05625520049181189,0.0013987951895123411
33,39,0.1134805370387033,0.4092398594960299,0.029382161667940623,0.011410415115067667,0.006198985479615226,1,0.05483625327481466,0.00139528700982664
33,40,0.11283649395347119,0.4186275730936397,0.029382161667940623,0.011358347471131004,0.006204622356645006,1,0.054709478417040804,0.0013635415450212562
33,41,0.11252411508972615,0.42528883875582896,0.029382161667940623,0.010977126678911143,0.006208381103337035,1,0.05120732926097637,0.0013024398952864637
33,42,0.11079234713336868,0.44195870974040014,0.029382161667940623,0.010724083089092153,0.006219370792770686,1,0.05037493623739219,0.0012256148609430936
33,43,0.11022715436346273,0.4339611113919766,0.029382161667940623,0.010684650544304525,0.006216425059301156,1,0.04901920766697613,0.001227664341209887
33,44,0.107801424712339,0.44740304374683865,0.029382161667940623,0.010479146028904977,0.006227002214725532,1,0.0448930860839866,0.001157098306650077
33,45,0.10832863012760649,0.45066613908975445,0.029382161667940623,0.009627909233895589,0.006227709765936226,1,0.042964863026941864,0.0010638253200699521
33,46,0.10600025842512915,0.46902781745374855,0.029382161667940623,0.009268548585326256,0.0062405162013117405,1,0.03871611895659995,0.0009790514681253238
33,47,0.10628291164519921,0.4806726482455989,0.029382161667940623,0.008491547165055457,0.006245705794246551,1,0.035147614846819636,0.0008864669713698709
34,0,0.09694050681739198,0.3018819643172429,0.0522261457579052,0.0033130631364902733,0.0059317983654486725,0,0.012382559533256959,0.000293672631210342
34,1,0.09854894700043956,0.3112775303392596,0.0522261457579052,0.004194232881948081,0.00593368492084874,0,0.015740035878981727,0.0003721820908953614
34,2,0.09798851746419805,0.3095058605802837,0.0522261457579052,0.004987645635455614,0.005933757741720751,0,0.017426084303076864,0.0004413383180160368
34,3,0.09819269093018299,0.31958761171464045,0.0522261457579052,0.005424978247198844,0.005938318303856645,0,0.018963377752012376,0.00047328335819476374
34,4,0.10122597411750782,0.321576993236726,0.0522261457579052,0.005713097317201761,0.005934229892339895,0,0.02077891055751349,0.0005121898689063833
34,5,0.10147515760187312,0.3325157613109345,0.0522261457579052,0.005110201995268608,0.0059391320432353595,0,0.01741339811734566,0.00045142516468587527
34,6,0.10211118289502844,0.3334307945547715,0.0522261457579052,0.004286144810092391,0.005938516808906966,0,0.01548883925364118,0.0003804602207930702
34,7,0.10691288884486022,0.3464997269175696,0.0522261457579052,0.0038931018318086566,0.005936866918889162,0,0.01430332037800846,0.0003546232283729398
34,8,0.10612380333427834,0.3319373129639145,0.0522261457579052,0.0022972135509035556,0.005931103110179327,0,0.008691162411949446,0.00021241925905843116
34,9,0.10638616388303598,0.3434168811724024,0.0522261457579052,0.001593568017784146,0.005936246188254968,0,0.005625087178308951,0.00014512340606765486
34,10,0.10651781344554694,0.35234077604831204,0.0522261457579052,0.0006185889631565419,0.005940364776771017,0,0.002131970769510581,5.5645544690003815e-05
34,11,0.10596016471656905,0.34803200808452117,0.0522261457579052,0.0,0.005939199651336915,0,6.288426707854853e-08,2.5000000000000004e-07
34,12,0.10844177961807921,0.33231945830353304,0.0522261457579052,0.0,0.00592742558146864,0,-4.5244490449403784e-07,2.5000000000000004e-07
34,13,0.10898829462647369,0.33450975530443233,0.0522261457579052,0.0,0.0059275794508300865,0,-1.1204703582297866e-07,2.5000000000000004e-07
34,14,0.10856643330704467,0.3433800171741453,0.0522261457579052,0.0,0.005932594485882467,0,3.4366279288732393e-07,2.5000000000000004e-07
34,15,0.10933184599545004,0.3449000902372881,0.0522261457579052,0.0,0.005932057722474153,0,-2.050415646265952e-07,2.5000000000000004e-07
34,16,0.1107834950614621,0.32311489097787593,0.0522261457579052,0.0,0.0059190482799463635,0,-1.1419811259704272e-07,2.5000000000000004e-07
34,17,0.11089400835620898,0.3231429139483365,0.0522261457579052,0.0,0.005918877713399093,0,-4.362591682065795e-08,2.5000000000000004e-07
34,18,0.107413534765298,0.33327948114237627,0.0522261457579052,0.0,0.005929606000658824,0,-3.9430464377819075e-07,2.5000000000000004e-07
34,19,0.11048322608357072,0.31579522563295015,0.0522261457579052,0.0,0.0059159905575890655,0,2.7151048758664924e-07,2.5000000000000004e-07
34,20,0.11261715520927162,0.3104637972733643,0.0522261457579052,0.0,0.005909842342482543,0,3.160286278140239e-07,2.5000000000000004e-07
34,21,0.10791973824376137,0.30634966441325445,0.0522261457579052,0.0,0.005915671445062507,0,4.678432623216939e-08,2.5000000000000004e-07
34,22,0.11092035095346449,0.29027498119993794,0.0522261457579052,0.0,0.005902856341762084,0,-2.2951584835235857e-07,2.5000000000000004e-07
34,23,0.107927895435548,0.2787227439829685,0.0522261457579052,0.00034896062861586676,0.005902228096755918,0,0.0014748838651520981,3.5812581292826884e-05
34,24,0.10810353801235573,0.29012380171863084,0.0522261457579052,0.00041118844201807134,0.005907477539971629,0,0.0016255706220813621,4.1451519297264085e-05
34,25,0.10678032483838205,0.27407525101058816,0.0522261457579052,0.000900897613847821,0.005901881516445176,0,0.0036647739974448937,9.221467902229992e-05
34,26,0.10633740009431075,0.2816446296192888,0.0522261457579052,0.0015052903781355214,0.0059062992833978575,0,0.0062427415295692856,0.00015144099925232205
34,27,0.10939645832238673,0.2733868602168854,0.0522261457579052,0.002692035759252547,0.00589718665955823,0,0.011283727834485939,0.00028264410643594017
34,28,0.10552913460666744,0.25764881850042876,0.0522261457579052,0.0035753430339135975,0.005895981762138928,0,0.015470523035994208,0.0003723906826301336
34,29,0.10552569925028991,0.25675525473106997,0.0522261457579052,0.004300286961249613,0.0058955531164561195,0,0.017605602540463557,0.00044860765184933206
34,30,0.10399046491841836,0.25003455269197133,0.0522261457579052,0.005672004385262892,0.005894844832406899,0,0.024021049976730633,0.0005902920333795672
34,31,0.10528828237186498,0.24395569258032937,0.0522261457579052,0.006690186195909629,0.005889726801874663,1,0.03975617696332718,0.0009980867343944036
34,32,0.10314858301580566,0.24121964631317733,0.0522261457579052,0.007556606504372285,0.005891962944977118,1,0.04428700550496403,0.0011100957649993512
34,33,0.10163201184494587,0.23967940936371449,0.0522261457579052,0.008368219281631124,0.00589374183730034,1,0.04826272068756433,0.0012147582300559708
34,34,0.10150868549545804,0.243100973563878,0.0522261457579052,0.008491583611175805,0.005895610641591232,1,0.04812705853930946,0.0012233031480067828
34,35,0.099873860767341,0.2390637969956272,0.0522261457579052,0.008843011702368965,0.005896372833084083,1,0.05212862839051647,0.0012629364464574434
34,36,0.09923187520524597,0.24175049969253262,0.0522261457579052,0.010085549390278748,0.005898748845054126,1,0.05778015281991312,0.0014239320879086814
34,37,0.09665982912597151,0.24057101454508065,0.0522261457579052,0.010187761580015628,0.005902462227684016,1,0.05570203969092152,0.0014041824202202205
34,38,0.09595631573003587,0.24386334959973965,0.0522261457579052,0.01043008368219098,0.005905235190662146,1,0.058875751967707106,0.0014183588158097652
34,39,0.09471760523328093,0.2510193355319585,0.0522261457579052,0.010691043575682587,0.005910778312429344,1,0.05669936329042894,0.00141621899228224
34,40,0.09529407035736864,0.2587172203738289,0.0522261457579052,0.0106373003639735,0.005913559564576218,1,0.05654588243931499,0.0013979644221082015
34,41,0.0940864144437135,0.2611792197936428,0.0522261457579052,0.010014899591945674,0.005916769129705831,1,0.05089928509844047,0.0012937451086112899
34,42,0.0934660440144692,0.2707396997193031,0.0522261457579052,0.00970864401183837,0.0059224505359406565,1,0.048879942072768294,0.0012249331751878994
34,43,0.09041134227009574,0.26429008903572443,0.0522261457579052,0.009277253187030743,0.005924406478098983,1,0.04476533665162351,0.00114525273251442
34,44,0.08752256200123466,0.27392362579831175,0.0522261457579052,0.008746040377529435,0.00593390408114001,1,0.039162851721958,0.0010275617606273235
34,45,0.09165882443890602,0.2772251481938692,0.0522261457579052,0.008327212526863496,0.005928615217130621,1,0.039538265021705765,0.001018718431559196
34,46,0.08660457466426486,0.2850161017199331,0.0522261457579052,0.007288750197650117,0.005940826235830192,1,0.03293384462423806,0.0008312853921812693
34,47,0.0902411005868595,0.29336230116974993,0.0522261457579052,0.006935198975697884,0.00593882253958064,1,0.03214044870726928,0.0008126086697175937
35,0,0.16212169236339669,0.6706157719189727,0.02551705725156015,0.007707733922805219,0.005835187654678039,1,0.04098537498376422,0.0009952917043404245
35,1,0.16346060927834394,0.6726529990921157,0.02551705725156015,0.007993074279506967,0.005833946445251182,1,0.041535336022405535,0.0010385929566053883
35,2,0.1679752336801169,0.6974657564510188,0.02551705725156015,0.00734483033118877,0.005838483828297694,1,0.039300639783200364,0.0009575615321983504
35,3,0.16696679100885078,0.7088431741217968,0.02551705725156015,0.0068425224449627136,0.005845695255228654,1,0.035568112376210805,0.0008772324865509373
35,4,0.16912994904069908,0.7216369650386503,0.02551705725156015,0.006005550926928766,0.005848309195760155,1,0.029745598924323213,0.0007706414741698451
35,5,0.1707584933274973,0.733232571609841,0.02551705725156015,0.005441126498491015,0.005851231708476487,0,0.02030847516394246,0.0004981673389748333
35,6,0.16933551162314245,0.7356833888564536,0.02551705725156015,0.004202954422250001,0.005854794714145293,0,0.015074919914972822,0.00038074256861696357
35,7,0.1731684785185451,0.7407220907275436,0.02551705725156015,0.003469158374694192,0.005850855804951401,0,0.013144406657056169,0.0003199069038211561
35,8,0.1743866762780357,0.7492543223532813,0.02551705725156015,0.0016255536526791452,0.005852973087948095,0,0.006161571368472618,0.00014979039482946666
35,9,0.17691161488198112,0.7409435614408281,0.02551705725156015,0.0005284352457613848,0.005844724903720188,0,0.0019529372477678486,4.977269640922892e-05
35,10,0.17632300584709779,0.7349331996917509,0.02551705725156015,0.0,0.005842784215150303,0,-3.0626613824053694e-07,2.5000000000000004e-07
35,11,0.17696478127400753,0.747520524330057,0.02551705725156015,0.0,0.0058478334278046305,0,-8.211273892463651e-08,2.5000000000000004e-07
35,12,0.17974748285496825,0.7283407419317236,0.02551705725156015,0.0,0.005833872086503839,0,-1.7238184395277291e-07,2.5000000000000004e-07
35,13,0.18,0.7326653823598513,0.02551705725156015,0.0,0.005835553480359126,0,2.2814920264652813e-07,2.5000000000000004e-07
35,14,0.18,0.7113814669801,0.02551705725156015,0.0,0.00582520713260508,0,-5.302424688981857e-08,2.5000000000000004e-07
35,15,0.17866870435028281,0.7222534853434575,0.02551705725156015,0.0,0.005832710967614574,0,1.2983860221929433e-07,2.5000000000000004e-07
35,16,0.18,0.6993468467789934,0.02551705725156015,0.0,0.00581935697000732,0,9.33559766340964e-08,2.5000000000000004e-07
35,17,0.18,0.7009730340742204,0.02551705725156015,0.0,0.005820147477720278,0,1.7466638273415818e-07,2.5000000000000004e-07
35,18,0.18,0.6800279043521067,0.02551705725156015,0.0,0.005809965817438694,0,4.0880587939056694e-07,2.5000000000000004e-07
35,19,0.18,0.6634294810079149,0.02551705725156015,0.0,0.0058018971394241566,0,-3.7399494115620527e-07,2.5000000000000004e-07
35,20,0.18,0.648606593928896,0.02551705725156015,0.0,0.0057946915693163,0,-3.1650647424014976e-07,2.5000000000000004e-07
35,21,0.18,0.6320846825181909,0.02551705725156015,0.000305646588576769,0.005786660084602763,0,0.0012170092099429044,3.252753899189554e-05
35,22,0.18,0.6221093731515888,0.02551705725156015,0.00011914670264285117,0.005781810975882888,0,0.0004992286535251875,1.2810164711527989e-05
35,23,0.179841414316312,0.6061273952617807,0.02551705725156015,0.0007096463421895633,0.0057743062683259325,0,0.0030216102882738723,7.750902293634799e-05
35,24,0.17770242120560617,0.5932093365188382,0.02551705725156015,0.001594509884200393,0.005771591644954846,0,0.0068974385477574875,0.00017445167351785797
35,25,0.17739897457114173,0.5759071530021027,0.02551705725156015,0.002721421112038186,0.005763686605691652,0,0.012334108037642174,0.0003028250984880203
35,26,0.17678199102724343,0.5683025747297931,0.02551705725156015,0.00377518757716457,0.005761018241604664,0,0.01681449154962052,0.00042211503239005183
35,27,0.17406504585062157,0.5524663437886068,0.02551705725156015,0.004190134544872102,0.0057578483157470686,0,0.018261231165301962,0.0004694814170238433
35,28,0.17398745323325066,0.5401252853050613,0.02551705725156015,0.0051254324211575135,0.005751978511124296,0,0.02347638548768796,0.0005820685046076286
35,29,0.17190712806256753,0.5380798978075944,0.02551705725156015,0.005390444505907952,0.005754451434153055,0,0.0240904166479117,0.0006062551501342596
35,30,0.1699488123326221,0.5317100414878139,0.02551705725156015,0.006269752876759821,0.005754618835769738,1,0.039345653061665986,0.0009831052997639528
35,31,0.16565926803037953,0.5168114850896003,0.02551705725156015,0.007327097023617114,0.005754525722468788,1,0.04511347378052361,0.0011394303266434199
35,32,0.16757580057503396,0.5202782777381676,0.02551705725156015,0.00841291083775507,0.005753016747987418,1,0.053023696088625207,0.0013180668569392133
35,33,0.163964577603998,0.5181345772084647,0.02551705725156015,0.009056052065677651,0.005757993376292761,1,0.054735655158115806,0.0013917342066405943
35,34,0.16394624514959755,0.5198935572388513,0.02551705725156015,0.00932925598517641,0.005758878990120422,1,0.059382982548013385,0.0014306166658059026
35,35,0.16158142706682813,0.5284581994106087,0.02551705725156015,0.009492454764558109,0.005766983721314086,1,0.05887721730204248,0.0014204565809012861
35,36,0.15798773972495678,0.5323651763133463,0.02551705725156015,0.009807717421249461,0.005774872425100481,1,0.059607056377673995,0.0014285516533667699
35,37,0.15721689858204946,0.5302108302383732,0.02551705725156015,0.010504077432015372,0.005775109908774436,1,0.061821831095097514,0.0015262920718250531
35,38,0.1544949166899922,0.5397509371622842,0.02551705725156015,0.010786686930426854,0.005784284097238099,1,0.06157008800852999,0.0015234943842777366
35,39,0.1549609402387936,0.5433919991255823,0.02551705725156015,0.01081008037296695,0.005785277352000034,1,0.05921224167513908,0.0015250886915861368
35,40,0.1527084200343973,0.5550277144331094,0.02551705725156015,0.010144391695020169,0.005794687802837409,1,0.05544665816393064,0.0013920427092227704
35,41,0.15118178227743706,0.5729586379162592,0.02551705725156015,0.009133735540571283,0.005805948620236651,1,0.046413226917709424,0.001216512046380364
35,42,0.15275400368961253,0.5745759624963982,0.02551705725156015,0.008482324562769854,0.005804114450665037,1,0.04565452867009742,0.0011394885015513223
35,43,0.15031592920513057,0.5927927334651057,0.02551705725156015,0.007758130200551466,0.005817033282915629,1,0.042572596216248905,0.0010056284382678792
35,44,0.14618206619970484,0.6084432328912932,0.02551705725156015,0.006670717790239252,0.005831530936256847,0,0.02420913328874887,0.0005907895496671712
35,45,0.14482518331621694,0.6248798692547763,0.02551705725156015,0.005580189778912658,0.005841782439294909,1,0.027276039851025325,0.000673880452571838
35,46,0.1463382339997811,0.6498242996200357,0.02551705725156015,0.005676839734643801,0.005851386452916525,0,0.019089210640598226,0.00048244309767474507
35,47,0.1456504818503599,0.655125754317565,0.02551705725156015,0.004867253735887377,0.005855109802532415,0,0.016573654351110183,0.0004095268226986355
36,0,0.07664283145800982,0.46597802471588207,0.04561551095527697,0.0032029446780534377,0.005955801934948252,0,0.006940928544163016,0.00017680740939222538
36,1,0.07810465901343062,0.47797331454656816,0.04561551095527697,0.003787676802840058,0.005959196599356911,0,0.008258256298117697,0.00020991313989883323
36,2,0.07970266503134342,0.47357236214944004,0.04561551095527697,0.004059334651752498,0.005954393904134009,0,0.009052121055793769,0.00023082652081581414
36,3,0.08064779275314206,0.4888610185136982,0.04561551095527697,0.004026608334021847,0.00596025067699697,0,0.008833942781033761,0.00022736568381807577
36,4,0.0775469182915201,0.493737966399564,0.04561551095527697,0.0037232587738718513,0.0059677895396553025,0,0.007805309881882442,0.00020096128538657504
36,5,0.07770406884330461,0.497419959103699,0.04561551095527697,0.0034270539769010572,0.005969317479633504,0,0.007336323987163313,0.00018452769292109098
36,6,0.0805701352671918,0.5041269032460819,0.04561551095527697,0.0023106480244441084,0.005967801022329573,0,0.0053135131039168965,0.00012797283499904456
36,7,0.08139284828030187,0.5084364232058568,0.04561551095527697,0.0007472725900438325,0.0059685247395103915,0,0.0016334176840813604,4.159596616845637e-05
36,8,0.0795224764570687,0.4960659075943358,0.04561551095527697,0.0,0.005965628580793513,0,5.566737079838939e-08,2.5000000000000004e-07
36,9,0.08346112938172665,0.4954279688249293,0.04561551095527697,0.0,0.005958754050128399,0,-3.133040973419518e-07,2.5000000000000004e-07
36,10,0.08285403453770727,0.4969030730207116,0.04561551095527697,0.0,0.0059604829394080475,0,7.568534385474517e-08,2.5000000000000004e-07
36,11,0.08411695717719787,0.49594619745366547,0.04561551095527697,0.0,0.005957912920497139,0,-2.73170961023663e-07,2.5000000000000004e-07
36,12,0.08328070971656897,0.4903176849306553,0.04561551095527697,0.0,0.0059565705837883905,0,-1.5053978769355102e-07,2.5000000000000004e-07
36,13,0.08417242416464006,0.485378872715643,0.04561551095527697,0.0,0.005952683581548196,0,1.2649287986355515e-07,2.5000000000000004e-07
36,14,0.08330739409598396,0.47996825720904734,0.04561551095527697,0.0,0.005951495138013583,0,-3.6844357577150056e-07,2.5000000000000004e-07
36,15,0.08481949492114414,0.4764603079757575,0.04561551095527697,0.0,0.005947269716872134,0,1.5148267999423934e-07,2.5000000000000004e-07
36,16,0.08595980950673114,0.46696702106847493,0.04561551095527697,9.791895055144659e-05,0.005940754400316227,0,0.00024463656770969296,6.05483649321728e-06
36,17,0.08661670109838779,0.4511911846047643,0.04561551095527697,0.0,0.0059319907716047175,0,4.748295902014426e-07,2.5000000000000004e-07
36,18,0.08458478529765535,0.43661573877395093,0.04561551095527697,0.0,0.005928292011771515,0,-4.556312688970788e-08,2.5000000000000004e-07
36,19,0.08524747535830526,0.4264599267282074,0.04561551095527697,0.0,0.005922250675259306,0,-3.458346842675778e-07,2.5000000000000004e-07
36,20,0.08699836447828924,0.42906686019863916,0.04561551095527697,0.0003069231047540804,0.0059205997860519045,0,0.0008011815434668875,2.0170333304326892e-05
36,21,0.08448159614609889,0.4117136347079759,0.04561551095527697,0.000827696740371686,0.00591635880421426,0,0.0021140336220620637,5.406786368954808e-05
36,22,0.0846475997078556,0.4057443671481537,0.04561551095527697,0.0019961746057989243,0.005913180404325307,0,0.005163642401778902,0.00013172515954761632
36,23,0.08556902308588027,0.3846327536626043,0.04561551095527697,0.0023374930792135107,0.005901382108806458,0,0.006423161000353842,0.00016060273540058985
36,24,0.08178132947566326,0.37552850511324115,0.04561551095527697,0.0031150285013819565,0.00590326925511199,0,0.008315148482729049,0.00020724013294985883
36,25,0.08035321476008495,0.3700247283875059,0.04561551095527697,0.00407893256583926,0.005902973999285166,0,0.010754218847808784,0.0002687684939854563
36,26,0.08031788377075408,0.3613756197933973,0.04561551095527697,0.0052467794092848205,0.0058988284564785816,0,0.013777169728909116,0.00034998887809168814
36,27,0.08100905664743428,0.36588696144369415,0.04561551095527697,0.006340066168353547,0.005899869514986342,0,0.016442841347911904,0.0004237276630055113
36,28,0.08041297744376019,0.35816613347026754,0.04561551095527697,0.006866708286568867,0.005897109800060939,1,0.026135612261941676,0.0006450918070207739
36,29,0.07839285973318152,0.346727570749575,0.04561551095527697,0.00801618492682508,0.005894916250478233,1,0.028724289811553182,0.0007468993148453255
36,30,0.08073679844665665,0.35033865700861655,0.04561551095527697,0.008618185280745235,0.0058927650751094745,1,0.032034784273303495,0.0008224894666920646
36,31,0.07606223799933487,0.3549794746338163,0.04561551095527697,0.009616980468973751,0.005902811962200594,1,0.0353827787665866,0.0008586593860309577
36,32,0.0744528703905292,0.3509035203592615,0.04561551095527697,0.00980897575848054,0.005903512874887362,1,0.0332966846587683,0.0008625375061736903
36,33,0.07418730878367295,0.35515124385002456,0.04561551095527697,0.010147328502555768,0.005906020343151243,1,0.034937621185182975,0.0008834515816707885
36,34,0.07478282335570777,0.35681721976476566,0.04561551095527697,0.01078259372889918,0.005905837668267518,1,0.037463003281494156,0.0009439416528385976
36,35,0.07379740008759177,0.3558739194280592,0.04561551095527697,0.011060974481307734,0.005907021491606257,1,0.03750302461431142,0.0009568996626844509
36,36,0.07490541743898645,0.36552092650676493,0.04561551095527697,0.01135558032405651,0.005909864313350526,1,0.040659256747643306,0.0009829777315496012
36,37,0.07445638986306305,0.35579861678691893,0.04561551095527697,0.011150371359674543,0.00590588656986325,1,0.036764796173163264,0.0009733569778458471
36,38,0.07236372569395062,0.3671200601489771,0.04561551095527697,0.010586922854570302,0.00591487782289055,1,0.03687038755091171,0.0008832673602517096
36,39,0.06828171394739442,0.37839080206296233,0.04561551095527697,0.010066825418054032,0.00592716000867633,1,0.03231887053735192,0.0007796330667291518
36,40,0.07072721248096302,0.3875790762130899,0.04561551095527697,0.009148534325664048,0.005927550699943361,1,0.028046210461150967,0.000724327437859557
36,41,0.06887068098222943,0.4045903197760934,0.04561551095527697,0.008627913860251945,0.005938914273617711,1,0.02568488733088874,0.0006495519976379002
36,42,0.06856283712373314,0.40968398123470146,0.04561551095527697,0.007992643680481089,0.0059419034321464715,1,0.02324008191488504,0.0005948621421702385
36,43,0.07180695340591071,0.4210042929996271,0.04561551095527697,0.007553250642240657,0.005941999501006349,1,0.023035812473150587,0.0005797959419720809
36,44,0.0688871192328067,0.41843993299834303,0.04561551095527697,0.007025333090427721,0.0059456193274053425,1,0.020345082891910823,0.0005191329986693587
36,45,0.0660742068993828,0.45023924651514735,0.04561551095527697,0.006531543652979688,0.005965765514253939,1,0.018055886395768068,0.0004439573748330944
36,46,0.06710889125435356,0.44980464682406696,0.04561551095527697,0.0058098956176831015,0.005963829776590269,1,0.016287904358615757,0.0004013142289693829
36,47,0.0673024619695902,0.4614106414474465,0.04561551095527697,0.0046440267719414265,0.005969148961673461,0,0.008599686716516905,0.00022641514949308904
37,0,0.08291969248275088,0.4667445277595893,0.05636391039066984,0.0076825102308430366,0.006067447000567915,1,0.025703089831980677,0.0006450989066463972
37,1,0.08343469948213764,0.485154726446892,0.05636391039066984,0.0066397243633672855,0.0060755380577085984,1,0.02211878825757919,0.000548349242081277
37,2,0.08349922146229206,0.48034695388153864,0.05636391039066984,0.005606418343880815,0.006073093409411294,0,0.01333628409217986,0.0003329372732041117
37,3,0.08804896992197227,0.4845644242088648,0.05636391039066984,0.004743848688193702,0.006067560654498721,0,0.011816887019386485,0.0002955297532198102
37,4,0.08392065507063749,0.4887804189386942,0.05636391039066984,0.003520365883445733,0.006076490621133502,0,0.008472365994844532,0.00020795447451408606
37,5,0.08752179405830676,0.4946168859067219,0.05636391039066984,0.001828834804050633,0.0060733258942635105,0,0.004288243996298079,0.00011187427475413099
37,6,0.08651676016260847,0.4799370011571895,0.05636391039066984,0.0006719529753193514,0.006067864895669763,0,0.0016160984997470225,4.136689045247923e-05
37,7,0.08882550558540835,0.5046293032448631,0.05636391039066984,0.0,0.0060760201890354935,0,-1.6674612384680917e-07,2.5000000000000004e-07
37,8,0.086469327620807,0.4896522413134722,0.05636391039066984,0.0,0.006072666636093181,0,-2.8113914479164653e-07,2.5000000000000004e-07
37,9,0.08735987058804896,0.48022490250579736,0.05636391039066984,0.0,0.006066599663671825,0,-1.7010630470759898e-07,2.5000000000000004e-07
37,10,0.09063815641863093,0.472625077107523,0.05636391039066984,0.0,0.006057441494385583,0,1.633012933232177e-07,2.5000000000000004e-07
37,11,0.08870707163006179,0.47197795394281034,0.05636391039066984,0.0,0.006060345395272573,0,2.573201995325579e-07,2.5000000000000004e-07
37,12,0.08837515271374588,0.4636492492793453,0.05636391039066984,0.0,0.00605684991758836,0,-1.5518784585681027e-07,2.5000000000000004e-07
37,13,0.09106888167105323,0.46488199508681494,0.05636391039066984,0.0,0.006052959620760368,0,-6.08208148811511e-08,2.5000000000000004e-07
37,14,0.09266318096583005,0.4568357854592563,0.05636391039066984,0.0,0.006046391103366788,0,2.242384754123731e-07,2.5000000000000004e-07
37,15,0.0885823994228522,0.4371231129470275,0.05636391039066984,0.0,0.006043609856800528,0,2.2385408659187185e-07,2.5000000000000004e-07
37,16,0.09169691732096014,0.44145203689671375,0.05636391039066984,0.0,0.006040523331668112,0,5.385747897545419e-10,2.5000000000000004e-07
37,17,0.09193957348496685,0.4312153662185025,0.05636391039066984,0.0,0.006035142745370637,0,-1.7367741466505689e-07,2.5000000000000004e-07
37,18,0.08953832501328861,0.42430229416222015,0.05636391039066984,0.0,0.006035784305018298,0,4.7519367764398206e-07,2.5000000000000004e-07
37,19,0.09089706915858269,0.4169529897035913,0.05636391039066984,0.0001806059359880072,0.00602994715288653,0,0.0004963116250963593,1.2669964698305014e-05
37,20,0.09029469049791705,0.3930637875426208,0.05636391039066984,0.0006953180762749372,0.006019338310714944,0,0.002149729001468396,5.0076164134478584e-05
37,21,0.08857139475757463,0.39429762391002227,0.05636391039066984,0.0012978466495856451,0.0060228102518496696,0,0.0036039234679068276,9.152728268208109e-05
37,22,0.08697054613234316,0.3710647981056692,0.05636391039066984,0.0019685188558500586,0.006014184598125717,0,0.005507748839343876,0.0001409152282678762
37,23,0.08754377892189354,0.3727308443676587,0.05636391039066984,0.002952534363962042,0.006014039093742711,0,0.008690133610312345,0.00021223361477000504
37,24,0.0873955442854693,0.36439160516842656,0.05636391039066984,0.003769100119078067,0.006010232354637124,0,0.011003383452216206,0.0002737901047457022
37,25,0.08302141578671308,0.3638195863911822,0.05636391039066984,0.00408844021325726,0.006017244504118335,0,0.011558843644197993,0.00028236097564861886
37,26,0.08528752381295536,0.3462661718574281,0.05636391039066984,0.0052877275600150845,0.006004934747565134,0,0.015941926020275384,0.00038514553609111663
37,27,0.08584069539142543,0.3486829898946221,0.05636391039066984,0.00650603970357521,0.006005187637035765,1,0.02680011948245819,0.0006652974523221076
37,28,0.08228288885924963,0.34284800299997803,0.05636391039066984,0.007502118776024284,0.006008280862626717,1,0.028595245114735893,0.0007419176538380854
37,29,0.08260811185153685,0.3346557612086899,0.05636391039066984,0.00869675663517095,0.006003756484546584,1,0.03388667711761784,0.0008744300255200777
37,30,0.08100031666564951,0.34122496384289835,0.05636391039066984,0.00949336851605855,0.006009629505581359,1,0.037330306239566395,0.0009265078843165146
37,31,0.07832964545333838,0.34480360083161127,0.05636391039066984,0.010469158125684391,0.0060158202394713905,1,0.03891119062541244,0.0009826599202186499
37,32,0.08328219719327891,0.3418397318185513,0.05636391039066984,0.01086067223552662,0.006006125216912363,1,0.043875022347945644,0.0010887835813986333
37,33,0.07758312652537502,0.3464826905259474,0.05636391039066984,0.011088236969814572,0.006017880661841632,1,0.041605426000381585,0.001028217909757116
37,34,0.07962258304706629,0.3483407102574743,0.05636391039066984,0.010693164377936498,0.006015384771674972,1,0.04093142505455914,0.001014783827549621
37,35,0.08142419199050514,0.344471299904361,0.05636391039066984,0.010262358396535052,0.006010501126736477,1,0.03951305230338604,0.0010018115029212513
37,36,0.07722423167480912,0.36113020869984197,0.05636391039066984,0.009972734489952886,0.00602559914126044,1,0.036284467247134786,0.0009004899643015891
37,37,0.07750720356416031,0.3743918034156077,0.05636391039066984,0.009849276518563946,0.006031574129987241,1,0.03471164868111451,0.0008754317245845788
37,38,0.07479805945574343,0.37386484638651996,0.05636391039066984,0.009638249238245532,0.0060358332105010185,1,0.03373847332658318,0.000827362678906992
37,39,0.07248364506939627,0.38276921619458065,0.05636391039066984,0.008603818925699521,0.006044019080912737,1,0.028419316579500687,0.0007066026433445809
37,40,0.07565747068195372,0.3855651585817193,0.05636391039066984,0.007683543717960017,0.00604008851021889,1,0.02650558892058443,0.0006560355671408552
37,41,0.07366985556534758,0.41016205221762186,0.05636391039066984,0.006948833859200664,0.00605535802537513,1,0.022054712876744837,0.0005582529880075745
37,42,0.07194261182337577,0.4078692340655006,0.05636391039066984,0.006013281259741653,0.00605712220056558,1,0.019009870810266546,0.0004732491647509796
37,43,0.07494107561617797,0.4299073440975445,0.05636391039066984,0.005519755827847769,0.0060628377310653755,0,0.012168892534641297,0.0003137647793327951
37,44,0.07402320033438596,0.42374188554253583,0.05636391039066984,0.004610170461168903,0.006061370425293011,0,0.010419110192661854,0.00026098401686202146
37,45,0.07384663952702157,0.4466242858319983,0.05636391039066984,0.0038331027711191296,0.0060727880823348845,0,0.008012264920565755,0.00021006125616528125
37,46,0.07009454900146025,0.44828853252359063,0.05636391039066984,0.0041545710503116,0.006079850575352566,0,0.00853922837459737,0.0002156464695530115
37,47,0.07247006722600634,0.4578889302721695,0.05636391039066984,0.0031884479023633356,0.0060805582383283265,0,0.006744533053245495,0.0001690179880542983
38,0,0.18,0.4137350262792526,0.07295326463690671,0.004456703552302293,0.005812767439688696,0,0.025308104766642327,0.0006268492466340563
38,1,0.18,0.4189565734929373,0.07295326463690671,0.0042894922367605025,0.00581530569180646,0,0.023407678301977944,0.0005990831224231311
38,2,0.18,0.4299438530706123,0.07295326463690671,0.003377853004667471,0.005820646730490052,0,0.019026560796770373,0.000464885695599434
38,3,0.18,0.4300890503847104,0.07295326463690671,0.0027770427819371786,0.005820717312517738,0,0.015653727141990318,0.0003821241338801646
38,4,0.18,0.4344624702211291,0.07295326463690671,0.0013247777303643966,0.005822843280493775,0,0.007185708368790334,0.0001812413350983251
38,5,0.18,0.4279217574702976,0.07295326463690671,0.0,0.00581966376735101,0,-9.788434157295873e-08,2.5000000000000004e-07
38,6,0.18,0.42658371625176555,0.07295326463690671,0.0,0.005819013330647557,0,4.812102269533404e-07,2.5000000000000004e-07
38,7,0.18,0.4325086618537553,0.07295326463690671,0.0,0.0058218935125374125,0,2.683534633902168e-07,2.5000000000000004e-07
38,8,0.18,0.42904271529716054,0.07295326463690671,0.0,0.005820208677405735,0,2.5786583940763873e-08,2.5000000000000004e-07
38,9,0.18,0.4325771175638783,0.07295326463690671,0.0,0.005821926789618723,0,2.834014435277169e-07,2.5000000000000004e-07
38,10,0.18,0.41461253739950715,0.07295326463690671,0.0,0.0058131940075943755,0,-2.770918007335145e-08,2.5000000000000004e-07
38,11,0.18,0.4123501985999214,0.07295326463690671,0.0,0.005812094259566799,0,-9.547456462358954e-08,2.5000000000000004e-07
38,12,0.18,0.40416670562042895,0.07295326463690671,0.0,0.005808116172701768,0,-1.6970280239414875e-07,2.5000000000000004e-07
38,13,0.18,0.3914706808438896,0.07295326463690671,0.0,0.00580194449399095,0,-6.892773471168054e-09,2.5000000000000004e-07
38,14,0.18,0.3873332421848384,0.07295326463690671,0.0,0.005799933239087245,0,-1.691767616132957e-07,2.5000000000000004e-07
38,15,0.18,0.3820585926956565,0.07295326463690671,0.0,0.005797369173363337,0,-1.3128332913121975e-07,2.5000000000000004e-07
38,16,0.18,0.3724781376392785,0.07295326463690671,0.0,0.005792712007710931,0,1.6059622271712216e-07,2.5000000000000004e-07
38,17,0.18,0.372803270823179,0.07295326463690671,0.0,0.005792870058564216,0,1.0047347278414809e-07,2.5000000000000004e-07
38,18,0.18,0.3535140665459202,0.07295326463690671,0.0009119046476142652,0.005783493362040548,0,0.005290069379881145,0.00013977405404892542
38,19,0.18,0.3521012002038555,0.07295326463690671,0.0015754628408811621,0.005782806552013156,0,0.009905622216502132,0.00024199560928835092
38,20,0.18,0.33818813005117654,0.07295326463690671,0.0023556340716033414,0.00577604325402227,0,0.014864131527328238,0.00036958371138972213
38,21,0.18,0.33162412245958756,0.07295326463690671,0.003047951683636412,0.005772852416998582,0,0.019589878733011004,0.00048309981546581447
38,22,0.18,0.3272294343519276,0.07295326463690671,0.003993757274002451,0.00577071611027958,0,0.026073871985458734,0.0006373853652269413
38,23,0.18,0.3152254004343866,0.07295326463690671,0.005279117145272074,0.005764880816014109,0,0.033703909481973104,0.0008587741571739595
38,24,0.18,0.31574195432811075,0.07295326463690671,0.006732598356580034,0.005765131918601335,1,0.06028482573096379,0.0015320308061721362
38,25,0.18,0.32089088785466513,0.07295326463690671,0.007887393115602579,0.005767634872398966,1,0.07247951119333416,0.00178008168684726
38,26,0.18,0.29543152279160884,0.07295326463690671,0.008366779833843882,0.005755258792159981,1,0.07731863893155203,0.0019683723003241778
38,27,0.18,0.2954560090243694,0.07295326463690671,0.009273444638472905,0.0057552706951897944,1,0.08769711107676809,0.00218158532040682
38,28,0.18,0.29774865126889827,0.07295326463690671,0.009743333497319581,0.005756385174058663,1,0.0931745555636537,0.0022833752802075293
38,29,0.1792358380047552,0.2957711987419462,0.07295326463690671,0.010547805122555714,0.005756697515739025,1,0.09516225032005281,0.0024695436673613166
38,30,0.1790179422618464,0.31600598934139246,0.07295326463690671,0.011245391505678166,0.005766897031851937,1,0.10269011960750771,0.0025438944295217403
38,31,0.17633143284288672,0.3051528056787601,0.07295326463690671,0.011434723198030142,0.005766098694380869,1,0.10173070537617376,0.0025932107090721798
38,32,0.1749369965063381,0.31224151257376315,0.07295326463690671,0.011648989793701516,0.005771868654126854,1,0.10406565659894748,0.0025908059704563085
38,33,0.17242235824834337,0.3072031543908719,0.07295326463690671,0.011387782166814433,0.005773610515995717,1,0.1014844872427979,0.0025168471929338243
38,34,0.16958322930719516,0.30253513039584407,0.07295326463690671,0.010647406030127177,0.005776073219233381,1,0.09511892799109581,0.0023322729337024286
38,35,0.16606557272615857,0.3158937928458493,0.07295326463690671,0.010106892083758146,0.005788429774448306,1,0.08234910593107914,0.002121306884240132
38,36,0.16427702254720356,0.3265034869492663,0.07295326463690671,0.009418285759769657,0.005796568181602391,1,0.07803931211442645,0.001922742628947518
38,37,0.16666870187400087,0.3290070407287124,0.07295326463690671,0.008525966868823502,0.0057937990547005155,1,0.0734497343145597,0.0017589789650149714
38,38,0.1646731346704472,0.3298950394984025,0.07295326463690671,0.008356248494060015,0.005797556666108371,1,0.06776597065534333,0.0017009540746524634
38,39,0.16521259774876745,0.3395660765436671,0.07295326463690671,0.0077241873939832865,0.005801358759541507,1,0.06325875762532225,0.001553940896823079
38,40,0.16142952104442274,0.3606543458959255,0.07295326463690671,0.006541420004025683,0.005817915129428319,1,0.05165665466736558,0.0012455518438315085
38,41,0.16091461222480977,0.3726695207126502,0.07295326463690671,0.005913763647829263,0.005824614020774692,1,0.04358255352922283,0.00110283265741318
38,42,0.15753362271482807,0.38004038326966616,0.07295326463690671,0.004833780001830266,0.005833832061478768,0,0.024915748914443207,0.0006236799908269182
38,43,0.15834667944798245,0.38476728147252104,0.07295326463690671,0.004057607894696681,0.005834774764661009,0,0.021052491845532484,0.0005226938689153297
38,44,0.15895926828161222,0.38115671405535845,0.07295326463690671,0.0037315516744620336,0.0058319986463327275,0,0.01914422626703221,0.0004850451453731516
38,45,0.15924144430927906,0.39639705917183155,0.07295326463690671,0.0029362103697920193,0.0058389368540515685,0,0.01512443553645573,0.0003741890358368565
38,46,0.1544749077568689,0.40568362501968586,0.07295326463690671,0.0022007676329079554,0.005851395384481626,0,0.010777092108697102,0.0002685897843628153
38,47,0.15450469169780015,0.412573107632429,0.07295326463690671,0.0016205964062566995,0.005854694798627934,0,0.008416038949478215,0.00019596546816156684
39,0,0.1337409211351639,0.3840571910886143,0.029360149552730187,0.006750261524596377,0.005979293663074752,1,0.04107595307949376,0.0010076045387394641
39,1,0.13097024862995252,0.38365510932271807,0.029360149552730187,0.0054084928081526255,0.005983715994169461,1,0.03207892563964716,0.0007910483472884756
39,2,0.13437923739420657,0.3843185007044353,0.029360149552730187,0.0039044753583031885,0.005978356828150707,0,0.016687574981904787,0.00041812905900799954
39,3,0.1367887182955335,0.37108287052445577,0.029360149552730187,0.0024068139602487033,0.005967907039755449,0,0.010419728274818681,0.0002674155631168743
39,4,0.1385203073108904,0.37969725487470213,0.029360149552730187,0.0003599512832302016,0.005969208606011223,0,0.0015208784149344675,3.9998369511629586e-05
39,5,0.13872987793055827,0.38023912031910206,0.029360149552730187,0.0,0.005969122728458361,0,-3.405500451090555e-08,2.5000000000000004e-07
39,6,0.1382220339615279,0.3735308627093015,0.029360149552730187,0.0,0.005966708176513092,0,-8.611778120967836e-08,2.5000000000000004e-07
39,7,0.14077501015014285,0.36772359935059495,0.029360149552730187,0.0,0.005959630240954918,0,1.6663655642351027e-07,2.5000000000000004e-07
39,8,0.1401974194326801,0.37665365942465723,0.029360149552730187,0.0,0.00596493389357558,0,3.334223577105217e-08,2.5000000000000004e-07
39,9,0.13931148351063088,0.373846845215588,0.029360149552730187,0.0,0.005965046029871809,0,-9.688150826989433e-08,2.5000000000000004e-07
39,10,0.14168097456430148,0.3586569881961443,0.029360149552730187,0.0,0.005953712919842351,0,1.1758116810449165e-07,2.5000000000000004e-07
39,11,0.1390377430236448,0.35349458693226243,0.029360149552730187,0.0,0.005955608805129058,0,6.887597604126431e-10,2.5000000000000004e-07
39,12,0.14180124395295593,0.35037246881180656,0.029360149552730187,0.0,0.005949485273938318,0,2.326188445725815e-07,2.5000000000000004e-07
39,13,0.14154293839804863,0.3534043062162778,0.029360149552730187,7.343044547215773e-05,0.005951389593045893,0,0.00034390994678244166,8.66583018073997e-06
39,14,0.141070501328233,0.3438743085732694,0.029360149552730187,0.0,0.005947544350419123,0,3.0412191772256364e-07,2.5000000000000004e-07
39,15,0.13914359290757497,0.3368271224688582,0.029360149552730187,0.0,0.0059473301489861305,0,3.8401896659226537e-07,2.5000000000000004e-07
39,16,0.14076694185806765,0.3052616220538459,0.029360149552730187,0.0003272873430347612,0.005929280226922457,0,0.0016821978095506345,4.142631861612604e-05
39,17,0.13834019541444403,0.31061330100438395,0.029360149552730187,0.0009749173040574665,0.0059359263149294525,0,0.005006396692159346,0.00012021789963002697
39,18,0.13918046806416307,0.3108204234588722,0.029360149552730187,0.0018082800630276564,0.005934626545039741,0,0.009245177705645856,0.0002242595389127073
39,19,0.13909943094675883,0.29505120611441715,0.029360149552730187,0.0024073305245366503,0.005927096015137415,0,0.012282882742203845,0.00030623540424299506
39,20,0.13718322521862086,0.30133692622763353,0.029360149552730187,0.003061503065637271,0.005933345249739348,0,0.015159336036950782,0.0003800924153097566
39,21,0.13423559784569933,0.2830748770087337,0.029360149552730187,0.0038649989742959826,0.005929380576990585,0,0.019120014016364772,0.000484196562892749
39,22,0.13647300872789325,0.28924385903314126,0.029360149552730187,0.005321543036101082,0.005928650369559904,0,0.027202368691511363,0.0006706939511988927
39,23,0.1364050534891126,0.275502992259063,0.029360149552730187,0.006617527435142364,0.005922084040276029,1,0.04799289568708989,0.0011949240757468706
39,24,0.1322733861837091,0.26500815397426547,0.029360149552730187,0.007764399445993686,0.0059238684949521475,1,0.053676216596895476,0.0013848980689743968
39,25,0.13091075841265465,0.26795328214881664,0.029360149552730187,0.008596944904435739,0.005927571200766533,1,0.05592313817677511,0.0015096892350330005
39,26,0.1298717960667859,0.26797363320567247,0.029360149552730187,0.009587708361813954,0.005929312697551175,1,0.06612673588312312,0.0016702524022690153
39,27,0.13195216215595357,0.26620611219074797,0.029360149552730187,0.010746836404734736,0.005924986209131418,1,0.07639204423065943,0.0019081381735839198
39,28,0.12794056400349166,0.257005792562936,0.029360149552730187,0.011527864300699674,0.005927199828455336,1,0.08017105493021985,0.002017590482995441
39,29,0.1279749676380108,0.26527423580444587,0.029360149552730187,0.01177090860658685,0.0059311618711957595,1,0.08087833961831051,0.0020303311269170943
39,30,0.12348865696704438,0.26588908300882613,0.029360149552730187,0.012223023191951623,0.005938937939705055,1,0.08195049397041468,0.0020321833380152316
39,31,0.12152670346123662,0.2736946480010798,0.029360149552730187,0.012509344251649304,0.005946002234085969,1,0.08059510602550533,0.002018786374522767
39,32,0.12170718390819762,0.2861268670635675,0.029360149552730187,0.012506798447907686,0.005951744873163077,1,0.07786480572109511,0.0019784709581614677
39,33,0.11919007345828156,0.2816853802536794,0.029360149552730187,0.011803505209407207,0.00595378100115813,1,0.07552472297903087,0.001842551969235987
39,34,0.11738394049979203,0.2820991584562615,0.029360149552730187,0.011370467996414033,0.0059569923649374235,1,0.06946843988992993,0.001746814819496501
39,35,0.11720864206797464,0.28210272052953117,0.029360149552730187,0.010882499870573907,0.005957286260553847,1,0.0656473376332376,0.0016693426558882668
39,36,0.11589264753731357,0.3082319420275923,0.029360149552730187,0.010004844970405102,0.005972181289666506,1,0.0594012464769554,0.0014525478030734944
39,37,0.11786800104831235,0.30757574464140647,0.029360149552730187,0.009377716243045267,0.005968570048974335,1,0.054773193850108357,0.0013861887070762665
39,38,0.11584138139947639,0.30156885508755926,0.029360149552730187,0.00833275743402258,0.005969027732633719,1,0.04822450374602445,0.0012225525076839975
39,39,0.11368750398202254,0.3227005098923326,0.029360149552730187,0.007002897261846676,0.00598288986052624,1,0.03868381912803874,0.0009744164509676531
39,40,0.11555726846727064,0.3287036622793794,0.029360149552730187,0.005648373219429908,0.005982691785461197,0,0.022542258168751852,0.0005652387453387921
39,41,0.1129666780676003,0.34478701892935076,0.029360149552730187,0.004456561532513504,0.005994827734498828,0,0.017026526030911208,0.0004252630841827656
39,42,0.11382331528467726,0.34358581759377627,0.029360149552730187,0.003946547970129606,0.005992816088487796,0,0.015544266584069582,0.0003801474982205098
39,43,0.11117900357543188,0.34065137754795416,0.029360149552730187,0.003688694425270559,0.005995796810758708,0,0.014032002325231328,0.00034861896149867644
39,44,0.1106972802363218,0.34434924546687096,0.029360149552730187,0.003237441708552288,0.005998397257673364,0,0.012000611418439094,0.0003029258014320458
39,45,0.11155461729195054,0.36094001603342163,0.029360149552730187,0.00257257352330423,0.006005033320494946,0,0.009002842081127756,0.00023660279069204413
39,46,0.11075995894381686,0.36364678282283724,0.029360149552730187,0.002298119656415218,0.00600767354048669,0,0.008306352558790675,0.0002090172523078972
39,47,0.11089313599532626,0.3754768201645168,0.029360149552730187,0.001519740804007487,0.006013202291330824,0,0.00547809790160769,0.000136018952316467
40,0,0.16714553993980474,0.6609481047198159,0.07975600248199285,0.0043694989928843506,0.006235433983186067,0,0.01723116498957212,0.00043070874179983697
40,1,0.16814895905671767,0.6634998239699849,0.07975600248199285,0.0030712695270083716,0.006235002037071156,0,0.011716748694346987,0.0003037918632105768
40,2,0.165933039339809,0.6723245318737107,0.07975600248199285,0.0016172245372891205,0.006242985025163648,0,0.006501015451153129,0.00015649816415672796
40,3,0.16714760655165883,0.6681840941471366,0.07975600248199285,0.0,0.0062389480336934805,0,4.998382515513433e-07,2.5000000000000004e-07
40,4,0.17121412742949982,0.6611899489074979,0.07975600248199285,0.0,0.006228770567183365,0,9.744749858651075e-08,2.5000000000000004e-07
40,5,0.17144660000429007,0.6585747325108936,0.07975600248199285,0.0,0.0062271118271436995,0,-4.6214244231576086e-08,2.5000000000000004e-07
40,6,0.1713258603045479,0.6556224040785621,0.07975600248199285,0.0,0.006225877900321997,0,4.46353861588126e-07,2.5000000000000004e-07
40,7,0.17192454646763408,0.6563680420575925,0.07975600248199285,0.0,0.00622524255295666,0,-3.793560501593921e-07,2.5000000000000004e-07
40,8,0.17025391408036766,0.6440345985125888,0.07975600248199285,0.0,0.006222031516323282,0,-5.374624118119064e-07,2.5000000000000004e-07
40,9,0.17189372013230445,0.6283391257979398,0.07975600248199285,0.0,0.00621166876255599,0,4.220091507418186e-08,2.5000000000000004e-07
40,10,0.17474290521540276,0.6200260412206022,0.07975600248199285,0.0,0.006202879037970175,0,1.317394851026226e-07,2.5000000000000004e-07
40,11,0.17107595748432414,0.6082502577319879,0.07975600248199285,0.0,0.006203266278326118,0,1.9484492794701142e-07,2.5000000000000004e-07
40,12,0.17114195681189193,0.5981579921340202,0.07975600248199285,0.0,0.0061982503170033825,0,3.4878493784132817e-07,2.5000000000000004e-07
40,13,0.17409710812672088,0.590666159825336,0.07975600248199285,0.0,0.006189683201884168,0,2.648131176804727e-07,2.5000000000000004e-07
40,14,0.17192076622197622,0.5674710837558379,0.07975600248199285,0.0005493552946689796,0.006182035054191626,0,0.002553409395305918,6.139161488506215e-05
40,15,0.173167678075697,0.5643930857623745,0.07975600248199285,0.0011702991527798347,0.006178460618744158,0,0.005060846121709282,0.00013217915955626204
40,16,0.17216013079423798,0.5333944226442612,0.07975600248199285,0.0019348194455360659,0.0061650710696419505,0,0.009398945704376865,0.00022496405468139222
40,17,0.16731406815701869,0.539054702843457,0.07975600248199285,0.002113980660274688,0.0061758993658008144,0,0.009262629839862462,0.0002373365459689557
40,18,0.16862475173446267,0.5136880121806687,0.07975600248199285,0.0029950299533654926,0.006161383862988441,0,0.013957323693388299,0.00034898265977661254
40,19,0.1692581762859661,0.5080473324280257,0.07975600248199285,0.003776843471978481,0.006157586158300623,0,0.017325770481107564,0.00044468574581871544
40,20,0.16425964856400324,0.4925958096497252,0.07975600248199285,0.004940861978053497,0.00615840588093111,0,0.02271293801350013,0.000575104273922724
40,21,0.1640964135587417,0.47640787074362145,0.07975600248199285,0.005843451884775351,0.006150808802304966,0,0.02666253050446647,0.0006930864792833846
40,22,0.16691755164725522,0.48077407496186664,0.07975600248199285,0.006273266613592416,0.006148229365874646,1,0.04219638456706839,0.0010539072353102673
40,23,0.16247277456357673,0.46267075591068313,0.07975600248199285,0.007393396566410408,0.006146837103142008,1,0.04998846835431877,0.0012366003426024143
40,24,0.16163116607221603,0.47490640408156776,0.07975600248199285,0.00795067527289636,0.006154187668488456,1,0.05325865335791464,0.001302819108208739
40,25,0.15934420163306884,0.46385884069352945,0.07975600248199285,0.00843535421819259,0.006152628932573404,1,0.05471062734067632,0.00138163573647708
40,26,0.15929816972625588,0.4692339605208846,0.07975600248199285,0.009442925036160637,0.006155318557889724,1,0.06037295542364122,0.0015358215881695891
40,27,0.15399519582278523,0.4555021671804696,0.07975600248199285,0.009502576347134884,0.006157481670410584,1,0.060195558636954256,0.001520210692132676
40,28,0.15408653358403782,0.4696292964669091,0.07975600248199285,0.010069124389643127,0.006164196795322738,1,0.06303055886645266,0.0015833071691901538
40,29,0.15432665981783197,0.480191464514441,0.07975600248199285,0.010675255663289954,0.006168930972178409,1,0.06517789988504097,0.0016593474305900272
40,30,0.15005347464140242,0.47117970773141293,0.07975600248199285,0.010311988663778405,0.006171672232369598,1,0.06607412389616406,0.001576001462605087
40,31,0.14859010159329863,0.4857605009747504,0.07975600248199285,0.010558285612099007,0.00618119907305417,1,0.06256135565712102,0.0015694033903923589
40,32,0.14619277115616877,0.4946640275372997,0.07975600248199285,0.01022425592259274,0.0061895227269728485,1,0.05844156646571656,0.001479152285334867
40,33,0.1471529105366654,0.503311325944472,0.07975600248199285,0.009522726394740203,0.00619212604250884,1,0.057108016218290036,0.0013723940192035362
40,34,0.146571952656993,0.5161559429636845,0.07975600248199285,0.008810150313346352,0.006199338216692635,1,0.04930062314501494,0.001245616972518203
40,35,0.1443937587526167,0.5227367005057371,0.07975600248199285,0.009001716178801666,0.006206167519227314,1,0.05053004648702791,0.0012441898505741907
40,36,0.14167801450763667,0.5375611460297239,0.07975600248199285,0.008177665718267396,0.006217900087320886,1,0.0440726587673447,0.0010902603528334792
40,37,0.1411745494347826,0.550076475037015,0.07975600248199285,0.0076247218831264904,0.006224823036265298,1,0.039929095038724195,0.0009986825823317213
40,38,0.1384723839148078,0.5669848916270495,0.07975600248199285,0.006498131746158008,0.006237546014640967,1,0.032982534291551055,0.0008192930007706847
40,39,0.13932950656490226,0.5816673333553093,0.07975600248199285,0.005713975073248498,0.006243254774953158,0,0.02031077582770416,0.0005095548982536371
40,40,0.13484876024533254,0.5954513318678737,0.07975600248199285,0.004769244660427179,0.006257423240318271,0,0.01676817081291427,0.0004055938209433358
40,41,0.13664100395275586,0.6098874504899651,0.07975600248199285,0.003863295817753028,0.006261453725136082,0,0.012819324517494462,0.00032788796046142563
40,42,0.13692799172044792,0.6063439348414197,0.07975600248199285,0.0033016384546589593,0.006259252869860775,0,0.011392965892385526,0.0002818513407794964
40,43,0.13903193144376536,0.6280341586122292,0.07975600248199285,0.002919489826666726,0.0062662901624327225,0,0.00959167300214549,0.00024743121132839917
40,44,0.13622398138241384,0.6290671491376648,0.07975600248199285,0.0024033231779907525,0.0062714722273737285,0,0.007795177617521386,0.00019936070698610257
40,45,0.1360797528467666,0.6429380796905173,0.07975600248199285,0.0020356981202394064,0.0062784554217296664,0,0.0067011031310969605,0.00016632829996858002
40,46,0.13730990149425792,0.6559766064236328,0.07975600248199285,0.001692174815622873,0.006282743346701334,0,0.005564753084074692,0.00013770282729772364
40,47,0.13554027773923125,0.6563797560344554,0.07975600248199285,0.002143323738334411,0.006285888695131639,0,0.006732346681181824,0.00017209889281052373
41,0,0.09833165827473242,0.448624086466566,0.05308567594313224,0.007137513695693187,0.006128570892493783,1,0.02882992343515534,0.0007261386646102761
41,1,0.1016346311529323,0.44479449460916554,0.05308567594313224,0.0045138729783027924,0.0061212043305438795,0,0.013232046021801284,0.000340714949920223
41,2,0.10256138462416234,0.4426976645304297,0.05308567594313224,0.002657282102569286,0.006118640449025777,0,0.008247570078465454,0.0002029567332779487
41,3,0.10191611077259277,0.43604647171801136,0.05308567594313224,0.0007883599878980861,0.006116482686716801,0,0.002414863034308915,6.03562908246386e-05
41,4,0.1034433620791263,0.4273451167174979,0.05308567594313224,0.0,0.006109707442525106,0,1.8919901546721586e-07,2.5000000000000004e-07
41,5,0.10213826449152934,0.4312254481560234,0.05308567594313224,0.0,0.006113768877398163,0,5.3859920171763195e-08,2.5000000000000004e-07
41,6,0.0998940145883512,0.4224247540280023,0.05308567594313224,0.0,0.006113231178702338,0,-3.0565238670773326e-07,2.5000000000000004e-07
41,7,0.1055625800577968,0.4243878537906787,0.05308567594313224,0.0,0.006104737854193452,0,1.6685885822378045e-07,2.5000000000000004e-07
41,8,0.10370000936261567,0.40378967088313183,0.05308567594313224,0.0,0.006097829133105363,0,-1.379573664707847e-07,2.5000000000000004e-07
41,9,0.10519030336845475,0.40742245704963037,0.05308567594313224,0.0,0.006097111247482123,0,-3.54192601469534e-07,2.5000000000000004e-07
41,10,0.10374136957353175,0.38869571940190745,0.05308567594313224,0.0,0.006090422861894907,0,-7.284831134100158e-08,2.5000000000000004e-07
41,11,0.10493892064470196,0.38465488442917745,0.05308567594313224,0.0,0.0060864626486645465,0,-1.868696843982651e-07,2.5000000000000004e-07
41,12,0.10231224720516749,0.38602174867419564,0.05308567594313224,0.00010961161707536804,0.006091504885627321,0,0.0003712662586765104,9.019771157470064e-06
41,13,0.09980410273059077,0.374120107718862,0.05308567594313224,0.00029647446314522467,0.00608989960650944,0,0.0009574544607869748,2.4208146906713264e-05
41,14,0.1044152204543317,0.366975798796611,0.05308567594313224,0.000792350432979959,0.006078741482354888,0,0.0027928720686522224,6.83958135389724e-05
41,15,0.10019728694952201,0.3577658171227181,0.05308567594313224,0.0014865822358337813,0.006081294297104763,0,0.005092604136301664,0.00012482617426413952
41,16,0.10299466217197452,0.3530669570221117,0.05308567594313224,0.0021930071765634963,0.00607434783696288,0,0.007666090479828132,0.00019062003481647171
41,17,0.0996938050029285,0.3365185458687583,0.05308567594313224,0.0029339097633671396,0.006071804899045076,0,0.010192761500688406,0.00025315422879642404
41,18,0.10220580280112886,0.33399205858733483,0.05308567594313224,0.0038163148963112183,0.006066390082508495,0,0.013762529519691761,0.0003389156620986161
41,19,0.1006216679396598,0.3171512575899503,0.05308567594313224,0.004260456063624246,0.00606084380679277,0,0.015729362509475073,0.00038253091558552077
41,20,0.09792400393566644,0.32244081810748954,0.05308567594313224,0.005752891222923867,0.006067911227606563,0,0.020254663848912384,0.0004984578013106663
41,21,0.09893259502871553,0.3255613600950059,0.05308567594313224,0.006781982440781072,0.006067747172584302,1,0.0327685873334531,0.0008270494254868064
41,22,0.09492912493431427,0.31393616192128027,0.05308567594313224,0.008299203184275461,0.006068768484740521,1,0.03799200426768914,0.000989302164466533
41,23,0.09793422300279588,0.3110666085050213,0.05308567594313224,0.008947235951880971,0.006062365066160148,1,0.0445849830373984,0.0011054339308643212
41,24,0.09238187119563665,0.3091810878402974,0.05308567594313224,0.009426920896360479,0.006070702413293395,1,0.04389087144396216,0.0011020389818455012
41,25,0.09140361012909125,0.31057258886702,0.05308567594313224,0.010253308363073834,0.006073009272514516,1,0.04809383299568807,0.0011832732113736578
41,26,0.09225397115154721,0.3069519301860363,0.05308567594313224,0.010515390147156783,0.006069831961729389,1,0.052372283346339185,0.001232056178330517
41,27,0.09016448410550872,0.31393985352345927,0.05308567594313224,0.01129038276316835,0.006076711347317367,1,0.05222669785774517,0.0012783055226687576
41,28,0.09101589928015887,0.30656069110041007,0.05308567594313224,0.011203276734552438,0.006071705229181745,1,0.05196728595490323,0.001295866711661702
41,29,0.08853586404031738,0.32955479718034303,0.05308567594313224,0.011462757451910869,0.006087016311703671,1,0.05056720287222409,0.0012431280649707233
41,30,0.08807006569840219,0.32704449900709537,0.05308567594313224,0.011331454491997212,0.006086572358439312,1,0.049665657011746335,0.001227252478069223
41,31,0.08692269223419243,0.3284874630359122,0.05308567594313224,0.010964235994034364,0.00608918608839367,1,0.04729887799806398,0.0011693545106239917
41,32,0.08551501432914484,0.336487676340488,0.05308567594313224,0.010633644630752797,0.006095421210814029,1,0.04500040970201966,0.0011019034856519306
41,33,0.0852830665796185,0.34893513775757595,0.05308567594313224,0.009236439653888604,0.0061018586396965465,1,0.037574375078046576,0.0009365148871288833
41,34,0.08085516072947957,0.3507051410810253,0.05308567594313224,0.00861280806993373,0.006110098901062343,1,0.030827760327422703,0.0008257306434679897
41,35,0.08350857661186771,0.35366766384778403,0.05308567594313224,0.007454723418667932,0.0061071166564922045,1,0.027982074272673626,0.0007348737343942351
41,36,0.08502495359817225,0.36905866467954557,0.05308567594313224,0.006933516137046558,0.006112071098030469,1,0.027660494897352998,0.000680224381665417
41,37,0.08365283644438352,0.3784693953015073,0.05308567594313224,0.005997986772421202,0.00611893262067246,1,0.022761229472006577,0.0005711016891425082
41,38,0.08481389592114526,0.38971569243983134,0.05308567594313224,0.0052844726042457725,0.00612246447154232,0,0.01426721674057718,0.00035859833374647437
41,39,0.08159920809082422,0.40349447094582275,0.05308567594313224,0.004436114944561158,0.006134520301922157,0,0.011909713938842796,0.00028410182891455037
41,40,0.0824211782643781,0.41131666251013915,0.05308567594313224,0.003757721121790032,0.006136952805865554,0,0.009575339031203507,0.00024048462348159172
41,41,0.0823766783682275,0.41126876999462175,0.05308567594313224,0.002779496885019324,0.006137003691275207,0,0.007179009782933565,0.00017779632537045264
41,42,0.08104306133199023,0.4170985740687046,0.05308567594313224,0.002282336264294957,0.006142060318871614,0,0.005772083150676837,0.00014249860699627016
41,43,0.07979086707288408,0.4310035744539809,0.05308567594313224,0.0014529336146639016,0.006150906684490745,0,0.0036202760118450024,8.766781002516135e-05
41,44,0.08077698390977647,0.43416996253840723,0.05308567594313224,0.0015786263693649617,0.0061508023728591875,0,0.0036989514991721782,9.602702621584129e-05
41,45,0.08329425286388989,0.4454771576854479,0.05308567594313224,0.002041104047314416,0.00615210347779881,0,0.005193570787104624,0.00012615264523667475
41,46,0.08294799951051646,0.44383263506015586,0.05308567594313224,0.0018930405242041466,0.006151881146000471,0,0.004669915730683672,0.00011676363885576933
41,47,0.08241789964048749,0.43676735276852857,0.05308567594313224,0.0021986546172814278,0.006149330133558756,0,0.005343722223448782,0.0001359949895742535
42,0,0.07462392384712346,0.8,0.05288137015604491,0.0060450013184050605,0.006000820196958541,0,0.00967222431244769,0.00023100941466638452
42,1,0.07735827653061665,0.8,0.05288137015604491,0.0044319214308346415,0.005996262942486053,0,0.0067598483653679535,0.00017557150692412747
42,2,0.07587514676662374,0.8,0.05288137015604491,0.002093247075101102,0.005998734825426041,0,0.003179949252046336,8.13345813811904e-05
42,3,0.07642167904172693,0.7930010741052632,0.05288137015604491,4.6089082407884904e-05,0.005994421682657594,0,6.989026873025377e-05,1.8146689810817177e-06
42,4,0.07481782700225824,0.7904847367754351,0.05288137015604491,0.0,0.005995871549854709,0,7.876346010685635e-08,2.5000000000000004e-07
42,5,0.07784458746923612,0.7979840332289418,0.05288137015604491,0.0,0.005994472440407978,0,-2.673287875513728e-07,2.5000000000000004e-07
42,6,0.07545721601131843,0.7814843538125221,0.05288137015604491,0.0,0.005990430715343748,0,-2.1180697135654712e-07,2.5000000000000004e-07
42,7,0.07654075507519052,0.7581354494748758,0.05288137015604491,0.0,0.005977274655073162,0,1.8622200521286584e-07,2.5000000000000004e-07
42,8,0.07864854457200625,0.7414040378250788,0.05288137015604491,0.0,0.0059656283474709285,0,3.7877301311775406e-07,2.5000000000000004e-07
42,9,0.07952927617404,0.7315926915209354,0.05288137015604491,0.0,0.005959391057014136,0,-5.948715818745882e-07,2.5000000000000004e-07
42,10,0.07588756234013865,0.7074145652303336,0.05288137015604491,0.0,0.005953707324234929,0,-8.744217313920836e-08,2.5000000000000004e-07
42,11,0.07856387166717695,0.6985576778267032,0.05288137015604491,0.0,0.0059449413773131,0,-9.042925558448031e-08,2.5000000000000004e-07
42,12,0.07737651369502958,0.677961867072285,0.05288137015604491,0.0001903514556633971,0.005936908454816614,0,0.0003420921754556235,8.432192303379314e-06
42,13,0.07578142960980361,0.670440802779223,0.05288137015604491,0.0005069620792908351,0.0059359108553717526,0,0.0008795143044898168,2.2156187271794784e-05
42,14,0.07664738164622559,0.6490013728080037,0.05288137015604491,0.0011154819790682687,0.005924045656852818,0,0.0020767766390337537,5.036478060307715e-05
42,15,0.07674479100800277,0.6352092218290233,0.05288137015604491,0.0017556267737958583,0.005917178790079518,0,0.0033634640636721535,8.047987191321888e-05
42,16,0.07208519102728966,0.6202170863656217,0.05288137015604491,0.0027133621755063434,0.00591765694641933,0,0.004802859329327132,0.00011863969667743051
42,17,0.07415884999125201,0.6056365229229449,0.05288137015604491,0.003972427078526294,0.0059071130742503145,0,0.006969182466768433,0.00018142257125635134
42,18,0.07488227509680853,0.6050031768732568,0.05288137015604491,0.005260035083923617,0.0059055994891891225,0,0.009455863360705795,0.00024273315290417082
42,19,0.07203860989915098,0.5961079686606173,0.05288137015604491,0.006785721700906315,0.005906014871637407,1,0.017168633532371923,0.00042572842280724354
42,20,0.0718725186137035,0.5769692981260162,0.05288137015604491,0.007587523732678677,0.005896988170047721,1,0.018512816497048442,0.000484799813925383
42,21,0.07287535322773721,0.5836803156345627,0.05288137015604491,0.008787630294306832,0.005898579079202098,1,0.02244472205631755,0.0005651947955501018
42,22,0.07201178910078908,0.5708103888011768,0.05288137015604491,0.009301680885610362,0.005893762138314116,1,0.023650625074425488,0.0005994891984816798
42,23,0.06906606140516144,0.5738194657187664,0.05288137015604491,0.009419447561905978,0.0059001344301973235,1,0.023324759858964504,0.000580334870422544
42,24,0.07000125522747166,0.5621342022865526,0.05288137015604491,0.010711960907555376,0.005892895437436147,1,0.027207226829488743,0.000677543635392674
42,25,0.06761068776121378,0.5815227196132358,0.05288137015604491,0.010958766050448317,0.005906304690247048,1,0.02689767369055877,0.0006554414604997263
42,26,0.0650147373619067,0.5945356195487271,0.05288137015604491,0.011596785249624653,0.005916956989492312,1,0.027361631895836718,0.0006577284537355366
42,27,0.06632367263535295,0.5877291895250673,0.05288137015604491,0.010889122179215555,0.005911466749441733,1,0.025232111229954415,0.0006346240831796682
42,28,0.06702828020733842,0.605678229140028,0.05288137015604491,0.011070516457829992,0.0059190176310790306,1,0.02521092234362806,0.0006397456869025953
42,29,0.06597296979269685,0.6074016601953538,0.05288137015604491,0.010813441012315433,0.0059216142607553274,1,0.024275538142988936,0.0006139400633969953
42,30,0.06647223897653917,0.6230282233432622,0.05288137015604491,0.009667604886125275,0.005928378391423602,1,0.02186149744124832,0.0005441319290388683
42,31,0.06539470118265672,0.6311608093628035,0.05288137015604491,0.009517826251353887,0.005934127628172904,1,0.020645391570941907,0.0005226424715661191
42,32,0.06450435744188945,0.6485230201943947,0.05288137015604491,0.008315617026875072,0.005944051498006207,1,0.017880531061460654,0.0004425746823381989
42,33,0.06296965455350552,0.6763892216937895,0.05288137015604491,0.008066951503553832,0.005960155406326831,1,0.01673458016625164,0.0004077623561474673
42,34,0.06379684859108976,0.6814019467411135,0.05288137015604491,0.007060419692352849,0.005961213490939973,1,0.01372494501025804,0.00035982059001528956
42,35,0.06195603703073005,0.6945188996183906,0.05288137015604491,0.006684294844220263,0.005970657806744804,1,0.013640773904171073,0.00032668229245874284
42,36,0.0613941670382457,0.7136147189905004,0.05288137015604491,0.005993490507977253,0.005980876946704831,0,0.00793522798433196,0.000203625444700643
42,37,0.06439093463255616,0.7334930960964897,0.05288137015604491,0.004557559586108195,0.0059855454340297255,0,0.006195940112284813,0.00015943561803660844
42,38,0.06045918852180004,0.7419390023466407,0.05288137015604491,0.003299079233075948,0.00599620399308592,0,0.004308491684764837,0.00010753072054863247
42,39,0.06151535698325593,0.7624162666908646,0.05288137015604491,0.0030122921386684168,0.0060043979380397135,0,0.003801815447323215,9.807228188394635e-05
42,40,0.06,0.7699403816007113,0.05288137015604491,0.0024497328316135216,0.00601058108887076,0,0.0031901466921606726,7.727350966877413e-05
42,41,0.06,0.7886762892475813,0.05288137015604491,0.0021593807897034543,0.006019688821754655,0,0.0027737821969348506,6.700316079943716e-05
42,42,0.06,0.8,0.05288137015604491,0.0018540061432522046,0.006025193403370414,0,0.0022982385105604687,5.696624820686626e-05
42,43,0.06,0.7990674735819878,0.05288137015604491,0.0020903473459015216,0.006024740091917214,0,0.00254609651200468,6.427972922979692e-05
42,44,0.06240624852411081,0.8,0.05288137015604491,0.0021132128074149705,0.006021182989163563,0,0.0027946252721084623,6.753462753028104e-05
42,45,0.0603572368608829,0.8,0.05288137015604491,0.002253017825901852,0.006024598008602276,0,0.0027773346337032863,6.963846282883508e-05
42,46,0.061555806639647125,0.8,0.05288137015604491,0.0025719851031022374,0.006022600392304335,0,0.0033782002056526616,8.107606723441492e-05
42,47,0.061094804910734435,0.8,0.05288137015604491,0.00377969679356715,0.00602336872851919,0,0.00478178372036693,0.00011825416426006033
43,0,0.08870511811173465,0.36469881353709255,0.07552769555001163,0.0032481704541057702,0.006181674788660471,0,0.009681788013873035,0.000241607471684582
43,1,0.09034187687436834,0.3577754571015649,0.07552769555001163,0.001461046442234737,0.006175581336899922,0,0.004593264596243232,0.00011182247780239453
43,2,0.08889565478102968,0.350068804332725,0.07552769555001163,2.199869219416709e-05,0.006174245417515078,0,6.893379609312838e-05,1.6759992666171129e-06
43,3,0.08590388197955857,0.3482744762936677,0.07552769555001163,0.0,0.006178359462720766,0,-9.2924377821486e-08,2.5000000000000004e-07
43,4,0.08853778189899358,0.3521406478741529,0.07552769555001163,0.0,0.006175849018484444,0,-1.0159095678643376e-07,2.5000000000000004e-07
43,5,0.09042633158974751,0.34665798556637745,0.07552769555001163,0.0,0.0061700362526002405,0,4.5232619668670183e-07,2.5000000000000004e-07
43,6,0.08932264419444305,0.3315179892786623,0.07552769555001163,0.0,0.006164516011174776,0,-8.733362201586624e-09,2.5000000000000004e-07
43,7,0.08937476865794976,0.32543378286708236,0.07552769555001163,0.0,0.0061614715367299695,0,-2.9521410260370104e-07,2.5000000000000004e-07
43,8,0.08773262547049746,0.3214404617982486,0.07552769555001163,0.0,0.006162267244300595,0,-1.4180396465635637e-07,2.5000000000000004e-07
43,9,0.09066542286932851,0.30974535035595374,0.07552769555001163,0.0005085301021917643,0.006151694125018094,0,0.0017064212056623178,4.2091395443779346e-05
43,10,0.0880186883040068,0.3010068995322318,0.07552769555001163,0.00046708685768795746,0.006151857491254321,0,0.0014846336915788564,3.807434697266593e-05
43,11,0.08959670693927023,0.29479845458225135,0.07552769555001163,0.0007607160124644094,0.006146209466122642,0,0.0024181367973388677,6.377670833983584e-05
43,12,0.08772914326107469,0.28867090849324717,0.07552769555001163,0.0012175103252380435,0.006146343404015257,0,0.003998111189799904,0.00010098283191651123
43,13,0.08937105737465721,0.2866211287240321,0.07552769555001163,0.002392448471108436,0.006142610459771473,0,0.008064261898832074,0.0002028535538166388
43,14,0.08661405067083287,0.2761586621267237,0.07552769555001163,0.002947348218808329,0.006142119549681934,0,0.009928306834325504,0.00024659246225770565
43,15,0.08655497867925001,0.26662475687673515,0.07552769555001163,0.004000204929092751,0.006137583465726938,0,0.013526068631175262,0.0003400992714273894
43,16,0.08592833302808461,0.27516444053056094,0.07552769555001163,0.00551164578239327,0.006142779110255046,0,0.018707837152755678,0.00045827825736300125
43,17,0.08678764789137844,0.2592530627361504,0.07552769555001163,0.005991596007460948,0.0061336122212772735,0,0.021057878318445515,0.0005175532156473953
43,18,0.08593547291744705,0.260468304475989,0.07552769555001163,0.006668396150703272,0.006135623255412914,1,0.03249360919660584,0.0007967586690709192
43,19,0.08517597007007517,0.2530083223292216,0.07552769555001163,0.007616555169102823,0.006133262713281633,1,0.036272546673906066,0.0009142768130205601
43,20,0.0808141665881692,0.25199269166268984,0.07552769555001163,0.008276932867218832,0.006140038676399689,1,0.038279755101705705,0.0009444203770195641
43,21,0.08337785882814223,0.25670277278280873,0.07552769555001163,0.009494858542170187,0.006138055478766459,1,0.04404432567729885,0.0011082120804646633
43,22,0.08358728942555026,0.23470473785518245,0.07552769555001163,0.01014112369913837,0.00612701293856985,1,0.049207877075183065,0.0012360672772908773
43,23,0.08215544908474315,0.237481315993609,0.07552769555001163,0.010743570635511984,0.006130749064621819,1,0.0516562400864891,0.001280308021674283
43,24,0.08023499959656666,0.250602206241066,0.07552769555001163,0.011350201598367431,0.0061403280243057376,1,0.053461589163798645,0.0012890886014486965
43,25,0.0784676520833243,0.2584108063747444,0.07552769555001163,0.011467213168611021,0.00614706945078168,1,0.04915313250359319,0.0012557141780710956
43,26,0.0777987905826782,0.2645138637619002,0.07552769555001163,0.011782244564590275,0.006151150983957069,1,0.05040905344235887,0.0012652898266055745
43,27,0.07552508338521523,0.2589048274191591,0.07552769555001163,0.011169135585837691,0.006152213881064008,1,0.0486572100636409,0.0011761588286739765
43,28,0.07666960770514615,0.2646059431389098,0.07552769555001163,0.010031923948613384,0.00615307771622789,1,0.0415293220897696,0.0010615131259762334
43,29,0.07662532645639696,0.27208906745219663,0.07552769555001163,0.009650756258125798,0.006156789148183654,1,0.03958620748089446,0.0010071818586428042
43,30,0.0744630296532494,0.2663718971573067,0.07552769555001163,0.008827198237649308,0.00615761379618444,1,0.035914443739067964,0.0009043110970737257
43,31,0.07256809406782468,0.2714275363534677,0.07552769555001163,0.008182390083718138,0.00616322962454717,1,0.03291236816887823,0.0008096629135884005
43,32,0.07340740238234919,0.30606025084132815,0.07552769555001163,0.006839351830917672,0.006178666124676784,1,0.02605746548532431,0.0006455503343768122
43,33,0.07537774008507228,0.2924771706850073,0.07552769555001163,0.006844687015601621,0.0061687793423184775,1,0.026087883634774697,0.0006785225403384113
43,34,0.07217090290388957,0.30698973708375443,0.07552769555001163,0.005917918810026763,0.006181178790730951,1,0.021247469965570562,0.000548334791906536
43,35,0.07288870882800146,0.30828471795874335,0.07552769555001163,0.0056448838606834445,0.006180611952116107,0,0.015570477615726268,0.00037651600096352437
43,36,0.06941188763893177,0.32636924020581426,0.07552769555001163,0.00454605822286103,0.006195197741301326,0,0.011194820458972646,0.0002805073183140875
43,37,0.07291226787650332,0.3239388649654513,0.07552769555001163,0.0037009116514177954,0.006188182341830197,0,0.009414896379090818,0.00024079764440001588
43,38,0.07014431604272213,0.34000462165711276,0.07552769555001163,0.003102356836092947,0.006200605337722724,0,0.007619080520350218,0.0001893829179558445
43,39,0.07231497542551706,0.3438278336443724,0.07552769555001163,0.00254643714496355,0.006198846077911872,0,0.006595412564809483,0.00015932120920397782
43,40,0.07047041087609343,0.3551317189406371,0.07552769555001163,0.0024648429646110122,0.006207415296402151,0,0.005951513000436111,0.00014773610877505102
43,41,0.06883885403477427,0.3406488136356177,0.07552769555001163,0.002208468632130895,0.00620309425661441,0,0.005347149227551567,0.0001321756729580694
43,42,0.07256349242646933,0.3476995538904813,0.07552769555001163,0.0021148355977648886,0.006200313969141032,0,0.0051105905448762395,0.00013199223517682503
43,43,0.06999535763229325,0.35990700011989263,0.07552769555001163,0.0025682274279946594,0.006210528369048401,0,0.006135208983738048,0.00015181056703082043
43,44,0.07025902981246106,0.3501625752615297,0.07552769555001163,0.0026155972400295087,0.00620535204221975,0,0.0062669861646797165,0.00015747367069315855
43,45,0.07300371629375145,0.3619061441713931,0.07552769555001163,0.0030466305720123926,0.006206486244082117,0,0.007414482481009575,0.00018727399649047603
43,46,0.07452749647296814,0.3648134602813053,0.07552769555001163,0.0034129366399735283,0.006205359889114631,0,0.00880504220606131,0.00021325259983607042
43,47,0.07330366092803287,0.3594854941835842,0.07552769555001163,0.004448381418832978,0.00620480963150313,0,0.011167102156203805,0.0002755489763286133
44,0,0.09086338151140826,0.2354032268919443,0.05494429394468309,0.002847299270670787,0.0060588660731872935,0,0.010696667015215237,0.0002664432777506109
44,1,0.08971788886248794,0.2255711097358104,0.05494429394468309,0.0014119208632174625,0.0060559957262068176,0,0.005309926238565801,0.00013294522192284271
44,2,0.08983465878961121,0.22760998030507804,0.05494429394468309,0.0,0.006056792227299451,0,2.3811208650082713e-07,2.5000000000000004e-07
44,3,0.0900364836216209,0.22554482450231275,0.05494429394468309,0.0,0.006055451957397534,0,1.628478055884649e-08,2.5000000000000004e-07
44,4,0.08919732676098051,0.21166098780494147,0.05494429394468309,0.0,0.0060501014648818244,0,1.8844252552151807e-07,2.5000000000000004e-07
44,5,0.09191173199983516,0.21841789134355566,0.05494429394468309,0.0,0.006048862062037226,0,-1.513073815241642e-07,2.5000000000000004e-07
44,6,0.08724797571634396,0.202507157738116,0.05494429394468309,0.0,0.006048900604784845,0,-2.723436619852814e-07,2.5000000000000004e-07
44,7,0.08928528246639254,0.2159897341769664,0.05494429394468309,0.0,0.006052059123748094,0,2.819649741176797e-07,2.5000000000000004e-07
44,8,0.08780863072765102,0.20473031245029738,0.05494429394468309,0.0,0.00604904687997331,0,-3.2902072483721414e-07,2.5000000000000004e-07
44,9,0.08885598396019319,0.1961947722456446,0.05494429394468309,0.0005973241045269997,0.006043152070319589,0,0.002382754188590184,5.90945982567122e-05
44,10,0.089666130792334,0.18957231702168825,0.05494429394468309,0.0009202318839316257,0.006038582576532153,0,0.0036717618119216575,9.315873200983668e-05
44,11,0.08911831824005752,0.19526818086145645,0.05494429394468309,0.0013388945602911201,0.006042264420152502,0,0.005412180839791809,0.00013310807579406083
44,12,0.08937808204458335,0.1880600770482833,0.05494429394468309,0.002172479493316488,0.006038327541124666,0,0.008631575921204424,0.0002199275737817124
44,13,0.08797372273310029,0.1801639160414104,0.05494429394468309,0.003210173446380594,0.006036829728376575,0,0.012906975913037666,0.00032534781997449165
44,14,0.08495295702656375,0.18403669284094754,0.05494429394468309,0.0038064139094760967,0.006043746937720577,0,0.01522562768477688,0.0003694245001749114
44,15,0.087011202600661,0.17269748031459017,0.05494429394468309,0.0050189985208542245,0.0060348044112301024,0,0.020344187829363005,0.000511413741064749
44,16,0.08500618544070623,0.1758011898528161,0.05494429394468309,0.006586724874124406,0.006039654854188887,1,0.03776654297402293,0.0009117044407791141
44,17,0.08815514963397778,0.16795788699799138,0.05494429394468309,0.007492778208376012,0.006030593863867895,1,0.04347797340260542,0.0010944312587770706
44,18,0.08408732802933191,0.16468867114779934,0.05494429394468309,0.008490931935577116,0.006035784364392905,1,0.04741243624432922,0.0011917472716873984
44,19,0.08310509942049926,0.15799658551582127,0.05494429394468309,0.009170241240292837,0.0060341683148920815,1,0.054182477308845865,0.0012916594448979153
44,20,0.08097014319014141,0.17190655830558685,0.05494429394468309,0.00978980488963285,0.00604448836760437,1,0.05270800496689464,0.0013018741078762634
44,21,0.0797396691979096,0.16983767450239975,0.05494429394468309,0.01038827284187964,0.006045533450187096,1,0.05528364197252926,0.0013667476575329428
44,22,0.07952434241846909,0.1547673237518056,0.05494429394468309,0.01006072778841268,0.006038566463204624,1,0.053080569384413696,0.0013662127518409553
44,23,0.07875734509304334,0.1662841750787762,0.05494429394468309,0.009994361849628404,0.006045443261475388,1,0.05287532262682782,0.0013091184603971715
44,24,0.08154714360141556,0.17553115590324886,0.05494429394468309,0.010173695095057814,0.006045288657417776,1,0.054184690066112,0.0013516967821173244
44,25,0.07856031504394886,0.16169221132413866,0.05494429394468309,0.010056613058530962,0.006043539440287598,1,0.05413024352060857,0.001327736132628268
44,26,0.07732037371446202,0.1708446670476069,0.05494429394468309,0.010031811384890255,0.006050055119591206,1,0.05057360085610006,0.0012769349061918433
44,27,0.07560786169462078,0.18256220807169965,0.05494429394468309,0.00971545561590695,0.006058605333177654,1,0.04806582559253538,0.0011786071737955241
44,28,0.07464003639374296,0.17386002979725304,0.05494429394468309,0.00934547713233643,0.0060559881497957045,1,0.046463050063153315,0.001140682038595173
44,29,0.07542668082701567,0.18156828011462095,0.05494429394468309,0.008857017195842025,0.006058424141866749,1,0.04498762308194783,0.0010741983543024805
44,30,0.07356118793641697,0.19376429201159723,0.05494429394468309,0.008434353978233024,0.0060674619135787766,1,0.039562309358688576,0.0009720466974901759
44,31,0.07296261842176885,0.19462996588441392,0.05494429394468309,0.0071878845168373735,0.006068880343124698,1,0.03294689417582233,0.0008201632060316603
44,32,0.0741339223274156,0.21087714562622278,0.05494429394468309,0.006278654339420681,0.006074826104545333,1,0.028588510815335852,0.0007040549898194345
44,33,0.07108867795012111,0.2066789780296573,0.05494429394468309,0.0050430564171182295,0.006077860735925826,0,0.015587077511267951,0.00039063808241326936
44,34,0.07315131122798636,0.21749154104315507,0.05494429394468309,0.0037890354657498593,0.006079679120816501,0,0.012459296441393378,0.0002955387196418106
44,35,0.0711475050552253,0.23576458140123063,0.05494429394468309,0.0034192197423400152,0.0060919015257229455,0,0.009739130888107777,0.0002503638077403055
44,36,0.07300437242009213,0.21603764823814953,0.05494429394468309,0.0025511923260241806,0.0060792172653827805,0,0.007720485862433599,0.00019916257322392995
44,37,0.07026239828989372,0.2240198768279994,0.05494429394468309,0.0019237956579213774,0.0060876674722754,0,0.005614654077119667,0.00014229057641215314
44,38,0.07169312227550592,0.2217723029189763,0.05494429394468309,0.0017021162608546983,0.00608419036164916,0,0.005109045396722082,0.00012902347474789527
44,39,0.07019139438196235,0.22994066017716946,0.05494429394468309,0.0019929932875585835,0.006090663970694465,0,0.005828428149639822,0.0001455813377709683
44,40,0.07097353492639605,0.22851100866203294,0.05494429394468309,0.001735254733955653,0.006088665433633884,0,0.00501689067072704,0.00012852023177906523
44,41,0.07146875484314695,0.2265441783541853,0.05494429394468309,0.001788373401422521,0.006086883969039652,0,0.005332583838933726,0.00013388682709441715
44,42,0.073802614638409,0.2384037754215626,0.05494429394468309,0.002163375959671487,0.0060887592846219675,0,0.006457956808151254,0.00016350094331320407
44,43,0.07192077267046502,0.23390155723601275,0.05494429394468309,0.0022626252868955306,0.006089707109617232,0,0.006544967318758819,0.00016807004285416784
44,44,0.07449144201628946,0.24166815966432953,0.05494429394468309,0.002531070621814552,0.006089198092443512,0,0.00755170410196162,0.0001918946711010325
44,45,0.07309746637256016,0.23562363448428617,0.05494429394468309,0.0035932573892551414,0.006088583074331651,0,0.010648012265979195,0.0002703906547367224
44,46,0.07480979957368718,0.24431593380109454,0.05494429394468309,0.004780456299374648,0.006089954608942109,1,0.020180958692939312,0.000507062372815044
44,47,0.07475702230386878,0.22919745241763903,0.05494429394468309,0.005741591262755531,0.006082693309274849,0,0.017979165427274388,0.00044732320555431057
45,0,0.17888898055419983,0.33706665687771387,0.07040441362951075,0.007522180016419148,0.005710990074915675,1,0.06715227030259707,0.0016428790503050868
45,1,0.1758323173350318,0.34097080130644736,0.07040441362951075,0.004862597598582032,0.005717982361600479,0,0.029104062189986235,0.0007411492132138051
45,2,0.1778420059422624,0.3333227738333408,0.07040441362951075,0.002832564547617575,0.005710915089455667,0,0.018198899423059647,0.00044186158203935615
45,3,0.1759192131915317,0.3243751612282383,0.07040441362951075,0.001563405090223386,0.005709770210134961,0,0.009781368330975546,0.00024465519655054866
45,4,0.17820477485778985,0.32269739358873906,0.07040441362951075,0.000876447440110851,0.005705145359199774,0,0.00550087946102985,0.00013930589777804838
45,5,0.1792616988315288,0.3137722459264496,0.07040441362951075,0.00028769855024094924,0.005699045205796596,0,0.0017669361413959863,4.666091203511563e-05
45,6,0.178553459148672,0.3022002180679689,0.07040441362951075,0.0,0.005694600313947929,0,-8.977724460417954e-10,2.5000000000000004e-07
45,7,0.1759002474466186,0.3061664559383809,0.07040441362951075,0.0,0.005700950365749469,0,-5.284154687371156e-08,2.5000000000000004e-07
45,8,0.17825294129351948,0.3012806286020298,0.07040441362951075,0.0005635790794795625,0.005694654154382797,0,0.0037934891357745766,9.276444325793725e-05
45,9,0.17789238732253754,0.2802055193568981,0.07040441362951075,0.0012912974911880554,0.005685010232895827,0,0.009049174422296477,0.00021979963603321114
45,10,0.17263878373233843,0.2753717950776319,0.07040441362951075,0.001745002985941357,0.005691416511799293,0,0.011726915351882753,0.0002906804921914874
45,11,0.17323873995151165,0.2703755298066153,0.07040441362951075,0.0023961027267296975,0.005687987844705038,0,0.016644281861408473,0.00040404576936706844
45,12,0.17040914363522316,0.27321092174157935,0.07040441362951075,0.0033579151516701417,0.0056940821540894596,0,0.021952966197128904,0.0005542198529302631
45,13,0.1698287369249092,0.2591910838715114,0.07040441362951075,0.004267675679556966,0.005688234299642034,0,0.028947374266086304,0.0007196681958662973
45,14,0.16902056946180524,0.24991557948340248,0.07040441362951075,0.005118300123427508,0.005685072319669654,0,0.036014413871407365,0.0008736291295798128
45,15,0.1673407931137764,0.2401389653717628,0.07040441362951075,0.006701473238958804,0.0056831194261676545,0,0.0486719121193422,0.0011532544652396624
45,16,0.16692822513593375,0.26288094929586936,0.07040441362951075,0.007625504826622515,0.005694862170538278,1,0.06937753007425242,0.0017578420353567049
45,17,0.1650839666496341,0.24995849879643872,0.07040441362951075,0.00844421315459114,0.005691654187911554,1,0.07776917162301204,0.001970696058465346
45,18,0.16084234847633633,0.23459479638746508,0.07040441362951075,0.009093957311013413,0.005691255085084911,1,0.08250115221941294,0.002128073296946853
45,19,0.16356295449587396,0.25413945431612217,0.07040441362951075,0.009546105034245444,0.005696221617101,1,0.0861871558736659,0.0021905028744924173
45,20,0.15848094387980352,0.24592978999447532,0.07040441362951075,0.010312277730057332,0.005700700825749206,1,0.09480137774312435,0.002327651825915912
45,21,0.1557152990866443,0.24334316935520744,0.07040441362951075,0.010466890803756542,0.005704052848704827,1,0.0927910922172337,0.0023325173283874046
45,22,0.15715496275385493,0.25788286989206866,0.07040441362951075,0.010832768007005396,0.005708721319242673,1,0.09458326837118744,0.0023721957998962553
45,23,0.15477670999367385,0.24609468963077716,0.07040441362951075,0.011102238477058728,0.00570695470843818,1,0.10096877532416018,0.0024466380563651323
45,24,0.15259667792181342,0.24721864092101603,0.07040441362951075,0.010607813626746742,0.005711134460435146,1,0.09001620266904171,0.0022999617903032648
45,25,0.14956204505330972,0.25142620414462247,0.07040441362951075,0.01045653002338182,0.005718237525116351,1,0.08570094333053119,0.002204929002712195
45,26,0.15128678437079307,0.2673095537772277,0.07040441362951075,0.0103131399859518,0.005723084032325283,1,0.08365784668427007,0.0021377202235494503
45,27,0.14794145652505963,0.273189038598333,0.07040441362951075,0.00975149496907161,0.005731517661633988,1,0.07662870620936105,0.0019562538982838746
45,28,0.14591256117925797,0.28039354999206934,0.07040441362951075,0.009149445244661238,0.005738401346915612,1,0.07396577673445567,0.0017877960996409707
45,29,0.14745033450780906,0.28071867965615155,0.07040441362951075,0.007825701849865028,0.00573599644051029,1,0.061069883027911456,0.0015443875175329108
45,30,0.14523011178542344,0.301883362873048,0.07040441362951075,0.007475244360994813,0.005749985199389145,1,0.0577051582043074,0.0014020630466818707
45,31,0.14285696232056788,0.3033657920655028,0.07040441362951075,0.006107501539329171,0.005754661073799126,1,0.04520520417142056,0.001124058244090897
45,32,0.14189176696562106,0.3085802865344387,0.07040441362951075,0.00561474633732447,0.005758804556424214,0,0.028782793165339125,0.0007268969543446956
45,33,0.14202745729552502,0.31479642599899416,0.07040441362951075,0.005111193002049122,0.005761600140336311,0,0.026888416755984402,0.0006557003544809581
45,34,0.1423328368571974,0.3150327911149681,0.07040441362951075,0.004146135617136126,0.005761206074109345,0,0.021574508148743118,0.0005328366758855868
45,35,0.13974567704857063,0.3304794969541877,0.07040441362951075,0.003764858119628201,0.005773026822462232,0,0.018080297167097414,0.00046353850951022247
45,36,0.1394712637561119,0.3311276679041227,0.07040441362951075,0.0031269613031976212,0.005773799261050326,0,0.015383413460858187,0.00038385389357569887
45,37,0.13797472866437746,0.3523163769125793,0.07040441362951075,0.0027306830374718223,0.005786593553082328,0,0.012875329195400215,0.0003210130860006178
45,38,0.14217410329559485,0.3512619318025665,0.07040441362951075,0.0024038981783528457,0.005779082017879598,0,0.011968329852276647,0.0002916607175523666
45,39,0.13974244716487977,0.35074831631503267,0.07040441362951075,0.002531694164512077,0.005782885103902127,0,0.012068363154969026,0.00030214628898113166
45,40,0.138344767814521,0.3512222356464488,0.07040441362951075,0.00277278395722103,0.00578544494693883,0,0.013682734194600562,0.0003273754637671098
45,41,0.1401456376296963,0.3537513851989789,0.07040441362951075,0.002542441930547382,0.005783672944946018,0,0.012493366188913845,0.00030293276724229835
45,42,0.14311212015591937,0.35022104719682473,0.07040441362951075,0.0029945610530235545,0.0057770126708734885,0,0.014302748639712023,0.00036629655170071257
45,43,0.1420649747034967,0.35189632477750754,0.07040441362951075,0.003607287317211081,0.005779572284340358,0,0.017914501505829242,0.0004369121862297283
45,44,0.14398855993433132,0.3515559514732975,0.07040441362951075,0.0041048800446992955,0.0057762008497105315,0,0.019755488369433312,0.0005041705233433931
45,45,0.14345894530964554,0.34734917148260963,0.07040441362951075,0.0046166966067385335,0.005775038578256201,0,0.02218481018308712,0.0005685518224491458
45,46,0.14397986081725556,0.3390273701366316,0.07040441362951075,0.006127194245270815,0.005770125065644779,1,0.04146140990954182,0.0010738108429883938
45,47,0.14646401076890714,0.3465359206836813,0.07040441362951075,0.00760190683993768,0.005769634805574619,1,0.054416149426897764,0.0013397659399263676
46,0,0.10571714911813462,0.15435950342495994,0.03685012554602783,0.00423105816758546,0.006344990546953348,0,0.021175557737327187,0.0005412859074782356
46,1,0.10567058799509267,0.15057979230685187,0.03685012554602783,0.0027398033037720633,0.006343230789253782,0,0.014504980140250036,0.00035346883373496053
46,2,0.10712186172974364,0.15763492684985192,0.03685012554602783,0.0011537340778827007,0.006344241578987766,0,0.005926561654547928,0.00014842834534696287
46,3,0.10779037265561836,0.142125774837858,0.03685012554602783,0.0005055029574976504,0.006335588222994367,0,0.002809711303024557,6.787885577726274e-05
46,4,0.10515405508347131,0.15103611734184563,0.03685012554602783,0.00016627941989676322,0.006344313502109606,0,0.0008349993505626887,2.1324344999833194e-05
46,5,0.10653245350026384,0.16047280727699847,0.03685012554602783,0.0,0.00634660345124454,0,-5.343876097644483e-07,2.5000000000000004e-07
46,6,0.10895788721904745,0.15241291520474484,0.03685012554602783,0.00014268646124010576,0.006338643058622556,0,0.000756424228077364,1.8899440864532848e-05
46,7,0.10741780625626705,0.14257609780220948,0.03685012554602783,0.0006774028906062133,0.006336428073989845,0,0.003668573168749972,9.054875096070641e-05
46,8,0.10569675894691213,0.1397273001907494,0.03685012554602783,0.002105496033351294,0.006337911653999866,0,0.010992944116150715,0.00027884945544519416
46,9,0.10079977076880425,0.12905843642636494,0.03685012554602783,0.003026972495766193,0.006340887047744582,0,0.015611759585463491,0.0003925229362852583
46,10,0.10393004074022345,0.12456028167615008,0.03685012554602783,0.003438864744771579,0.006333483328121973,0,0.018595025115405454,0.0004650398653433815
46,11,0.1029724687450675,0.11628591639952109,0.03685012554602783,0.00447119807460369,0.006331057020548872,0,0.024149939370733457,0.0006119889194279994
46,12,0.10188904569672394,0.12093099294605841,0.03685012554602783,0.005430990925251313,0.006335120748950678,0,0.029593441322448143,0.0007267322779752389
46,13,0.10265189365701272,0.12563098268640102,0.03685012554602783,0.006037520376851192,0.006336134052918418,0,0.031858999720516555,0.0008042261485969159
46,14,0.09922594393200866,0.11147230539812333,0.03685012554602783,0.007577177815213092,0.0063349612787782904,1,0.057219132742138336,0.0014169754398567292
46,15,0.09995340197220393,0.11646549064465242,0.03685012554602783,0.008499371704391327,0.006336176091539472,1,0.06104003403345043,0.0015801827350456954
46,16,0.09828294834707006,0.11962773750896775,0.03685012554602783,0.009467811137031821,0.006340497384251515,1,0.06705750839097685,0.0017166567448031259
46,17,0.09601953318099125,0.1288391248379638,0.03685012554602783,0.010014834795585459,0.006348747500591019,1,0.0654471880653387,0.0017328762963418056
46,18,0.09657693486795632,0.11401779295705117,0.03685012554602783,0.010280398607848452,0.006340613683670634,1,0.07285514798549185,0.0018586271150983378
46,19,0.09313078247702158,0.1108939684786588,0.03685012554602783,0.010182495746544227,0.006344838745200751,1,0.07403111339735316,0.0017899629927938033
46,20,0.09757542930281295,0.12308290815215023,0.03685012554602783,0.010327041752280051,0.006343356179499046,1,0.07417858758705673,0.001842531772168726
46,21,0.09319768499334861,0.12340856274302334,0.03685012554602783,0.01064472186376466,0.006350810724329828,1,0.0761098832408605,0.001812494238781704
46,22,0.09387471237263917,0.12398208794359158,0.03685012554602783,0.01060792887105596,0.006349961142336842,1,0.07282589066591266,0.0018166900650176253
46,23,0.09227720313817725,0.1242979022329352,0.03685012554602783,0.009986799179101023,0.006352777178562709,1,0.06560221104864977,0.0016798591441782311
46,24,0.08830020800682035,0.12522678043813737,0.03685012554602783,0.009474054191306222,0.0063598570417980555,1,0.05871629111647699,0.0015213311743853672
46,25,0.09019253978901766,0.12820010456593703,0.03685012554602783,0.008746038006897546,0.0063581485213898515,1,0.05438620387428382,0.0014237830862902031
46,26,0.0888387968235642,0.1334271903597241,0.03685012554602783,0.00803775323781268,0.006362945704148698,1,0.05176597921494463,0.001272131641434082
46,27,0.08743596231245757,0.1285465420878075,0.03685012554602783,0.00801295946687594,0.006362911224312805,1,0.05113622296544865,0.0012634745214539806
46,28,0.08379450992895761,0.1405532086569419,0.03685012554602783,0.007128522674623449,0.006374816885645301,1,0.04170149332175137,0.001045745696453209
46,29,0.08916826682775493,0.13793514730198173,0.03685012554602783,0.00643915237789963,0.006364587955433088,0,0.028935630514685725,0.0007225859647681833
46,30,0.08427621025806509,0.1433841295909602,0.03685012554602783,0.005494808499577283,0.006375390193884159,0,0.02380721482352956,0.0005751377420033411
46,31,0.08525572175263467,0.1359368675341938,0.03685012554602783,0.004589634515779278,0.006370137477893393,0,0.020086587104116017,0.0004948562170540936
46,32,0.08118488452018426,0.15357132757434477,0.03685012554602783,0.0035467065827244145,0.006385494513578106,0,0.013321416168301646,0.00034908499667670275
46,33,0.08634047198052491,0.1562555608761731,0.03685012554602783,0.002748432121685552,0.0063782067034437034,0,0.011318698273798469,0.0002859026353905474
46,34,0.08440636176330385,0.15864258802597034,0.03685012554602783,0.0021566880725650594,0.006382590580892447,0,0.008533879397963486,0.00021811553861333873
46,35,0.08546937157972015,0.16803020762425344,0.03685012554602783,0.0015703075649034655,0.006385382324058696,0,0.006304449656622928,0.00015741773797270405
46,36,0.08376440474040231,0.15792622126519154,0.03685012554602783,0.0015994117402707009,0.0063833122754219035,0,0.006681056514507762,0.00016079067130151
46,37,0.08073584438920366,0.161670498189023,0.03685012554602783,0.001108656397021832,0.006390180010622986,0,0.0043086318872596705,0.00010650566029549046
46,38,0.08646280295232354,0.1654510454257619,0.03685012554602783,0.0013268074922597826,0.006382472845702311,0,0.005413107026885662,0.00013533732979070838
46,39,0.08533672421526321,0.17092421319747714,0.03685012554602783,0.001879052701596409,0.006387010211264219,0,0.00770678429802292,0.00018686348985897123
46,40,0.08137274395617414,0.17067674867810204,0.03685012554602783,0.002409511755774764,0.006393496549776893,0,0.00871998890215534,0.00022861086638847306
46,41,0.08424339370413758,0.16626839612230895,0.03685012554602783,0.002377679529336305,0.006386569184371221,0,0.009832482072900878,0.00023586766963334542
46,42,0.08417141222041807,0.1690918142240621,0.03685012554602783,0.00350458066923013,0.006388061648421328,0,0.01352336047332561,0.00034516453780744486
46,43,0.08438508367714077,0.16515240411296228,0.03685012554602783,0.00433768707388462,0.006385790538300561,0,0.017165151938354183,0.0004321131110485599
46,44,0.0866434446249613,0.1656903791990477,0.03685012554602783,0.00544440072863569,0.006382288119054375,0,0.022022566812142524,0.0005562005334368603
46,45,0.08516100191998548,0.15724332787259887,0.03685012554602783,0.005821080333337513,0.006380652651390088,0,0.022958960565990165,0.000595895663944268
46,46,0.08793479502249515,0.16252984379471305,0.03685012554602783,0.006986243791127739,0.00637859949701471,1,0.040689812216666926,0.0010213881980179658
46,47,0.09038659842177782,0.16818202644191627,0.03685012554602783,0.008196690793685511,0.006377260746802741,1,0.04731779995526777,0.001216133252520153
47,0,0.14342943307765008,0.5778324794702808,0.025539565708095527,0.0009441825657877999,0.00582048763660026,0,0.0034330082778163402,8.476870508166673e-05
47,1,0.1438707393627806,0.5567879076259695,0.025539565708095527,0.0,0.0058095221259229475,0,1.0874010696046574e-07,2.5000000000000004e-07
47,2,0.14340295101482853,0.5491416731163562,0.025539565708095527,0.0,0.005806584853616251,0,3.3760752013653914e-07,2.5000000000000004e-07
47,3,0.14464658574905237,0.545883004128865,0.025539565708095527,0.0,0.005802928053856958,0,-5.653968257378895e-07,2.5000000000000004e-07
47,4,0.14361541317131565,0.5197604983246275,0.025539565708095527,0.00030987956759830076,0.005791948234498348,0,0.0011884718693850338,2.9738086857353628e-05
47,5,0.14215568837545833,0.5167884485120023,0.025539565708095527,0.000629200448872651,0.005792936362721417,0,0.002369854231849735,5.997660437595169e-05
47,6,0.1423255488429012,0.500671791209717,0.025539565708095527,0.0005845859455162357,0.005784818775753734,0,0.00231852701728819,5.686567964073509e-05
47,7,0.14114024662297633,0.48107989376357824,0.025539565708095527,0.00154937508186643,0.005777270440417292,0,0.005842954489858049,0.00015305622573413223
47,8,0.14079059858827364,0.48856301896624704,0.025539565708095527,0.0022665423495481386,0.00578149081744865,0,0.008953492751231685,0.0002213118952975322
47,9,0.14224583158990556,0.47334421160906104,0.025539565708095527,0.0028785377080929953,0.005771667397758409,0,0.011517531090157417,0.000289340597151996
47,10,0.13969188850513276,0.46039815496744635,0.025539565708095527,0.00412031711625586,0.005769630747587801,0,0.01652939279307403,0.0004133851436142799
47,11,0.1370864604433308,0.4539670551722564,0.025539565708095527,0.005201170499737032,0.005770846898623698,0,0.020983882510494944,0.0005163004826211017
47,12,0.1355521406818171,0.4453209592407997,0.025539565708095527,0.007097249643451374,0.005769201134926207,1,0.038576480317680406,0.000986193543740619
47,13,0.13339002829421692,0.4492559239247454,0.025539565708095527,0.0073773461751460365,0.005774717485626903,1,0.040366900874190245,0.0010036517507221135
47,14,0.13350364363029257,0.43265656399056945,0.025539565708095527,0.008412831100998,0.005766458993432108,1,0.047145917591037034,0.0011705493918320218
47,15,0.1307927531328243,0.44251013811869644,0.025539565708095527,0.008889857774929536,0.005775767076129062,1,0.047379246818326774,0.00119626662025116
47,16,0.12749929872902815,0.42792271442159446,0.025539565708095527,0.010013666140541349,0.005774165058060408,1,0.05664094555262108,0.0013389916953680716
47,17,0.1277624864807788,0.4415271474657409,0.025539565708095527,0.010420688493648135,0.005780339677870617,1,0.056220103244943746,0.0013715280780371454
47,18,0.1260641862276712,0.43665107994378144,0.025539565708095527,0.011025442846693687,0.00578079986769151,1,0.0554498234081974,0.0014409869188027355
47,19,0.12725775589365157,0.4331127586452742,0.025539565708095527,0.010992607344986721,0.005777090567616992,1,0.05714006091626381,0.0014570622165635228
47,20,0.12491663822894145,0.45576691835701033,0.025539565708095527,0.010582662497115373,0.005792004869140268,1,0.05438406276060121,0.0013370639837499041
47,21,0.12230543808694383,0.4517144990489185,0.025539565708095527,0.010524326643507513,0.005794386943324387,1,0.05093185661084796,0.0013086624929644836
47,22,0.12186945857220781,0.45504013145061695,0.025539565708095527,0.010313763838562539,0.005796730202710884,1,0.05060527318156252,0.0012724821012571387
47,23,0.12210557879769493,0.47943892661042115,0.025539565708095527,0.010614355144702707,0.0058081971944266425,1,0.049823370213275056,0.0012725598505727675
47,24,0.11766587144045469,0.49134953073319637,0.025539565708095527,0.009961720102115145,0.0058213865836928376,1,0.04620274407422621,0.001134253036310726
47,25,0.1159749306476531,0.5042665751693758,0.025539565708095527,0.009491677987000586,0.005830483937170649,1,0.04132363381918219,0.0010487923180353175
47,26,0.11842800688372533,0.5077260088977992,0.025539565708095527,0.008650633888457314,0.005828077145950735,1,0.03797719853115548,0.0009720727422646097
47,27,0.11848745406756309,0.5198912517236002,0.025539565708095527,0.008060825347380132,0.005833891727017992,1,0.03542224434526804,0.0008933726848412668
47,28,0.1166761743990712,0.5240018042922318,0.025539565708095527,0.007413625057074262,0.005838908711741897,1,0.031903734087378365,0.000805222221131253
47,29,0.1161443208801013,0.5430755467751064,0.025539565708095527,0.006486257055367371,0.00584906709242491,1,0.028512418672849166,0.0006861144175033668
47,30,0.11422072194858368,0.5510471618405498,0.025539565708095527,0.005171097379446796,0.005856148181300919,0,0.015095591663548527,0.0003808043668737972
47,31,0.11411463229914476,0.5574501364315936,0.025539565708095527,0.004206835401709488,0.005859437554476186,0,0.012118081253002197,0.00030730169258907393
47,32,0.11282440516990351,0.5871725496908508,0.025539565708095527,0.0035941948013749996,0.005876036328359283,0,0.010036618510296589,0.00025128582942155294
47,33,0.11212476117696914,0.5858060401375509,0.025539565708095527,0.003127516238415334,0.00587653812620354,0,0.008634359494534337,0.00021762156340476887
47,34,0.11206983445481801,0.6102819689751663,0.025539565708095527,0.0022793445404549174,0.005888527691703189,0,0.006125754066583783,0.00015446655437318147
47,35,0.11301314464973253,0.6100893048964023,0.025539565708095527,0.0020284533890350767,0.0058868618518955985,0,0.005636111702766846,0.0001386491385667919
47,36,0.1107451712746996,0.6246670504982026,0.025539565708095527,0.0020282520487657084,0.005897728211632641,0,0.005461683030540269,0.0001338160816810526
47,37,0.1125593976344991,0.6216258775216137,0.025539565708095527,0.0016828537859688536,0.005893226153058244,0,0.004703727326446781,0.0001132008454499745
47,38,0.11229903465065376,0.6354250946387745,0.025539565708095527,0.0022049192823697644,0.00590036804412994,0,0.005957263753008351,0.00014590041876117154
47,39,0.11730429523075415,0.6253797701910694,0.025539565708095527,0.0024280717598924658,0.00588714279933436,0,0.006779052155433126,0.00016955827113157497
47,40,0.11501734709080394,0.6328766508954436,0.025539565708095527,0.003010951460897763,0.005894598696576681,0,0.008290547271023125,0.00020458821013619963
47,41,0.11846284048077704,0.6309925168133748,0.025539565708095527,0.0038267366693061824,0.005887940309081276,0,0.010540839751448044,0.00026832338229559855
47,42,0.11653393668758488,0.6193328884047474,0.025539565708095527,0.004364783645268919,0.005885487273815735,0,0.012315874638499194,0.0003046948557542406
47,43,0.11435843041111625,0.6136593832265063,0.025539565708095527,0.005698958686783821,0.00588635516370376,0,0.01560415696802571,0.00039270812319591915
47,44,0.11706405220448629,0.6037714490550063,0.025539565708095527,0.00644900416492736,0.005877039159381442,1,0.02508917356949535,0.0006434951143045942
47,45,0.11776563042496367,0.6127539902668726,0.025539565708095527,0.007441736689292815,0.005880236375436415,1,0.028697214076874377,0.0007400082158619522
47,46,0.12043679579880284,0.5970499704140838,0.025539565708095527,0.008585659582315901,0.005868150534607133,1,0.03549941536223392,0.0008876601971058459
47,47,0.12408580391937017,0.5852188160805569,0.025539565708095527,0.009928218222152386,0.005856317598827389,1,0.04238029728767258,0.0010710174147893704
48,0,0.08283699876602371,0.5061863267577679,0.04259196635762057,0.008078538588704874,0.006358930203300679,1,0.025795583419365487,0.0006414876742190271
48,1,0.0841730412234253,0.4933675372313962,0.04259196635762057,0.005985075135319334,0.0063504721098519125,0,0.0146508753509663,0.00035028323673794685
48,2,0.08461102363461538,0.48025993263905503,0.04259196635762057,0.004836677562660435,0.006343370386934207,0,0.011237051099086126,0.00028913239507129604
48,3,0.08035846535727496,0.4824163925731363,0.04259196635762057,0.003944407516663724,0.006351506263197731,0,0.008945241719175764,0.00022334933137575718
48,4,0.08345086459908888,0.46558729238864144,0.04259196635762057,0.003719863936019467,0.0063381714518716895,0,0.009019239362044016,0.0002233614647891547
48,5,0.0791881277816212,0.44669081939050514,0.04259196635762057,0.003950232356825535,0.00633609022774893,0,0.009144751917592184,0.00023056415173218492
48,6,0.08224019093182086,0.45717426259013655,0.04259196635762057,0.004216556863368649,0.006336099574053974,0,0.010013444864917289,0.00025218159093082183
48,7,0.08028091141400769,0.4277489701391496,0.04259196635762057,0.004276326257126659,0.006325061078308877,0,0.010180601096628179,0.000259401961656123
48,8,0.07943107820117111,0.4406408952222158,0.04259196635762057,0.004839300269231906,0.0063327443750234285,0,0.011123907949581938,0.0002855566602492695
48,9,0.08122516398137446,0.426497876544678,0.04259196635762057,0.00534636566863873,0.00632287915353262,0,0.012848625052489415,0.0003286717608689488
48,10,0.07777019176593075,0.41582331619463697,0.04259196635762057,0.005510085664882058,0.006323448418165978,0,0.013250765649428238,0.00032901099820801166
48,11,0.07809519564193626,0.4073483373306719,0.04259196635762057,0.0069675174603180175,0.006318786963647098,1,0.023180295753456516,0.0005916794314809621
48,12,0.07682188463439978,0.39677179643223637,0.04259196635762057,0.0076607413550392085,0.006315767774611807,1,0.026053001044913763,0.0006493763625113301
48,13,0.07514537451349051,0.39708667312287294,0.04259196635762057,0.008563045981669307,0.006318715023204605,1,0.02833104119580756,0.0007097092108298937
48,14,0.07682707574716764,0.3968006252649726,0.04259196635762057,0.009338633310757544,0.006315773136773108,1,0.03104206231356366,0.0007916274978577134
48,15,0.07638829462873956,0.38850755168353335,0.04259196635762057,0.009873597751341915,0.006312473083423955,1,0.03369021787029313,0.0008419492205377016
48,16,0.07475039021856382,0.41129541190839813,0.04259196635762057,0.010135252245425193,0.006326280356161335,1,0.0333642665179069,0.000819383363671281
48,17,0.0724914373680402,0.39874990213071926,0.04259196635762057,0.010519624612115096,0.006323946765881391,1,0.03271120702953684,0.0008391326131949512
48,18,0.07230319466707899,0.4084316291394624,0.04259196635762057,0.010642942887914852,0.006328966898790022,1,0.032875502184093575,0.0008355227189665948
48,19,0.07153233620004172,0.41673448597337553,0.04259196635762057,0.011213822271499465,0.00633428777386268,1,0.034187498161869966,0.0008611673497155071
48,20,0.06930278052200765,0.42630974191385324,0.04259196635762057,0.010733956745610899,0.006342658338297135,1,0.0312816252995224,0.0007884252308780651
48,21,0.07036477581465583,0.43500962826854256,0.04259196635762057,0.010439464162431768,0.00634511745756514,1,0.029652029076606436,0.0007696314767107124
48,22,0.07112342362644503,0.4453997858041869,0.04259196635762057,0.009883976912946511,0.006348903815569763,1,0.029955831428196765,0.0007266188108928792
48,23,0.06903757323982343,0.44404551769769357,0.04259196635762057,0.009454241381556542,0.00635172190810681,1,0.02620414232970179,0.0006758287013905943
48,24,0.06910573857959115,0.45913920981032313,0.04259196635762057,0.008744885447126214,0.006358945510650836,1,0.02394371266089218,0.0006137383864097465
48,25,0.06801021101881441,0.47751335277343165,0.04259196635762057,0.008376014819126195,0.006369703264970308,1,0.022528116444972324,0.0005653713617135356
48,26,0.06708319000737617,0.48452666138212724,0.04259196635762057,0.007365296970243839,0.00637465754722971,1,0.019780125041910648,0.000486160676359986
48,27,0.0675162118092791,0.49908521272647655,0.04259196635762057,0.006126575360461783,0.006381012917796709,0,0.01139857742457407,0.0002856351087136394
48,28,0.06538978963498299,0.5103206099401367,0.04259196635762057,0.005372598406013577,0.006390018606177176,0,0.009726180478894642,0.0002393698796195867
48,29,0.0654470355093014,0.5190477533277956,0.04259196635762057,0.004712152911813791,0.006394165557755646,0,0.00819686824730575,0.00020798439884968522
48,30,0.06621241178907233,0.5318920833679995,0.04259196635762057,0.004120836400603535,0.006399133702170015,0,0.007073407948023758,0.00018129385628512848
48,31,0.06348060632530367,0.535179040844482,0.04259196635762057,0.0029205490908880078,0.006405284537827365,0,0.0047089120233193785,0.00012272331850026166
48,32,0.06585680834021888,0.5530408616413799,0.04259196635762057,0.0021355249998636083,0.006410007030689887,0,0.003541610054922401,9.123273548866445e-05
48,33,0.06728578132469162,0.5575645951970675,0.04259196635762057,0.002164645673550533,0.0064098244461942245,0,0.0035951689501300997,9.400778094273517e-05
48,34,0.0642783994926636,0.5618091954878689,0.04259196635762057,0.0019718768558582692,0.006416900096611189,0,0.0031909706930407246,8.142414499122516e-05
48,35,0.06602468701866177,0.570844712609054,0.04259196635762057,0.0019714492543963166,0.006418381882668435,0,0.003403623799388157,8.279072656790251e-05
48,36,0.0638382696862814,0.5697781768891811,0.04259196635762057,0.002070810424888653,0.006421507456691908,0,0.003382760906826844,8.418185301913646e-05
48,37,0.06546295570859938,0.5769311084494442,0.04259196635762057,0.002389295917615959,0.006422276766163173,0,0.003756456513428893,9.882636444973881e-05
48,38,0.06320089644761301,0.5690658642683724,0.04259196635762057,0.0028478292125378125,0.006422223482343462,0,0.004324804260214242,0.0001147026320839049
48,39,0.06573410749546907,0.5754220530302278,0.04259196635762057,0.0032555643973505854,0.006421091277911827,0,0.005480916419464491,0.00013543690957626384
48,40,0.06384980150205516,0.5793125968812248,0.04259196635762057,0.0039037583871911617,0.0064261230244950845,0,0.0065088672285352565,0.00015708243657265017
48,41,0.06954084821084046,0.5710014292303125,0.04259196635762057,0.005201052888998338,0.006412597795705693,0,0.009420846798367844,0.00023000988864603554
48,42,0.0672792482768547,0.5541679677202724,0.04259196635762057,0.006105044515032911,0.006408184196250511,0,0.010852299422388067,0.0002661142353615433
48,43,0.06885470988542226,0.5548896252357862,0.04259196635762057,0.007107372302005083,0.006405909232639607,1,0.018182985584597085,0.00044352584254314865
48,44,0.06837119283665875,0.5606290737326289,0.04259196635762057,0.008405222170500623,0.006409505104073511,1,0.02060798954421868,0.0005175190468987639
48,45,0.0671568306126463,0.5529365911509766,0.04259196635762057,0.010209523330554188,0.006407789639858562,1,0.02497189503007758,0.000622758571269152
48,46,0.07151403440954172,0.5294743755629887,0.04259196635762057,0.0109382039188487,0.006389122389841798,1,0.028782976095741816,0.0007296792439948621
48,47,0.07036625386919634,0.523235327627119,0.04259196635762057,0.012008254303358994,0.006388002486884659,1,0.03160398060395665,0.0007939163557808171
49,0,0.09951379688152943,0.1637833908689884,0.05891150403109023,0.00890433928504632,0.005912566064724799,1,0.06048775577449495,0.0014849510690147863
49,1,0.10179397484395317,0.14995713176567257,0.05891150403109023,0.007405442998429269,0.005902044669945535,1,0.04960454520192624,0.0013043520482551349
49,2,0.10094154941893109,0.15593672101788647,0.05891150403109023,0.006970455148486682,0.005906372123762622,1,0.04852531107602476,0.001200542501636028
49,3,0.09969755543174376,0.1315633679801252,0.05891150403109023,0.006340420603299243,0.00589659728934791,1,0.04514639662833536,0.0011436320403224618
49,4,0.10070132977416302,0.1492858570487902,0.05891150403109023,0.006244137736750577,0.0059035394309633685,1,0.04235567653289691,0.0010897274179783346
49,5,0.09705552032310684,0.14081755073248292,0.05891150403109023,0.006323012892070995,0.0059054992422558125,1,0.04438173763932252,0.00108531461993323
49,6,0.09803755550939952,0.12976111331622575,0.05891150403109023,0.006600024257064467,0.005898487859867977,1,0.04507149247842985,0.0011759167690015546
49,7,0.09802604592881006,0.14485404228525622,0.05891150403109023,0.006937061504037988,0.00590584388297335,1,0.04730353130480156,0.0011909848105461887
49,8,0.09547326129555912,0.12849577954546368,0.05891150403109023,0.007943383256961919,0.0059021465907524795,1,0.05461825775538968,0.0013826261007200552
49,9,0.09653525585200814,0.1277444317860891,0.05891150403109023,0.007826129521226593,0.0059000113613309245,1,0.054552428615843265,0.001379976761943077
49,10,0.09452200830157663,0.11467661908012414,0.05891150403109023,0.00820951671387281,0.005897014364960688,1,0.058730053474322974,0.0014658380762155878
49,11,0.09406768341326628,0.14021118819253212,0.05891150403109023,0.008922271305310129,0.005910184210870849,1,0.056566901454946625,0.0014865030313080457
49,12,0.09303156977087405,0.11157613827969932,0.05891150403109023,0.009688621430176042,0.005897991251011652,1,0.06972635727135332,0.0017166467508972678
49,13,0.09051197421340523,0.11396078982779694,0.05891150403109023,0.01002668797574845,0.005903349782554426,1,0.06964770824244204,0.00171757687251487
49,14,0.08996833878472683,0.13177678941154558,0.05891150403109023,0.010348431127666514,0.0059129163969554345,1,0.0650658573478655,0.0016835156918199043
49,15,0.08783471643319497,0.12621297940219667,0.05891150403109023,0.01051924772260606,0.005913767804342332,1,0.06700475248583561,0.001694219310726491
49,16,0.08728329177958698,0.12721299155490137,0.05891150403109023,0.010527919406906748,0.0059151729624503544,1,0.06625485474134896,0.0016807167677371272
49,17,0.09068861396754953,0.13162116654790193,0.05891150403109023,0.010610525905202273,0.005911640288314237,1,0.07319938282445246,0.0017406477596473371
49,18,0.08597601289197714,0.13169159432796965,0.05891150403109023,0.010748567263970648,0.005919528859166612,1,0.064803092202327,0.0016713713008436615
49,19,0.08381978351810417,0.12840474545311142,0.05891150403109023,0.010324242426800322,0.005921524801031123,1,0.06684575431290539,0.0015780531086839343
49,20,0.08114946742238964,0.1257796736247259,0.05891150403109023,0.009847570631383378,0.00592469925127407,1,0.056768271840056034,0.0014669330176282228
49,21,0.08508300628315899,0.13395509802565098,0.05891150403109023,0.009378552754744796,0.005922117517812127,1,0.05829404111424306,0.0014351080533524419
49,22,0.08377430729645464,0.13954468255534505,0.05891150403109023,0.008795524294608626,0.005927015841936346,1,0.05461008613567879,0.0013071509488321352
49,23,0.08276380509660944,0.14335305137877358,0.05891150403109023,0.008131847829382581,0.005930551302669699,1,0.04622682442315852,0.0011829955189636059
49,24,0.08284902876319696,0.1630723392262249,0.05891150403109023,0.00745463805694142,0.005939995028151231,1,0.04206330751112791,0.0010366752443629627
49,25,0.08201458107738446,0.15277817844607916,0.05891150403109023,0.006574114219816917,0.005936381668359459,1,0.03834051332973028,0.0009267679461750806
49,26,0.07788276136406437,0.15860860139872043,0.05891150403109023,0.00572698208222407,0.0059461022679280825,0,0.021544067413424614,0.0005402612800479096
49,27,0.0789436820455177,0.16881261714194282,0.05891150403109023,0.004924267552626024,0.00594929435222306,0,0.01860230005980562,0.0004600812045242662
49,28,0.07849514299577359,0.1518837153281905,0.05891150403109023,0.003955459462846974,0.005941812590035392,0,0.015190024587559813,0.00038200119256816305
49,29,0.08018383715507998,0.1676072711868529,0.05891150403109023,0.003098461467263937,0.0059466414949789536,0,0.012022838967395493,0.000294837227024423
49,30,0.0786921689398543,0.16598962951080018,0.05891150403109023,0.002741201833063589,0.005948341255078471,0,0.010625026156095521,0.000256923254205739
49,31,0.08045412363999463,0.17234177694125935,0.05891150403109023,0.002522122886785139,0.005948492513356932,0,0.009347283276876159,0.00023827296250764174
49,32,0.07919824043668146,0.1812352328189912,0.05891150403109023,0.0019573803470251346,0.005954908859747463,0,0.007096701728540768,0.000178519447079233
49,33,0.07810779948194466,0.16818894028714307,0.05891150403109023,0.001950810779582788,0.0059503843135801536,0,0.007199274370123517,0.000180589274921561
49,34,0.07889014936170333,0.1768750996898203,0.05891150403109023,0.001722873552475565,0.005953302835712413,0,0.00643149287865024,0.00015801430204565275
49,35,0.079240490596306,0.17519987630637923,0.05891150403109023,0.0020089967467800235,0.005951904588954458,0,0.007515363746714984,0.00018575662007814893
49,36,0.0815068988008455,0.17414739638448837,0.05891150403109023,0.002359445978537448,0.0059476156197626395,0,0.009254569270247452,0.00022492085658046618
49,37,0.08051296144762345,0.18447833491347837,0.05891150403109023,0.002772221647018864,0.005954294166025158,0,0.010371054203971752,0.0002552409332343254
49,38,0.07921115930815527,0.17909404983394517,0.05891150403109023,0.003961464246364156,0.005953846475455053,0,0.014428472719460699,0.00036304203620999973
49,39,0.07755043401896496,0.18824995691445207,0.05891150403109023,0.00472435294712099,0.005961065139101173,0,0.01715299357885236,0.00041560588941612174
49,40,0.08573370015353556,0.1716295752549649,0.05891150403109023,0.0057839341442557065,0.005939347010014638,0,0.022255246615853923,0.0005832056600240204
49,41,0.08168745279686437,0.17840031072873605,0.05891150403109023,0.006162842920456573,0.005949382085353285,0,0.023631838852637154,0.0005833217600812532
49,42,0.08447209117178231,0.17425289631302038,0.05891150403109023,0.007314110569344364,0.005942724917165226,1,0.041057655571601626,0.0010114094674103884
49,43,0.08729948325258585,0.17956452289120212,0.05891150403109023,0.00846024581214793,0.00594059463772828,1,0.04744184934523198,0.0011950681470561963
49,44,0.08595543272081844,0.17224340855309933,0.05891150403109023,0.010013561935824077,0.005939275846922426,1,0.05697013843355159,0.0014152883236530724
49,45,0.0875011425158316,0.1699967315940067,0.05891150403109023,0.011515667008100663,0.005935607529297846,1,0.06772946138544679,0.001665163234771871
49,46,0.08797674253481318,0.1603048082303097,0.05891150403109023,0.012399781827509226,0.005930103510964412,1,0.07385062510160764,0.0018426995029481555
49,47,0.08841419626482586,0.1544827883203731,0.05891150403109023,0.013485889195768286,0.005926544272847061,1,0.08537618725358961,0.0020413420412905346
50,0,0.0951870728271018,0.6415666795304455,0.05935689721045857,0.007746172325458135,0.006048204482454063,1,0.02565853808374388,0.0006145709596382905
50,1,0.09921861551464915,0.6086009581771011,0.05935689721045857,0.006640057344129738,0.006025460241205831,1,0.023434178563493377,0.0005680455598868899
50,2,0.0980960650910576,0.607919787227691,0.05935689721045857,0.00640002641513174,0.00602700003381141,1,0.022392661231999695,0.0005417031143882053
50,3,0.0962418785056963,0.5842786125822282,0.05935689721045857,0.006011225469859542,0.006018598107112133,1,0.020749455454651733,0.00051187112946642
50,4,0.0959491323487271,0.5738397121567502,0.05935689721045857,0.005826025684775512,0.006014011551889142,0,0.013682456652428895,0.0003572992713396343
50,5,0.09272478883248693,0.5715217072505643,0.05935689721045857,0.006318449456561169,0.006018258649809035,1,0.021421402835651436,0.00052559651302375
50,6,0.09496666617174258,0.5436672838638119,0.05935689721045857,0.006970805484893671,0.006000981842875048,1,0.024731701143778744,0.0006125738526457571
50,7,0.0927218271147093,0.5380323471606684,0.05935689721045857,0.007449731918043596,0.006001984035961631,1,0.026133024689690806,0.0006432901388602422
50,8,0.09282084585581217,0.5391812719501313,0.05935689721045857,0.008175106449930757,0.006002377509832449,1,0.02780900895611992,0.0007057563192208968
50,9,0.090515850206071,0.5266908255879026,0.05935689721045857,0.009395004112001056,0.0060001474244892675,1,0.03150800234871541,0.0008023469118517068
50,10,0.09230772935378234,0.5378494965227215,0.05935689721045857,0.010120534494025883,0.00600258531316973,1,0.03480951605952375,0.0008701944877797532
50,11,0.09093084356344101,0.5300665503169583,0.05935689721045857,0.011077253128530322,0.006001096746192498,1,0.036811527502102495,0.000946654892399783
50,12,0.0885845494032657,0.5383550805735515,0.05935689721045857,0.011127832494971129,0.006009036383111966,1,0.037273682964808326,0.0009176838145922052
50,13,0.08775506695303455,0.5408695196530641,0.05935689721045857,0.011325646962892368,0.006011641150637115,1,0.03775440813320462,0.000922608182519146
50,14,0.08668492867595733,0.5289128909741542,0.05935689721045857,0.011201914858010106,0.006007612464379995,1,0.036637972777546365,0.0009138222468907085
50,15,0.08319656316839856,0.54061775122023,0.05935689721045857,0.012016600717104697,0.006019116269512214,1,0.036526843496946744,0.0009283106267170302
50,16,0.08328542986113911,0.5457709745922938,0.05935689721045857,0.011886152820905941,0.006021473197496845,1,0.035953148763287514,0.0009138646161257237
50,17,0.08208896833319357,0.568063150135661,0.05935689721045857,0.011282146580005021,0.0060343037742658905,1,0.03242642650783326,0.0008340051323257758
50,18,0.08513602395187278,0.5751843799696772,0.05935689721045857,0.010861635034691196,0.00603268705718185,1,0.032734428650251494,0.0008262642195179809
50,19,0.083222786731131,0.5821880740850612,0.05935689721045857,0.010109770834610694,0.0060392803594113975,1,0.029382739341275166,0.0007460984245921779
50,20,0.08296344759456879,0.6023042018325532,0.05935689721045857,0.00948318296338744,0.006049491264516254,1,0.027225197499239472,0.0006828608249535651
50,21,0.08351766328196017,0.6108069211188725,0.05935689721045857,0.008042162932908267,0.006052700838023673,1,0.02273316300513127,0.000577786977805916
50,22,0.0790511564908088,0.634412776231566,0.05935689721045857,0.007521005949271734,0.006071620084466485,1,0.01946047646336,0.0004991575882821064
50,23,0.07704602162608236,0.6413899212469688,0.05935689721045857,0.0069855051978812656,0.006078353643623517,1,0.017405634381525575,0.0004486755409164373
50,24,0.07780627285909934,0.6551077746189221,0.05935689721045857,0.0065260429635809756,0.006083754959179856,1,0.017327438150604963,0.0004175250060390359
50,25,0.07942497406797065,0.6677788380065781,0.05935689721045857,0.0058195607864270854,0.006087216668534069,0,0.010399444013701381,0.00026810440860401056
50,26,0.07931729411141682,0.6841616948598133,0.05935689721045857,0.004541972246976636,0.006095360023876426,0,0.00864892186580853,0.00020566071731272658
50,27,0.07912713836090633,0.6919281361888644,0.05935689721045857,0.0038906692495429157,0.006099452303551121,0,0.0070766513862541205,0.00017444173041388224
50,28,0.07732839113655642,0.7239067906473827,0.05935689721045857,0.003321728514932671,0.0061179953948423725,0,0.005804849483923621,0.0001412329381027646
50,29,0.07662118559418322,0.7256853365183834,0.05935689721045857,0.002367782899748541,0.006120038641655842,0,0.0041386588208421424,9.958846668994527e-05
50,30,0.07706027293348343,0.7361355427908927,0.05935689721045857,0.002052403281944617,0.006124386790806144,0,0.0032960636673357207,8.598802403890265e-05
50,31,0.0765488036633537,0.7384008117720596,0.05935689721045857,0.002201445320543852,0.0061263404120110955,0,0.0036359095060798175,9.143067872436292e-05
50,32,0.07584897032699899,0.7519905309621226,0.05935689721045857,0.0021491674083189403,0.006134112914400189,0,0.0035088527376948876,8.736005377456496e-05
50,33,0.07835902451822162,0.758013693576407,0.05935689721045857,0.002042839885799031,0.006132857417018985,0,0.00344771988859238,8.532300109993446e-05
50,34,0.07828805548792699,0.7707979469501172,0.05935689721045857,0.0022312073616971057,0.006139190266348362,0,0.0037222581233502514,9.205217899647677e-05
50,35,0.07866572130269066,0.762225414805046,0.05935689721045857,0.0030005517649031414,0.006134393620197679,0,0.004994140348175316,0.00012534124803997005
50,36,0.07934545247545827,0.7676679061246388,0.05935689721045857,0.003798519843728208,0.006135906390412314,0,0.006201618820212683,0.00015927223921008546
50,37,0.07933534844517548,0.7563291447646192,0.05935689721045857,0.0043551611184511375,0.006130411332579442,0,0.007425850373874802,0.0001844461832104672
50,38,0.07958026107576897,0.7514957015890503,0.05935689721045857,0.00529617917224447,0.006127653554429218,0,0.009359247952146885,0.00022597201819074916
50,39,0.08324721565616916,0.7464497754409966,0.05935689721045857,0.00664197761616383,0.006119089082695469,1,0.016652875699164328,0.0004169289408397948
50,40,0.0808980360793454,0.7378541439884054,0.05935689721045857,0.007756166546668737,0.0061188259500340545,1,0.01947164019417117,0.00047684316997898896
50,41,0.08261205081944878,0.7287238498765198,0.05935689721045857,0.00891147044146867,0.0061115309213850486,1,0.0225601050768793,0.0005641845434342912
50,42,0.083075467154946,0.727273116381358,0.05935689721045857,0.010447975877921737,0.006110053343154628,1,0.028189153165628374,0.0006660616130813308
50,43,0.08551849197347455,0.7193322085042109,0.05935689721045857,0.01112931134431332,0.006102121471572356,1,0.030073979867314207,0.0007357546446826394
50,44,0.08405149791609966,0.6842817256637415,0.05935689721045857,0.012556158031018682,0.00608752803250942,1,0.03349715248334373,0.0008433716519080218
50,45,0.08276395556452004,0.6906909666645629,0.05935689721045857,0.013234964888450782,0.006092789539693007,1,0.035705450490956185,0.00086997506982211
50,46,0.08826135789611284,0.6647250500302689,0.05935689721045857,0.013426740138309683,0.00607100488188757,1,0.03852739351627536,0.0009652251197923198
50,47,0.08883308662585893,0.6565445610968356,0.05935689721045857,0.01417539353783154,0.0060660753741064635,1,0.03917588222396826,0.0010339702228850654
51,0,0.18,0.1618203651149658,0.059538462208358116,0.0059965709061653785,0.00579591536845,0,0.051076575880518546,0.001298216368699186
51,1,0.18,0.14731472919778776,0.059538462208358116,0.00585396857006334,0.0057888640176569275,1,0.07375251935933347,0.0018352476537732963
51,2,0.18,0.15036259051826048,0.059538462208358116,0.005562580288378286,0.005790345616909935,1,0.06650514530197209,0.001731360540893575
51,3,0.18,0.14912055119354045,0.059538462208358116,0.006047254398677974,0.005789741847793752,1,0.07490027220971042,0.001887743212878392
51,4,0.18,0.14991811279930373,0.059538462208358116,0.006249538758107278,0.005790129551352109,1,0.0773700179397435,0.0019472171642742943
51,5,0.18,0.14121277029889692,0.059538462208358116,0.006767823419834758,0.005785897787636634,1,0.09049224604845306,0.0021530270600240596
51,6,0.18,0.14640443286660837,0.059538462208358116,0.007449177081316504,0.005788421512495937,1,0.0954933767031943,0.0023404193238764997
51,7,0.18,0.1454007776170188,0.059538462208358116,0.00788745338525508,0.005787933624527387,1,0.10165697991566194,0.0024840633113664104
51,8,0.18,0.1382201291539435,0.059538462208358116,0.008799003766115929,0.005784443031524503,1,0.11623789445705697,0.0028196361882001386
51,9,0.1795551755452623,0.14229030550699584,0.059538462208358116,0.009643359905217364,0.005787162963565133,1,0.12515370651278143,0.003052274565897406
51,10,0.17763644555575347,0.13397218849023096,0.059538462208358116,0.010103078528699983,0.00578631731777561,1,0.13147181934755553,0.003228535944835335
51,11,0.17650395192644966,0.13617240678574777,0.059538462208358116,0.010717011032450789,0.005789274357718103,1,0.1414124232014848,0.0033844882688742906
51,12,0.17395386221332193,0.13994717096099446,0.059538462208358116,0.01082342043799805,0.005795359462047395,1,0.13064624829502386,0.0033377911539676066
51,13,0.1740595643215054,0.13911436383938042,0.059538462208358116,0.01103543021667905,0.00579477845507186,1,0.13454459821799825,0.0034121437835035323
51,14,0.1691814428806437,0.14632104633944448,0.059538462208358116,0.010942994888831204,0.005806411905910827,1,0.13264466098601144,0.0032321248138488185
51,15,0.1688946364559565,0.1420319253689589,0.059538462208358116,0.010781607420015056,0.005804804927257986,1,0.12700558825941347,0.003211940282122287
51,16,0.16401855262290108,0.150298045432069,0.059538462208358116,0.010738143058356091,0.005816949986454868,1,0.12004555660276782,0.0030459792801019138
51,17,0.16538799550595878,0.14856068454644888,0.059538462208358116,0.009770123769006498,0.005813823031219262,1,0.11491479766924802,0.002806026278428064
51,18,0.1641630039925488,0.15767993003283964,0.059538462208358116,0.009051809662756535,0.005820297650297496,1,0.09899135419442799,0.0025260239597951306
51,19,0.16492646104570202,0.15012454968129396,0.059538462208358116,0.008567740322710031,0.005815352467538018,1,0.09704794837730478,0.002444775948998416
51,20,0.16389274846590213,0.15689816329303377,0.059538462208358116,0.007979729678758235,0.005820368050676724,1,0.08894914236798894,0.002227200352143637
51,21,0.16260749564971,0.17624700973176877,0.059538462208358116,0.006907013907680347,0.005831915827944762,1,0.07130706861397541,0.0018310894542763634
51,22,0.15893504100155623,0.16158552438208376,0.059538462208358116,0.006182498788694293,0.005830909474757812,1,0.06399456526197382,0.0016554503396475542
51,23,0.15566870478711153,0.17095013502522297,0.059538462208358116,0.004939226353075829,0.005840905609733412,0,0.035796889442465535,0.0009059318741451117
51,24,0.1581467417094312,0.1807059083564271,0.059538462208358116,0.0037999650592606274,0.005841517938009992,0,0.027675496749452324,0.000693050971105229
51,25,0.15342148660898725,0.18333326924950835,0.059538462208358116,0.0031310553034057066,0.005850670552500424,0,0.021671962700657667,0.0005508527530186337
51,26,0.1551749322473023,0.19208849110635853,0.059538462208358116,0.0025780916534915333,0.005852004153728091,0,0.01846259585099728,0.00045027541819541285
51,27,0.15377334180403343,0.18807016510902555,0.059538462208358116,0.002610622944126741,0.005852386784884835,0,0.018018985354755532,0.00045569965379055143
51,28,0.15369815677258206,0.1861637514852332,0.059538462208358116,0.0019494477690463496,0.005851585364425688,0,0.013571138976454587,0.0003415074460279725
51,29,0.1551400098396803,0.20143428904763874,0.059538462208358116,0.0013610688696317045,0.00585660545396225,0,0.009480140072706419,0.00023308344482196356
51,30,0.15632857007238501,0.1980878088157339,0.059538462208358116,0.0012795507976987926,0.005852997759017232,0,0.00874835346803534,0.0002223344468484172
51,31,0.1553289109277167,0.19833132941109358,0.059538462208358116,0.0011764393895828012,0.0058547822356588685,0,0.007941517840997659,0.00020300808113577173
51,32,0.1541922058894387,0.19925320334482413,0.059538462208358116,0.0018895383142592606,0.005857124877218228,0,0.013427984355082342,0.00032305781794807176
51,33,0.15699709274450857,0.21052918070706583,0.059538462208358116,0.0025741340922028682,0.005857931443677535,0,0.017984375421966826,0.0004379168529137538
51,34,0.1578498521424276,0.20045864141741013,0.059538462208358116,0.003031590753674043,0.005851614776970754,0,0.020752689697613787,0.0005292919687382154
51,35,0.15824698291464304,0.2051609130283831,0.059538462208358116,0.004285519794535615,0.0058532387188279505,0,0.030617556484817936,0.000742901131607441
51,36,0.15725731470623353,0.1951217723617635,0.059538462208358116,0.004953976923168059,0.0058500080280179155,0,0.03661578944635171,0.0008712817885786562
51,37,0.15979532037656774,0.19568265829653597,0.059538462208358116,0.006235088135860838,0.0058460506714523176,1,0.062249184851143835,0.0015581871241698176
51,38,0.16072705826030317,0.19769456916463865,0.059538462208358116,0.0070414192620943065,0.005845475787206975,1,0.0710455387580876,0.0017625549496152462
51,39,0.1642523965556071,0.2019185812113188,0.059538462208358116,0.008165495604429498,0.005841653562570827,1,0.0808060951405397,0.0020706048870141893
51,40,0.1650983841382563,0.19281431072453423,0.059538462208358116,0.009088863519809276,0.005835817896224224,1,0.09392027155550646,0.0023608876735627025
51,41,0.16698335090942687,0.19810858736536754,0.059538462208358116,0.010797338820765905,0.0058352498916393455,1,0.11375001529024135,0.002805498747062226
51,42,0.16502061607985408,0.18153924670812502,0.059538462208358116,0.011823057892226716,0.005830466575758029,1,0.1261829001478703,0.0031443954781297545
51,43,0.169952207211793,0.17854704239280625,0.059538462208358116,0.012965885081680029,0.0058207927134404066,1,0.14657728750250346,0.0035745544800596762
51,44,0.17215846461546488,0.1787207616800837,0.059538462208358116,0.013996254306131647,0.005817200064643381,1,0.15716716149752818,0.003907226612554918
51,45,0.1723663075829513,0.17640175696445165,0.059538462208358116,0.014865234485152784,0.005815726365738581,1,0.1727876701662386,0.004175950467857184
51,46,0.1771441313904705,0.1811562671106356,0.059538462208358116,0.01555959044206271,0.005810074546269334,1,0.1792141834299543,0.0044458444782113265
51,47,0.1742881736350533,0.16011136887526736,0.059538462208358116,0.016,0.0058046043169972805,1,0.18977330283752988,0.004713953519726433
52,0,0.1243759234287245,0.2250065163148796,0.0612395260715136,0.006798903275585283,0.00567814209171513,1,0.05057038463213601,0.0012476464324644454
52,1,0.12502894734111986,0.21199058632526013,0.0612395260715136,0.006630378670795142,0.005670726530338406,1,0.05052894282120704,0.0012549579605389697
52,2,0.12532594910161945,0.20248290376908576,0.0612395260715136,0.006812666109361806,0.0056656097372727665,1,0.05450105444639451,0.0013176990158185707
52,3,0.1264097542042632,0.20752750722216706,0.0612395260715136,0.007085584331487076,0.0056662556332247194,1,0.05537971164647328,0.0013681859103863887
52,4,0.1236767203296676,0.1959856605511361,0.0612395260715136,0.007695875529197671,0.005665200069772849,1,0.06070691271542506,0.0014888224124591607
52,5,0.1214800931999285,0.19733636697238513,0.0612395260715136,0.00818487870247908,0.0056695177083883,1,0.06383384317674742,0.0015509316509011485
52,6,0.11805381818886354,0.18604994771621483,0.0612395260715136,0.008733432372018466,0.005669741712934992,1,0.06467244956947729,0.001646937904892653
52,7,0.11976756213366285,0.19355951599282642,0.0612395260715136,0.009600704271960666,0.005670535957605902,1,0.07321924276345187,0.0018077729598397726
52,8,0.11771569725734239,0.19505114282670663,0.0612395260715136,0.010584659658922335,0.005674680828777349,1,0.07697353966724997,0.0019527911653364307
52,9,0.11869349418595435,0.20210136071996557,0.0612395260715136,0.0108153197340892,0.005676478356483331,1,0.07765402350503188,0.001982735014581066
52,10,0.11657567912486556,0.19789119556543114,0.0612395260715136,0.010771924144710046,0.00567796144019058,1,0.08152213335456844,0.001956482331562617
52,11,0.11233380035806889,0.19623659374026456,0.0612395260715136,0.010803603532943535,0.005684226917803562,1,0.07673791680271552,0.0018973555894123474
52,12,0.11436892239890903,0.20152975733293843,0.0612395260715136,0.01059876909678203,0.005683408113370823,1,0.07531857665854007,0.0018744430421705146
52,13,0.11341687234579856,0.19744875386483518,0.0612395260715136,0.011012412398359175,0.005683011042329013,1,0.07754097193373266,0.001947753390451351
52,14,0.11083136257359825,0.20084326502705943,0.0612395260715136,0.010044197329500492,0.005688970334875428,1,0.0714637661106652,0.0017238545766533012
52,15,0.10971026615613273,0.20382868622434486,0.0612395260715136,0.009769463074516854,0.005692290075319884,1,0.06366290195025007,0.0016495989718262136
52,16,0.10774350682524067,0.2035686968054948,0.0612395260715136,0.008975480667308213,0.005695441623792764,1,0.06038758175117948,0.0014891563877160786
52,17,0.11077079972576408,0.21776466151620344,0.0612395260715136,0.008563976737751824,0.005697296951804041,1,0.05812399877209469,0.001419665712432301
52,18,0.10877141688638045,0.22985986459400412,0.0612395260715136,0.00764051208038431,0.005706508869143611,1,0.047878360759825184,0.0012147227713504166
52,19,0.10740872077567826,0.22661207677335007,0.0612395260715136,0.007079979276801967,0.005707201243581964,1,0.04455980464271633,0.0011184955617383194
52,20,0.10480261193558407,0.24000819613086324,0.0612395260715136,0.006118346404315302,0.005718056760780911,0,0.02685296229444308,0.0006566579372852944
52,21,0.1060566596763488,0.23427013623293272,0.0612395260715136,0.0052439235953923215,0.005713177346540365,1,0.03229669844223092,0.0008060633731897048
52,22,0.1042011385194349,0.2513247137075612,0.0612395260715136,0.004356635117892206,0.005724560301407611,0,0.018108340022052992,0.000455234637879076
52,23,0.10246654501837878,0.24517669485180701,0.0612395260715136,0.004537481552665747,0.005724462670298935,0,0.019204410335916095,0.0004715586404395143
52,24,0.10080340435167588,0.2514227775604046,0.0612395260715136,0.0031548593393705177,0.005730270861615675,0,0.012899929926988567,0.00031885174272173924
52,25,0.10445299222593678,0.2637280272237058,0.0612395260715136,0.00231305134799925,0.005730169933744901,0,0.009761924702058444,0.00023690583012832704
52,26,0.1035687594572406,0.26791337707094376,0.0612395260715136,0.0019280512005222191,0.00573367820009069,0,0.007516047755641157,0.0001943512626110683
52,27,0.09868477899725833,0.25959321009236463,0.0612395260715136,0.001737646182913609,0.0057377736419094065,0,0.006889633208301433,0.00016939475520553012
52,28,0.10120278012567822,0.26435409053479914,0.0612395260715136,0.0012193033354438868,0.0057358912902437794,0,0.0048667279788119685,0.0001208617513642638
52,29,0.10295697091771719,0.2729987665633706,0.0612395260715136,0.0012809809734929782,0.005737169911993158,0,0.00494341570589552,0.00012721912579077884
52,30,0.10297925018249104,0.2753035887181954,0.0612395260715136,0.0014308981279466959,0.005738253179543798,0,0.005488717580553907,0.00014156785663537008
52,31,0.10331900804755975,0.2652436753427087,0.0612395260715136,0.0017969725278003568,0.0057327966807667104,0,0.007080031838339452,0.00018155927083407652
52,32,0.104208925715235,0.28225817528807157,0.0612395260715136,0.0024251967666385813,0.005739584422127359,0,0.009624977421136762,0.0002399023097157944
52,33,0.1016462365025671,0.2744893337210802,0.0612395260715136,0.003608254528405293,0.005740079050608962,0,0.014127551137814526,0.00035286711299058573
52,34,0.10642432220472711,0.2721636931046393,0.0612395260715136,0.0040730995345674295,0.005730985054694593,0,0.01765070680572142,0.00041875035843632095
52,35,0.10523731470919,0.27236537859198057,0.0612395260715136,0.005139733655956822,0.005733061442076834,0,0.020855639566647766,0.000522331369658068
52,36,0.10621544235521799,0.270332794676333,0.0612395260715136,0.005948150145882573,0.005730443167707791,0,0.023791434115876278,0.0006122878466361956
52,37,0.10786869946699426,0.2699645085209299,0.0612395260715136,0.0071544596681231394,0.005727508711195955,1,0.043222716809655476,0.001047774876272281
52,38,0.10787837389242075,0.2605014185017269,0.0612395260715136,0.008109880358556431,0.005722892473949798,1,0.04886025965158501,0.001207969193537086
52,39,0.10922497062972798,0.2552053258729531,0.0612395260715136,0.009619973246368914,0.005718073656581966,1,0.05949914886304971,0.001464736315228793
52,40,0.1086422025913286,0.2591158353342992,0.0612395260715136,0.010658302114213305,0.00572094587874523,1,0.06342490478365033,0.0016027896050903577
52,41,0.11141759380900705,0.24723663417953495,0.0612395260715136,0.01141570339416926,0.0057105456150433115,1,0.0662582753955203,0.0017991399095212493
52,42,0.11428628334023158,0.24223039885141953,0.0612395260715136,0.012465318713796435,0.005703330879206769,1,0.07671479105925143,0.002033992270454634
52,43,0.11434976976678393,0.24567901886887142,0.0612395260715136,0.013537120123984094,0.005704901481004333,1,0.08918224773353987,0.00219595419748009
52,44,0.1162652336475855,0.2375262291460124,0.0612395260715136,0.014750869476118275,0.005697745879532163,1,0.09928499932424362,0.0024703586057516786
52,45,0.11652523114562985,0.23129511412346873,0.0612395260715136,0.015593578614699774,0.005694283536121685,1,0.10641455760496528,0.002648554431503272
52,46,0.11609781058136966,0.22180991609756454,0.0612395260715136,0.016,0.005690385043577305,1,0.11070364368572172,0.002757848884727276
52,47,0.11700727695270206,0.21997360496963425,0.0612395260715136,0.016,0.0056879766150490065,1,0.11367327987495132,0.002789493469409243
53,0,0.0909153843517484,0.5850128794940883,0.0764404931096947,0.009256243470869624,0.006399264633381096,1,0.03062992219552706,0.0007501536977248678
53,1,0.09033481737272238,0.5606958442082675,0.0764404931096947,0.009125874980163129,0.006388411463971087,1,0.02951803923422443,0.0007546392751789162
53,2,0.08930136196813077,0.5600126841978231,0.0764404931096947,0.009354327554958474,0.006389801797973663,1,0.029629852926152948,0.00076526049333833
53,3,0.09004661565544293,0.5539254431866646,0.0764404931096947,0.009473925276249618,0.006385600633003275,1,0.03089922136223257,0.000786826683124805
53,4,0.08783619469802413,0.5436560643816346,0.0764404931096947,0.010149161868533242,0.0063842926087909705,1,0.0327812604524899,0.0008317664081597281
53,5,0.08735066298313061,0.5397736983062784,0.0764404931096947,0.011133278347968607,0.006383214567029162,1,0.034639633913949676,0.0009113814862373349
53,6,0.08326751327509803,0.5367935400543936,0.0764404931096947,0.011311173358087049,0.00638857112850344,1,0.035355102760379425,0.000885664476332047
53,7,0.08504476798138338,0.5369322715357138,0.0764404931096947,0.010908546359181424,0.006385676476240828,1,0.03578902866437211,0.0008722312940717679
53,8,0.08477667551802742,0.5350743522492672,0.0764404931096947,0.011601610729069393,0.0063852201418043986,1,0.03700491370227271,0.0009266892301384033
53,9,0.08595972272530145,0.534668427462325,0.0764404931096947,0.011751197166967788,0.006383051071909734,1,0.039074871676257505,0.000952178463556244
53,10,0.07935803848096014,0.5504625334152562,0.0764404931096947,0.011972234470399008,0.006401731569377422,1,0.0353828720551068,0.0008796949228605819
53,11,0.08136645660064938,0.5511199643603057,0.0764404931096947,0.011849413166040306,0.006398703790331783,1,0.03537883709662126,0.0008920473066865701
53,12,0.08039195272251642,0.5554424971173529,0.0764404931096947,0.01125676725779449,0.006402429194663347,1,0.03135577488770309,0.0008332444778866177
53,13,0.08194251727092797,0.5858516943596394,0.0764404931096947,0.010930146805273658,0.006414627169075439,1,0.03180541749969886,0.0007976669492624447
53,14,0.08037015207633333,0.5833668771000693,0.0764404931096947,0.01095554436298988,0.006416039880454139,1,0.03125070681607237,0.0007862792762126486
53,15,0.07834591302957077,0.5945450065828993,0.0764404931096947,0.009928492071162406,0.0064248474251417855,1,0.02788020949333753,0.0006863539546943408
53,16,0.07759725828121346,0.614590704123951,0.0764404931096947,0.009133908303888726,0.0064358396193603925,1,0.02511984371312117,0.0006123437207145201
53,17,0.07765579237828368,0.6270191193921245,0.0764404931096947,0.008417553066365761,0.006441783653287304,1,0.022054236638025207,0.0005575444434455681
53,18,0.07576054456278548,0.6399396835243957,0.0764404931096947,0.00809918545923774,0.006451223229432989,1,0.020492128678350624,0.0005165265622192582
53,19,0.07682672504453113,0.6519684456206531,0.0764404931096947,0.007371710758445156,0.006455293576871316,1,0.019099368627782023,0.00047102505408052177
53,20,0.07706674077962442,0.6703389347736117,0.0764404931096947,0.006137245809910483,0.00646382364953996,0,0.011021596390570147,0.0002759282527644146
53,21,0.07454427301600018,0.687863347902164,0.0764404931096947,0.005423627550192824,0.006476546574416824,0,0.009371444792006578,0.00023189120508087854
53,22,0.07636206828703251,0.7015323160617403,0.0764404931096947,0.0046082243563907825,0.006480161552931565,0,0.007944518949977872,0.00019921897081929467
53,23,0.0746807206025922,0.7258751339153247,0.0764404931096947,0.0036905350504766185,0.006494797113306679,0,0.006038181548399368,0.00015252035956665383
53,24,0.0752495509941684,0.7255847571729322,0.0764404931096947,0.0027630878435876585,0.006493707907293167,0,0.00477966196403274,0.00011509200390700348
53,25,0.07405049301537638,0.7392835818980639,0.0764404931096947,0.0022636792042216637,0.00650236548816587,0,0.0036572115465662975,9.162763989044703e-05
53,26,0.07561098554761243,0.7393406247522885,0.0764404931096947,0.0017239044472903916,0.006499792396444058,0,0.002726325728014235,7.124578208419774e-05
53,27,0.0744523058851002,0.7528335065364472,0.0764404931096947,0.0019274507046968255,0.006508282568971101,0,0.0029943520945482993,7.748408823443216e-05
53,28,0.07383318617494558,0.7708451863556707,0.0764404931096947,0.001508353192275018,0.006518070112844592,0,0.002360520378822366,5.917292007971497e-05
53,29,0.07123567037467948,0.7652086963580828,0.0764404931096947,0.0016939524211091765,0.0065196593454295414,0,0.0025158291720144056,6.44376180033305e-05
53,30,0.07269590858003976,0.7639829333535074,0.0764404931096947,0.002263416134488745,0.006516629758071161,0,0.0036254634327755847,8.796078308742934e-05
53,31,0.07284891869697828,0.7793398660592737,0.0764404931096947,0.0035934448186432447,0.006523839916830455,0,0.005649880573855658,0.00013805430226780535
53,32,0.07691969828740428,0.7666388228425305,0.0764404931096947,0.004670308035866353,0.006510881165949384,0,0.007407195248617632,0.0001915894393436889
53,33,0.07505808591749287,0.775584461801071,0.0764404931096947,0.005992411888029002,0.006518332427726305,1,0.013656044308571664,0.00033317910301333296
53,34,0.07681173098790457,0.7631531326131771,0.0764404931096947,0.007038101710222464,0.0065093666786981705,1,0.0165607970476555,0.00040489927667505777
53,35,0.0767509853765024,0.7543885644076174,0.0764404931096947,0.00806921389938089,0.0065052073673950266,1,0.018854379714853303,0.0004675055224106007
53,36,0.07488859760479141,0.7373938481037317,0.0764404931096947,0.008904448813729711,0.006500050026589045,1,0.021375789354495543,0.000511191592146915
53,37,0.07663251179183975,0.7401199108399182,0.0764404931096947,0.009991955549009864,0.0064984686723296116,1,0.023415796486025247,0.00058552318447669
53,38,0.0788461492988265,0.7179234840351894,0.0764404931096947,0.011161512595925889,0.006483989346787889,1,0.027665969419074708,0.0006868557950177453
53,39,0.08068752042352899,0.7070593290563261,0.0764404931096947,0.012750325254441315,0.006475639208465327,1,0.03183338805866012,0.0008111635875678122
53,40,0.08077327661886377,0.6865864382232765,0.0764404931096947,0.013580129515728583,0.006465544181762592,1,0.03464917961115314,0.0008818864383400683
53,41,0.08257268457543081,0.690405800887556,0.0764404931096947,0.01410423080116571,0.006464401803130116,1,0.0382125568049786,0.0009328999177826843
53,42,0.08203584231305958,0.6629841965382728,0.0764404931096947,0.01475763432302672,0.006451966593675389,1,0.040218100285792875,0.0009959561504861462
53,43,0.08388700813867632,0.6465762695282908,0.0764404931096947,0.015614717876389983,0.006440905241669509,1,0.04431078483476609,0.00109530446545782
53,44,0.08757739177087583,0.6508143571678525,0.0764404931096947,0.015841491017048938,0.006436814783773963,1,0.04640209258717157,0.0011551854227208934
53,45,0.08542752811880903,0.629598003871418,0.0764404931096947,0.016,0.006430084384786086,1,0.04447312838529194,0.001162762554004103
53,46,0.08537540994436633,0.6112948884775845,0.0764404931096947,0.016,0.006421273900649265,1,0.046808447514955706,0.0011842297851700008
53,47,0.08630174442021286,0.5940419501098274,0.0764404931096947,0.016,0.006411343164816306,1,0.04598403359175979,0.0012190473915487156
54,0,0.11687013766534224,0.13836674078307504,0.053909660696514705,0.009267763064362415,0.005957380741047598,1,0.07670229505015505,0.0019223017295780583
54,1,0.11676555447616946,0.1283289742861001,0.053909660696514705,0.009571508487383158,0.005952675576537968,1,0.07752776574653869,0.002033473153090428
54,2,0.11294118718076188,0.12290424726230395,0.053909660696514705,0.01038457898580216,0.005956412501949302,1,0.08400055133344043,0.002163517986296199
54,3,0.11420961185811779,0.12585235155512534,0.053909660696514705,0.011206427872992489,0.005955731567073829,1,0.0908387336885685,0.0023433060129174547
54,4,0.1121539858962648,0.12898369119772754,0.053909660696514705,0.011964948218345275,0.005960679789336516,1,0.09779698924499756,0.0024375545040459566
54,5,0.11486028190450343,0.12528784979836538,0.053909660696514705,0.012664605551420452,0.005954372706420318,1,0.10555735382204534,0.002667120482563911
54,6,0.11029228348199709,0.1196866333385033,0.053909660696514705,0.012515687299778184,0.005959263223567618,1,0.10147422662721176,0.002567507367096382
54,7,0.10955760383228756,0.114240685612787,0.053909660696514705,0.012467285111306218,0.005957840353950466,1,0.10122730243648721,0.002576860870927997
54,8,0.10734016535839175,0.12544861873546456,0.053909660696514705,0.01266838735337605,0.005966984385563816,1,0.09604833366997083,0.0024922261327944423
54,9,0.10553900983374603,0.11665361397362753,0.053909660696514705,0.012234448444100649,0.005965710961901222,1,0.09692519235336126,0.0024206353038819283
54,10,0.1030747720396866,0.12128728370818463,0.053909660696514705,0.012128316358912034,0.005972070503234508,1,0.09309322509585971,0.0023156506180459766
54,11,0.1033409004117169,0.1282895076619821,0.053909660696514705,0.012473577952737794,0.00597503081481422,1,0.09595013326702094,0.0023455770935188686
54,12,0.10150307495161374,0.1300349996272887,0.053909660696514705,0.012215234521987644,0.005978942360286416,1,0.09369743532781696,0.0022462882087542885
54,13,0.10171861612934568,0.12704159849727953,0.053909660696514705,0.010876566795045535,0.0059771279994408864,1,0.08410435483598153,0.0020195040204615254
54,14,0.10216385556339076,0.13534999208661627,0.053909660696514705,0.010080055729505398,0.005980424736156739,1,0.07268529944020084,0.001841259342004327
54,15,0.09896078731277982,0.14669461603139491,0.053909660696514705,0.009740705059778858,0.0059912779309920245,1,0.06577501989329904,0.0016767857361035207
54,16,0.09918594095752986,0.14018914191960113,0.053909660696514705,0.00898129222241572,0.005987740291668652,1,0.061355279905994736,0.0015740037650579305
54,17,0.09882011935364689,0.13796059600241617,0.053909660696514705,0.008128532029639,0.005987266673409825,1,0.05594470783463043,0.0014270240203045578
54,18,0.09858591412514478,0.1613463693781804,0.053909660696514705,0.007307212239251725,0.005999025099737215,1,0.05077132892911581,0.0012110100093332401
54,19,0.09964226591154217,0.15544349419368447,0.053909660696514705,0.00666870748714326,0.005994395060211866,1,0.043633053260932364,0.0011323289188742258
54,20,0.09639294804709397,0.1556683183252497,0.053909660696514705,0.005582902431941346,0.0059999198794943465,0,0.026259463275532607,0.0006546932464119453
54,21,0.09319593877806857,0.158017120456929,0.053909660696514705,0.004653863204746014,0.006006390007090066,0,0.021194955368981437,0.000524786761837281
54,22,0.09754306951763399,0.1567998670782115,0.053909660696514705,0.0037056197461671136,0.005998553068798359,0,0.017538905273339976,0.0004385820050351197
54,23,0.09416851760263796,0.15667587613680808,0.053909660696514705,0.002864075800516695,0.006004117048615726,0,0.01314779201528488,0.00032734703671239237
54,24,0.09654814479165943,0.16744804332723104,0.053909660696514705,0.002737635260910905,0.006005387473462701,0,0.012352328236855238,0.00031301699782419897
54,25,0.09339786009562197,0.17774547110319985,0.053909660696514705,0.0019888695798524827,0.006015643642013859,0,0.008212472260028877,0.00021502046667674947
54,26,0.09695348548690245,0.17508387507806913,0.053909660696514705,0.002221625558782765,0.006008423768293953,0,0.010040042739222078,0.00025078800112978306
54,27,0.09778862816811446,0.17633289530992066,0.053909660696514705,0.001972348760346655,0.006007639026437972,0,0.00855066294516044,0.0002239506224505721
54,28,0.09698507040632955,0.17978397670274096,0.053909660696514705,0.0021389383627496176,0.006010655898384679,0,0.009718845116787599,0.0002390614181222386
54,29,0.10046612017397634,0.1755629344401748,0.053909660696514705,0.002990224474977477,0.006002802253227631,0,0.014226294272028782,0.00034941225493966146
54,30,0.09669522716138006,0.1848400919583906,0.053909660696514705,0.0035555942627729063,0.0060135968042644245,0,0.015595702577850744,0.00039190440429309325
54,31,0.09646906924794213,0.1770589640679572,0.053909660696514705,0.00437540796123946,0.0060101912413956385,0,0.019697089874822125,0.0004893229536042706
54,32,0.09867385954948003,0.17216964996774708,0.053909660696514705,0.005711249262260793,0.00600413984098325,0,0.025559105799692734,0.0006603937019377872
54,33,0.10004444622945206,0.172853816748647,0.053909660696514705,0.006583613321809754,0.0060021881109240125,1,0.04604534161338742,0.0010789377123020802
54,34,0.10225601745676766,0.17093827497097855,0.053909660696514705,0.008224828702651019,0.005997570992736565,1,0.0571458317093586,0.0013835726459723156
54,35,0.09892109396333879,0.16428218884966783,0.053909660696514705,0.008869015845575411,0.005999893601138864,1,0.05940327416537914,0.0014650208182239227
54,36,0.10147208016348708,0.17330638270263818,0.053909660696514705,0.009602052588968834,0.0060000287183727,1,0.06370691971775645,0.0015944638905113166
54,37,0.10413432706280423,0.164884517919377,0.053909660696514705,0.010946233738988356,0.0059914976781597525,1,0.07529198268602211,0.001900840368490632
54,38,0.10392535169722336,0.16542718003568024,0.053909660696514705,0.012467589863165674,0.005992109764520036,1,0.08469869841454548,0.002158033121512558
54,39,0.10516681897491113,0.16084169206289067,0.053909660696514705,0.013000604536950826,0.005987811595737116,1,0.09391532178859147,0.002301042332398292
54,40,0.10335228255061996,0.1527741913312499,0.053909660696514705,0.014125393583078545,0.005986914121366387,1,0.10102209848204909,0.002503289217516802
54,41,0.1094010735272357,0.15781061014844558,0.053909660696514705,0.015280459306331106,0.005979281062219275,1,0.11128209803468404,0.002833121481855627
54,42,0.10717434049752271,0.1505017122315064,0.053909660696514705,0.015824856705119142,0.005979439347448063,1,0.11141749727345879,0.002923737615682825
54,43,0.11148502443900725,0.15091046174969003,0.053909660696514705,0.015709606458192974,0.005972453571894705,1,0.1139651339965724,0.0030162802739353047
54,44,0.11298294233385164,0.1446873170135135,0.053909660696514705,0.016,0.005966931902267656,1,0.13329124051253605,0.003159651065396632
54,45,0.11145348801009594,0.13362128695003042,0.053909660696514705,0.016,0.005964101672637501,1,0.12454663906539035,0.0032020043389283676
54,46,0.1132226507788208,0.12846816603907,0.053909660696514705,0.01568242373435901,0.005958648078691243,1,0.13408301180908497,0.003229518579388243
54,47,0.11561553382263344,0.1274030244049235,0.053909660696514705,0.015414706725607501,0.005954142163101622,1,0.1274238511364852,0.0032501823615358697
55,0,0.17343540396020135,0.433152064261144,0.057922687861963716,0.00725005015202274,0.005815366819953435,1,0.05460573292686443,0.001330569928695308
55,1,0.17624520571039454,0.42102554981349516,0.057922687861963716,0.007754941743856273,0.005804788983624395,1,0.05790644554693441,0.001469817021732235
55,2,0.17143050585848463,0.41403450667943803,0.057922687861963716,0.008333519665759468,0.005809415059631855,1,0.0630941470411974,0.001550902003578641
55,3,0.169969029689635,0.41416436570001997,0.057922687861963716,0.009257997317391709,0.005811913979159387,1,0.0679466407680616,0.001707961430308868
55,4,0.16702597060086458,0.40962804733502456,0.057922687861963716,0.010354039432964991,0.00581461392287991,1,0.0759854572550208,0.0018887269488589787
55,5,0.1689291586434805,0.4219590958701395,0.057922687861963716,0.01065618839641032,0.0058174362025134535,1,0.07883080189431446,0.001933435760172304
55,6,0.16370458702632176,0.4325164651864116,0.057922687861963716,0.011098144110239943,0.005831275876404128,1,0.07792416698806708,0.0019241294216613023
55,7,0.16188648430403083,0.42931334962357204,0.057922687861963716,0.011315036735508457,0.0058327489775426775,1,0.08018543224613821,0.0019481843443189533
55,8,0.16030777606351013,0.4367714367384903,0.057922687861963716,0.01162615361619008,0.0058390056169577405,1,0.07937055180468432,0.001962830019280895
55,9,0.15744654527636928,0.43030639972197615,0.057922687861963716,0.01173670636297885,0.005840631608608838,1,0.07686571150873439,0.001962778663155384
55,10,0.15587096184115612,0.4467242444857566,0.057922687861963716,0.010819866284179223,0.00585123847776103,1,0.06849915318797813,0.0017532865078826278
55,11,0.15366866457951284,0.449539734693383,0.057922687861963716,0.01069529650564622,0.0058562776142702545,1,0.06646302622367176,0.001702422547266551
55,12,0.15378552405390278,0.4594613870665355,0.057922687861963716,0.009966430211981537,0.005860905873938776,1,0.06029478491215209,0.001567617426295768
55,13,0.15430312001837798,0.4775565307199697,0.057922687861963716,0.008633169578469622,0.005868839464385069,1,0.05114481138868055,0.001331960924478592
55,14,0.1505052162960892,0.4834177069907165,0.057922687861963716,0.007883267400669951,0.005878018486831608,1,0.04904333473358432,0.0011777986622212838
55,15,0.148315579303392,0.49227983780372936,0.057922687861963716,0.007322370695385706,0.005885975862075762,1,0.042038126164530766,0.0010665035763065456
55,16,0.14969187396264214,0.5175768778270199,0.057922687861963716,0.0065313752788684195,0.005895979209877223,1,0.038260757847760896,0.0009316371419845966
55,17,0.1474140206878167,0.5196992673901055,0.057922687861963716,0.005619287430508266,0.005900807349150655,0,0.02242186061245365,0.000562416996350528
55,18,0.1496840500579357,0.5271843193942057,0.057922687861963716,0.004221843147140544,0.00590066253381356,0,0.01697855041560121,0.0004253434556360623
55,19,0.14720388294874798,0.54238819457403,0.057922687861963716,0.003458414171991638,0.005912186918319066,0,0.013166684598215636,0.00033674353026566604
55,20,0.14601219693056006,0.5614191808166495,0.057922687861963716,0.002772483966252816,0.005923424235550652,0,0.010473991068195741,0.000262120788437658
55,21,0.14697272561151187,0.56578634854471,0.057922687861963716,0.0015706647523691395,0.005923946283172428,0,0.005662353421052709,0.00014875420518929117
55,22,0.14155783959461082,0.5843587449843742,0.057922687861963716,0.0012338674191799458,0.0059419993414698774,0,0.004326178179293448,0.00011029805921583113
55,23,0.14456153084631632,0.5843928744226535,0.057922687861963716,0.00117327308048792,0.0059370097800828655,0,0.00438816949927284,0.00010710292494655277
55,24,0.14605587907220574,0.6036817275855344,0.057922687861963716,0.001221187036747929,0.00594389572554945,0,0.00422555320150091,0.00011033964443073785
55,25,0.1466778047172458,0.5924911040914217,0.057922687861963716,0.0020546998901297287,0.005937419296386968,0,0.007446286383322378,0.00018866575817614613
55,26,0.14611704168518255,0.609133054460022,0.057922687861963716,0.0026752701939647926,0.005946443738425143,0,0.009819398005367498,0.00024044417830339747
55,27,0.14756619244879898,0.6011324394058355,0.057922687861963716,0.002801458561155249,0.005940139299278886,0,0.010511276695685183,0.0002564299329931925
55,28,0.14538367075786077,0.6011530609566356,0.057922687861963716,0.0034670532797443747,0.005943786859795422,0,0.012412395742334012,0.00031265424814202894
55,29,0.14754691550829052,0.6050284787225328,0.057922687861963716,0.004308231041427593,0.0059420653355142395,0,0.016119059964937413,0.0003926848958132779
55,30,0.15230104619457943,0.6113586390307679,0.057922687861963716,0.004712830135674214,0.005937218945631371,0,0.017086514831979396,0.0004404742311096161
55,31,0.15422993430038084,0.6049621986614842,0.057922687861963716,0.005345753398960572,0.005930894751386634,0,0.02059634196084453,0.0005093577624381085
55,32,0.150245326490479,0.5906278736107891,0.057922687861963716,0.006752625077009419,0.005930567689725716,1,0.0365753423574098,0.0008909348668719958
55,33,0.15529307799741382,0.5870494752458202,0.057922687861963716,0.007863772279575756,0.005920415271342298,1,0.042078974018979864,0.001076515020183754
55,34,0.15530650168858484,0.5751870657139553,0.057922687861963716,0.008757623588708935,0.00591462644944569,1,0.04773220260146475,0.0012144578755927647
55,35,0.1568785715379132,0.5675836302564997,0.057922687861963716,0.009862694138605767,0.005908310218571657,1,0.05671577419295059,0.0013930849067157656
55,36,0.15401700579165684,0.559514012990658,0.057922687861963716,0.01120540590976806,0.005909156764200079,1,0.06392812141753697,0.0015677786326327781
55,37,0.15830335482965935,0.5520097555822349,0.057922687861963716,0.012924490183223745,0.0058983649462298685,1,0.07470214500313,0.0018742419254478397
55,38,0.15777730092614814,0.532269522634494,0.057922687861963716,0.013771647502894483,0.005889645756163902,1,0.08240380143134002,0.002035522443650822
55,39,0.16008028508258357,0.5288648969087079,0.057922687861963716,0.014844028614079564,0.005884152422842031,1,0.08374972726873918,0.0022347913113499865
55,40,0.16462038512167204,0.5171142701106302,0.057922687861963716,0.015642252299758803,0.005870873479194484,1,0.09657255926989551,0.0024550598680089354
55,41,0.16751078562769625,0.5091611084548127,0.057922687861963716,0.016,0.0058621900247684215,1,0.1020986392875701,0.002579342597836625
55,42,0.16823480427883983,0.4867398164286346,0.057922687861963716,0.016,0.005850084087837123,1,0.10854425853640426,0.0026612425276709597
55,43,0.16786363399274015,0.4811551045804886,0.057922687861963716,0.016,0.005847987914498885,1,0.10956377981783354,0.0026735995132669186
55,44,0.1723159698063809,0.46706850556962065,0.057922687861963716,0.016,0.005833719702512534,1,0.10842428525211151,0.002792952354577385
55,45,0.17341626848779024,0.46149303780805073,0.057922687861963716,0.016,0.005829175574548311,1,0.12067430345506577,0.0028305932499451897
55,46,0.17306059454287878,0.45685020044004115,0.057922687861963716,0.015884541763114577,0.005827511429624825,1,0.10835827779080107,0.0028209720478192257
55,47,0.17640906723533323,0.4337655369803395,0.057922687861963716,0.014949397170694519,0.0058107089304000464,1,0.10896433914225226,0.002788382792768756
56,0,0.17827166461609878,0.09003389771658839,0.0431425119640938,0.005582224122520347,0.0057332037434662175,1,0.08081628478544232,0.00199556417635753
56,1,0.17802812135155394,0.08,0.0431425119640938,0.006786453833699682,0.00572873205973934,1,0.10229185342798586,0.0024943977544331732
56,2,0.17356603549878472,0.08459424207741222,0.0431425119640938,0.007833328746904223,0.005738402181614919,1,0.11412938253945495,0.0027694437572247333
56,3,0.17454894176885596,0.08,0.0431425119640938,0.00927878482612935,0.005734530692377169,1,0.13552911770227458,0.0033438171635272393
56,4,0.17415965118138613,0.08,0.0431425119640938,0.00940329673459914,0.005735179510022952,1,0.1362238860650386,0.003381130132625985
56,5,0.17376553648532575,0.08,0.0431425119640938,0.009982525457034588,0.00573583636784972,1,0.1393579753652342,0.0035812799457584778
56,6,0.16945443516579994,0.08,0.0431425119640938,0.010585106330480851,0.005743021536715596,1,0.14761033938352297,0.0037032443085814205
56,7,0.16552342717829813,0.08,0.0431425119640938,0.010666883139312747,0.0057495732166947654,1,0.15480490768532038,0.0036452826282171976
56,8,0.16560059204850483,0.08564914010012806,0.0431425119640938,0.010332620102830418,0.00575219071834865,1,0.14258138763972766,0.003474750857727785
56,9,0.16359820195740402,0.09127669068154923,0.0431425119640938,0.009594900418259845,0.00575826365003312,1,0.12091449240017679,0.0031365966913541547
56,10,0.16228834812866677,0.08410555232920468,0.0431425119640938,0.009485497069100348,0.005756960769715293,1,0.12816095068870514,0.0031401240109428653
56,11,0.1604100448399748,0.09383237699318926,0.0431425119640938,0.008784206688078238,0.0057648195927414375,1,0.11133180427308464,0.002795343968554291
56,12,0.1617358090539453,0.08932183386032101,0.0431425119640938,0.008041122027951066,0.005760417360584121,1,0.10614090269986363,0.0026132580417386492
56,13,0.1554464003214827,0.0822804446431029,0.0431425119640938,0.007561106611197233,0.005767476810935411,1,0.0959850835446472,0.0024103650943914576
56,14,0.15502172951225598,0.0988098147426463,0.0431425119640938,0.006797968887833547,0.005776219706082511,1,0.08332289390418834,0.002061767163174353
56,15,0.1558799350440862,0.09722112885302694,0.0431425119640938,0.0059777878198678715,0.005774017085666452,1,0.07143763306334767,0.0018311041541407267
56,16,0.15241807640906452,0.09416895380473024,0.0431425119640938,0.005122006201886813,0.005778303153854121,0,0.04411999911923587,0.0011051937920014178
56,17,0.15457340722685814,0.09746734669718114,0.0431425119640938,0.003927757631542984,0.005776314321258295,0,0.034106861779102306,0.0008516014075361737
56,18,0.15246629435975864,0.10562508241992771,0.0431425119640938,0.0032077857601054954,0.00578379174201313,0,0.026676969314431215,0.0006708449991801734
56,19,0.1517684505091675,0.10772870797169316,0.0431425119640938,0.002572458913764785,0.005785977410851778,0,0.021229199007156117,0.000532489172120749
56,20,0.1515072827485688,0.10871204595404106,0.0431425119640938,0.001995332162969166,0.005786890701971973,0,0.015983581385777053,0.0004112296971146071
56,21,0.15207708486150165,0.11446607012062918,0.0431425119640938,0.0016684294919795698,0.005788738126864732,0,0.01363918067365061,0.00033992273471632846
56,22,0.15314160266705446,0.11160074806945532,0.0431425119640938,0.0014704482181006747,0.005785571065636156,0,0.012530757449171922,0.00030397378006382633
56,23,0.1523166427065919,0.10897991065688302,0.0431425119640938,0.0016364040803301025,0.005785671980716928,0,0.014114200931196544,0.00033881481227558447
56,24,0.15136695278921553,0.10283867095998363,0.0431425119640938,0.0018674678115829305,0.005784269472393228,0,0.015474502989214718,0.0003906745631917381
56,25,0.15077843470808572,0.1160567111777717,0.0431425119640938,0.0021245819298246513,0.005791675772078759,0,0.017475873243054704,0.00042737678725838965
56,26,0.15061700924971444,0.1177250905220906,0.0431425119640938,0.00208019797699996,0.005792755832246199,0,0.01700718564758895,0.00041618645850227963
56,27,0.155054248496115,0.10938441565221482,0.0431425119640938,0.0027790449329143808,0.005781305938773787,0,0.023672647474052864,0.0005851054789592468
56,28,0.15512732511889907,0.11391523919081686,0.0431425119640938,0.003931710544139679,0.005783386628067077,0,0.030504277523354953,0.0008182904732477697
56,29,0.15572426202180872,0.10540139388698262,0.0431425119640938,0.0046894610501800734,0.00577825305842842,0,0.03986066172014976,0.00100227067875279
56,30,0.15696180596117698,0.1261983602781595,0.0431425119640938,0.00554841097098901,0.005786300121636295,1,0.06508196391538341,0.0015847414054444547
56,31,0.15977181284928452,0.11501134402953996,0.0431425119640938,0.006954115026919229,0.005776178643924148,1,0.07988983705967082,0.0020809277828152356
56,32,0.1590549077060308,0.11781228628452085,0.0431425119640938,0.008054026433936178,0.005778735054981297,1,0.09466341465221421,0.002381765324188715
56,33,0.1623940380488744,0.09550669708823296,0.0431425119640938,0.009323353458418551,0.005762326842995029,1,0.12393399533683468,0.0029895258872959752
56,34,0.16321380308943068,0.09858705421044518,0.0431425119640938,0.010599228632633807,0.005762457963750733,1,0.13701513843568242,0.00338662279174233
56,35,0.16559479757959863,0.11233716952461038,0.0431425119640938,0.011987153117061809,0.005765173723433728,1,0.152493786811607,0.0037440089555167916
56,36,0.16708089318354552,0.10384572205052524,0.0431425119640938,0.0131222104014974,0.005758569110460581,1,0.17256190052679626,0.004230589718458678
56,37,0.16664086129718922,0.09790993308256236,0.0431425119640938,0.013629986957869494,0.0057564170439673035,1,0.17524490590006275,0.004454797281709412
56,38,0.16663374638145925,0.09778900893686422,0.0431425119640938,0.014783927478193461,0.005756370119589361,1,0.2006327916809337,0.004833364966710056
56,39,0.17167597400724877,0.09738859625844014,0.0431425119640938,0.015350617134954338,0.0057477717618277,1,0.19528723960156327,0.005176251809846378
56,40,0.1737834595916878,0.09492725145247317,0.0431425119640938,0.016,0.0057430627987951795,1,0.22152003809245802,0.005499124293528205
56,41,0.1770812281570325,0.08132636720415318,0.0431425119640938,0.016,0.005730954976898893,1,0.23362551572592877,0.005826756917823878
56,42,0.1764355340908286,0.09043479286369048,0.0431425119640938,0.016,0.005736458840593731,1,0.22373966615108618,0.005654390505161224
56,43,0.17888049595850586,0.08923498467932678,0.0431425119640938,0.01598306350013546,0.00573180066405798,1,0.23102809565264887,0.005746327385277818
56,44,0.18,0.08491752165335437,0.0431425119640938,0.01580861918921017,0.005727836057240087,1,0.23117126260459206,0.005790815549767466
56,45,0.18,0.08376700573640784,0.0431425119640938,0.015372520145431926,0.005727276778669349,1,0.2191195438130137,0.005649963618458452
56,46,0.18,0.08,0.0431425119640938,0.014889471947614011,0.005725445595325262,1,0.22415707626504522,0.0055333227136684605
56,47,0.18,0.08445352900753461,0.0431425119640938,0.014141027755377771,0.00572761050525948,1,0.21780988014293104,0.005186958128148574
57,0,0.07181499629729629,0.2343178565075117,0.06119536477380231,0.0063399144668629245,0.005829068170243792,1,0.0261924066956282,0.0006598187746985078
57,1,0.06787311899470644,0.23353792680813373,0.06119536477380231,0.007751199929649611,0.005835258833255355,1,0.029739278177917786,0.0007635513664744294
57,2,0.06819621450297551,0.23106445836497586,0.06119536477380231,0.00836897080945979,0.005833517960248371,1,0.033005730757019854,0.0008322584610469439
57,3,0.06631982019869503,0.23128993556970065,0.06119536477380231,0.00891503386658992,0.005836754891063357,1,0.03275054022523428,0.000861796010595458
57,4,0.06663807684062141,0.23508819272288228,0.06119536477380231,0.00924706509832365,0.005838070838331833,1,0.03503028987097496,0.0008916946759239375
57,5,0.0679839768923771,0.24395928818110094,0.06119536477380231,0.009000092320739457,0.0058401400096488735,1,0.0347486392459373,0.0008707522393365
57,6,0.06801725873634946,0.25634924428087613,0.06119536477380231,0.00972128640742811,0.005846107435235199,1,0.036575901791728774,0.0009198041991387686
57,7,0.06655222787474999,0.25317576523527335,0.06119536477380231,0.009581384078538148,0.00584700648991292,1,0.035638137322642115,0.0008921763807895087
57,8,0.06371928245738533,0.2500867958662315,0.06119536477380231,0.009343442362110118,0.005850226483276354,1,0.03308460437905819,0.0008377123275846275
57,9,0.0666480394178793,0.2482303456017774,0.06119536477380231,0.009194015694230175,0.005844442780574754,1,0.03567730764090956,0.0008651562186894129
57,10,0.06192501861469132,0.2669628159157686,0.06119536477380231,0.008739627443070953,0.005861420543871591,1,0.026899312047944258,0.0007386671936224875
57,11,0.06428837777111449,0.2651599389064387,0.06119536477380231,0.008382043386513237,0.005856605213398018,1,0.03020606516724665,0.0007378406273060777
57,12,0.06290010824938766,0.27184890476897056,0.06119536477380231,0.0073050065774164456,0.005862170576561848,1,0.02550074499384109,0.000621755708389371
57,13,0.06369952395108464,0.2861911150622693,0.06119536477380231,0.006594375893716393,0.0058678101248404845,1,0.022178226889451005,0.0005544848595989936
57,14,0.06,0.29294389859395215,0.06119536477380231,0.0061475506521079856,0.005877258601197972,1,0.019539896446522584,0.0004813608070264213
57,15,0.06276870326953665,0.28974242310323206,0.06119536477380231,0.005370886770976694,0.005871087822940755,0,0.012241422708553131,0.00031595322792080387
57,16,0.06025752252410986,0.3048946417642442,0.06119536477380231,0.004385720663880946,0.005882638786032236,0,0.010024743126914358,0.00024150175482133882
57,17,0.06,0.32114926738424215,0.06119536477380231,0.003230551225926078,0.0058909695443599185,0,0.006925722195360746,0.00017253800747810526
57,18,0.06,0.3174137457279652,0.06119536477380231,0.0028377169358667236,0.005889153665777006,0,0.006045236510840245,0.00015246444182465452
57,19,0.06,0.3247949449283078,0.06119536477380231,0.002431734039182545,0.005892741748721617,0,0.005159956142031997,0.00012912567775771186
57,20,0.06169502351651833,0.3207514300115262,0.06119536477380231,0.002210497508069146,0.0058879511119984285,0,0.004784686221831155,0.00012147087992545502
57,21,0.06,0.33512485121468216,0.06119536477380231,0.0021676865050814604,0.00589776323094416,0,0.004328050317343802,0.00011325770939077936
57,22,0.06036950386915454,0.33168440121101234,0.06119536477380231,0.002132463591959905,0.00589547495018823,0,0.004496416600812028,0.00011270528981049281
57,23,0.06176686454097564,0.32996372362730114,0.06119536477380231,0.00243694429022787,0.005892309575243113,0,0.00524799344651934,0.00013213398838681818
57,24,0.06295453594860188,0.33359489203689563,0.06119536477380231,0.002081450965790827,0.005892095274207289,0,0.00453505218959473,0.00011437876097846257
57,25,0.06,0.33092319019306243,0.06119536477380231,0.0022635971315953644,0.005895720756836428,0,0.004721870030598614,0.00011904518969278653
57,26,0.06,0.3390209162763293,0.06119536477380231,0.002676545240228476,0.0058996571514602384,0,0.005702179544106154,0.0001390050184189872
57,27,0.06386030787658761,0.32871993813327893,0.06119536477380231,0.003411899721457954,0.005888215885068609,0,0.007961986233118829,0.0001916405782068642
57,28,0.06411127268773072,0.3270530399184391,0.06119536477380231,0.004813455429376203,0.0058869873126400464,0,0.010798783859788467,0.0002721381952078301
57,29,0.061146144739206355,0.3321942362131595,0.06119536477380231,0.006299180716829413,0.00589442838519752,1,0.018770821437854263,0.00047171619599951177
57,30,0.06386079051735782,0.3112021021647811,0.06119536477380231,0.007985933061377464,0.005879699465960417,1,0.025229403438066945,0.0006457821004740458
57,31,0.06398048528277117,0.32514377553954865,0.06119536477380231,0.008782404671674661,0.005886277177019684,1,0.0274494690125892,0.000695816741108768
57,32,0.06329058376781749,0.315775339530516,0.06119536477380231,0.009700014718823587,0.005882872912040217,1,0.03106698209085358,0.0007716673292130893
57,33,0.06952542328992488,0.3109057874180838,0.06119536477380231,0.010515509152025572,0.0058701143694487165,1,0.03792652824236897,0.0009262085385426202
57,34,0.06696163832958697,0.30553617052537924,0.06119536477380231,0.012383323464430022,0.0058717771139486594,1,0.0420395135185884,0.001059747115241629
57,35,0.06725153333396221,0.29743652474078813,0.06119536477380231,0.013459519388367265,0.00586735662779608,1,0.046388391964860984,0.0011724230727594622
57,36,0.06876529444574299,0.29566963005549396,0.06119536477380231,0.014867981481857475,0.005863974785471094,1,0.05643068540253206,0.0013281724199800094
57,37,0.0691214199824679,0.29486329927143357,0.06119536477380231,0.015656743177221006,0.005862989276556523,1,0.054333773814963855,0.0014077744497592506
57,38,0.06736959979475671,0.2856784789942323,0.06119536477380231,0.016,0.005861444133679068,1,0.05662046098708847,0.001424109011037785
57,39,0.06938668810058134,0.26402405501461573,0.06119536477380231,0.016,0.005847555863734825,1,0.06076227962546107,0.0015231935637934047
57,40,0.06842510423255216,0.27209526751665414,0.06119536477380231,0.016,0.005853082009592254,1,0.05803678632773174,0.0014807971251677788
57,41,0.07065596951346688,0.2644138233511291,0.06119536477380231,0.016,0.005845629865432488,1,0.06265833217519255,0.001549979734787228
57,42,0.07010633957377753,0.25627478834909984,0.06119536477380231,0.016,0.005842589439983761,1,0.06392903852189785,0.001560588598533124
57,43,0.07234542003812552,0.2482232326520583,0.06119536477380231,0.01560372867775798,0.005834943688523786,1,0.06533932395816075,0.0015938485361940446
57,44,0.07524096174437325,0.25710997472358765,0.06119536477380231,0.01456060917303609,0.005834437729742589,1,0.06214443149357997,0.0015219062837360103
57,45,0.07373786603187643,0.24027955367866755,0.06119536477380231,0.01411794435608598,0.005828761434588803,1,0.06058857933865881,0.0014917373929713782
57,46,0.07277646773995292,0.24217078614540194,0.06119536477380231,0.0133018507490704,0.005831283114191116,1,0.053123053734171644,0.001382273425267327
57,47,0.07460119595902563,0.23142412314444455,0.06119536477380231,0.012003891336355389,0.00582301782820053,1,0.052376438465116464,0.0013049512703541745
58,0,0.10028661242763871,0.574326443070014,0.048999294866850604,0.011542607630322924,0.00619848918338219,1,0.039513017995993986,0.001030085674466436
58,1,0.09851609818143302,0.5845318743025433,0.048999294866850604,0.012035458510383923,0.006206401013975013,1,0.04051854219712313,0.0010435064030701697
58,2,0.09786013752554612,0.5904470654014425,0.048999294866850604,0.011726068014372489,0.0062103697218523456,1,0.04011097822079672,0.001003522875694392
58,3,0.09776401317290921,0.5795455946170702,0.048999294866850604,0.011996227201204681,0.0062052306030310036,1,0.04081908081938456,0.001037737385377159
58,4,0.09730446264230751,0.5867741536416127,0.048999294866850604,0.011165011473637685,0.0062095104034411595,1,0.03784189951258465,0.000953828135009431
58,5,0.09483142628534041,0.5956820148721103,0.048999294866850604,0.010475237861767192,0.006217962341023151,1,0.036192248510814956,0.000863896933225326
58,6,0.09318448032569905,0.6245638493884528,0.048999294866850604,0.009850648037712219,0.006234747031623553,1,0.030184774947688064,0.0007745423391408539
58,7,0.09083964809314787,0.6259127298231193,0.048999294866850604,0.00970341493792524,0.006239310791111324,1,0.029356695424048874,0.0007427369827540637
58,8,0.09046206929231887,0.6421113385797536,0.048999294866850604,0.009309491762222961,0.006247814412813847,1,0.027992015556665306,0.0006980250955229016
58,9,0.09004305911041667,0.6564274737056902,0.048999294866850604,0.008471929294620307,0.006255471995469904,1,0.024941359199920982,0.0006232917544307312
58,10,0.08992870085584496,0.6573046731653929,0.048999294866850604,0.007331420929675172,0.006256089008964879,1,0.021056380802516865,0.0005382292705633497
58,11,0.08805041789499557,0.6865130983963207,0.048999294866850604,0.00663425942790482,0.006273418020609107,1,0.0180785922258477,0.00046346598993578724
58,12,0.08674178200496686,0.6943386618575368,0.048999294866850604,0.005720337966679194,0.006279403173775023,0,0.011108075962644307,0.00027910073153707685
58,13,0.08614291742125864,0.7225780876310789,0.048999294866850604,0.005247657925904991,0.006294128780054454,0,0.009908867310100265,0.0002476069532142511
58,14,0.08775580614040851,0.7319010256048608,0.048999294866850604,0.003989593055168134,0.006295972615926459,0,0.007286895026557232,0.00019012770233032856
58,15,0.08410550504465575,0.7410940966602395,0.048999294866850604,0.0032983396304014944,0.006306525305071299,0,0.0058927046068324605,0.00014938576477439096
58,16,0.08685132329529463,0.7620807637688863,0.048999294866850604,0.0027455950002366163,0.006312150793386938,0,0.005040609453068245,0.00012600463701739568
58,17,0.08642396946566164,0.7783939008496438,0.048999294866850604,0.0021994836269525757,0.006320793046961695,0,0.003975383844611891,9.900429726171666e-05
58,18,0.08643402610950737,0.7904841497316919,0.048999294866850604,0.0025780820658053366,0.006326653490206281,0,0.00460170190908877,0.00011483948404172409
58,19,0.0843569961040339,0.8,0.048999294866850604,0.0019466941666412651,0.006334740967429164,0,0.003352447726873999,8.393671876975822e-05
58,20,0.08402222911138325,0.8,0.048999294866850604,0.0018648676293769593,0.006335298912416915,0,0.003306429685196315,8.008945966789787e-05
58,21,0.08544139284598362,0.8,0.048999294866850604,0.0017888488372363046,0.006332933639525915,0,0.0031370246077604726,7.812231720286091e-05
58,22,0.08396547635889756,0.8,0.048999294866850604,0.0015057216610438527,0.006335393500337724,0,0.0025752303733279185,6.462173415119545e-05
58,23,0.0837556993223624,0.8,0.048999294866850604,0.0018271627637528225,0.00633574312873195,0,0.0031159414950169225,7.822125132311826e-05
58,24,0.08785486230255496,0.8,0.048999294866850604,0.0024184952868719673,0.006328911190431629,0,0.00438959305880318,0.00010860359506130218
58,25,0.08627898629401429,0.8,0.048999294866850604,0.0032105206942118804,0.006331537650445864,0,0.005608739614120834,0.00014158383168363437
58,26,0.08836422725616037,0.8,0.048999294866850604,0.004517906818564652,0.006328062248842287,0,0.008279311780441586,0.00020405484327725129
58,27,0.08957155816589508,0.8,0.048999294866850604,0.005975649207895585,0.006326050030659396,0,0.011233936853878962,0.0002735825404666262
58,28,0.08806930561714987,0.8,0.048999294866850604,0.006840782937779843,0.006328553784907304,1,0.017826768359984126,0.0004311134497325845
58,29,0.09098460878432124,0.8,0.048999294866850604,0.008224831232643287,0.0063236949462953515,1,0.02154146246802413,0.0005354958593092826
58,30,0.08996636832611514,0.7841003532157415,0.048999294866850604,0.00955332998513344,0.006317663018761125,1,0.024412086449321167,0.0006235763336843927
58,31,0.09196932779021286,0.7708795664596686,0.048999294866850604,0.01056551944782196,0.006307897981647872,1,0.028009502553230793,0.000713246008496208
58,32,0.09335660264400275,0.7581977719477815,0.048999294866850604,0.011671292578770604,0.006299421095670499,1,0.03227236008817916,0.0008088600391116087
58,33,0.09401196249246652,0.7395255169490459,0.048999294866850604,0.012593352417854396,0.006289252038632007,1,0.0353105790492678,0.0008938459357046854
58,34,0.0959051544778518,0.7354414883793193,0.048999294866850604,0.01397913640994175,0.006284111426990526,1,0.041397577147378586,0.0010159705358231928
58,35,0.09649323876476038,0.709393128710725,0.048999294866850604,0.0147190433769845,0.006270468889451223,1,0.044283534095172064,0.0011026211242175824
58,36,0.09623028929114517,0.6850574964239021,0.048999294866850604,0.014994093312824109,0.006259077317323375,1,0.04617451082800005,0.001146395194289184
58,37,0.0995022401745485,0.6840192717209082,0.048999294866850604,0.015945231493117145,0.0062531193732870815,1,0.0505353628576425,0.0012618290530540853
58,38,0.10107894660885913,0.6584128453552699,0.048999294866850604,0.015967273782533778,0.006238043960857712,1,0.05156310864813321,0.0013161194929471782
58,39,0.09940027815291265,0.6510076277320334,0.048999294866850604,0.016,0.006237241983050771,1,0.053511640700311135,0.0013065009296791665
58,40,0.10110519968798534,0.6299161754244651,0.048999294866850604,0.016,0.006224147657842805,1,0.05858875832057701,0.0013575248208853965
58,41,0.10547830612993575,0.6233708048950133,0.048999294866850604,0.015418632674782327,0.006213677369765515,1,0.05486946155268396,0.001373974872160343
58,42,0.10190631259182521,0.6112379232261396,0.048999294866850604,0.01533952576639615,0.006213732763739997,1,0.05325253258115998,0.0013373477592669737
58,43,0.10469550205393635,0.6124784304884577,0.048999294866850604,0.015051246469166012,0.006209687139000105,1,0.05388094675172968,0.001346387135832022
58,44,0.10727703295185834,0.5844290406203023,0.048999294866850604,0.014530229273461093,0.00619174946742877,1,0.056630697743610806,0.001371995171680132
58,45,0.10562824693149517,0.5841912633348031,0.048999294866850604,0.01372721624518115,0.006194381857948925,1,0.05086606676580359,0.0012765773127942348
58,46,0.10481135259941013,0.5718418146800469,0.048999294866850604,0.012924644372992369,0.006189740144295227,1,0.049592737658129146,0.0012087353407856441
58,47,0.10949347066658496,0.5721271635413552,0.048999294866850604,0.012179876759485809,0.006182075325435294,1,0.04576595300819816,0.001189597269594937
59,0,0.09694079644647018,0.15818079276783398,0.058930123750821954,0.004714475130233983,0.005850723893393952,0,0.02156079189832237,0.0005541260626012323
59,1,0.10028927737842587,0.15124804125211516,0.058930123750821954,0.005665273015013009,0.005841773004298329,0,0.02814723549167334,0.0007000880054516691
59,2,0.09635520925598662,0.16172890988114424,0.058930123750821954,0.006689703054200471,0.005853424651197062,1,0.0414050832613737,0.0010852855707868595
59,3,0.0953312493150774,0.15860445314021704,0.058930123750821954,0.007005423935092797,0.005853612417960626,1,0.04252527717086341,0.0011325111728387155
59,4,0.09558200969227809,0.17043725441266505,0.058930123750821954,0.0076919653447427355,0.0058589465401727315,1,0.04830832306522214,0.0012137931448772347
59,5,0.0932490848186668,0.17030514321001616,0.058930123750821954,0.008226806360128798,0.005862770527571908,1,0.05252712072762885,0.0012668785249148468
59,6,0.0934285054037128,0.17850586917664732,0.058930123750821954,0.007776823606912363,0.005866457957275055,1,0.04879824146284114,0.001178379841947801
59,7,0.09239667880460595,0.18673407910592973,0.058930123750821954,0.007772800004389723,0.005872177492544745,1,0.04490466246983034,0.001144258511359182
59,8,0.0907326718031353,0.1800981872806549,0.058930123750821954,0.007346674101565514,0.005871725056798798,1,0.0430859574929504,0.0010773393242522957
59,9,0.0899557806221114,0.17781229297251017,0.058930123750821954,0.006597131848200165,0.005871908676811824,1,0.038138620485000656,0.0009639304028681086
59,10,0.09054451735824287,0.1937468430273401,0.058930123750821954,0.005638042046629907,0.00587867341075048,1,0.031410102493380644,0.0008013726030352405
59,11,0.08831319314645739,0.1903886772588585,0.058930123750821954,0.005385576451701905,0.005880759842743777,1,0.031455692992848665,0.0007519246876875929
59,12,0.09038776537504412,0.20558162980867903,0.058930123750821954,0.004370731289775007,0.005884687685407851,0,0.017021466027844937,0.0004322700421805337
59,13,0.08905989864925401,0.2047569377981065,0.058930123750821954,0.003578854447773864,0.005886499904667917,0,0.014206283644944835,0.0003493397027151321
59,14,0.0901322058023978,0.22053720973916704,0.058930123750821954,0.002674247095567745,0.005892383691606248,0,0.009944678362715077,0.0002559633376752772
59,15,0.0884429439661517,0.213486100585502,0.058930123750821954,0.0024667161339946035,0.005891771505494739,0,0.0090562494309424,0.00023493483149401628
59,16,0.08841225792020813,0.22394888917564543,0.058930123750821954,0.002048830177269272,0.005896908726691519,0,0.007607222058347932,0.00019107960295413967
59,17,0.08660788459096053,0.22655314866884688,0.058930123750821954,0.0013307147582729993,0.005901181975049461,0,0.004682985743063471,0.00012095946046674356
59,18,0.08911011422501788,0.2300286005889827,0.058930123750821954,0.001304406409124886,0.005898701048120542,0,0.004659820406482834,0.00012117807512843894
59,19,0.08870912618819145,0.23660892985350696,0.058930123750821954,0.0013630017560382532,0.005902568132685507,0,0.0049422439522484075,0.000124478977739075
59,20,0.08820463509741262,0.22471743292109617,0.058930123750821954,0.0010820713150141842,0.0058976283623835505,0,0.00397775188537172,0.00010052938074631275
59,21,0.08797868220215918,0.23212205483755968,0.058930123750821954,0.0016834842824404361,0.005901604419529476,0,0.006275543593766597,0.00015378961290846163
59,22,0.08942894486463801,0.23106249898938003,0.058930123750821954,0.0026707355004897152,0.005898672253221368,0,0.01034975525199132,0.0002485025964505506
59,23,0.08862677479921945,0.23350388531387592,0.058930123750821954,0.003353824795034944,0.005901195988349251,0,0.011838711650403774,0.00030782184671710995
59,24,0.0893808180066954,0.23106409413836565,0.058930123750821954,0.004344949833003409,0.0058987532400709185,0,0.015845739937079682,0.0004040635801654179
59,25,0.09195945040717235,0.23400596218512143,0.058930123750821954,0.004955123982387398,0.005895885594148408,0,0.0193265932121368,0.00047144321264920054
59,26,0.09288314045539756,0.22505785890309152,0.058930123750821954,0.0069019506773997435,0.005889996338305934,1,0.03734083422574729,0.0009447020815660679
59,27,0.09287105931024171,0.22522632702888964,0.058930123750821954,0.007524079422798677,0.005890098367775679,1,0.04081845631425355,0.0010293845566236312
59,28,0.08885087566516435,0.2247930753487304,0.058930123750821954,0.008200518236136758,0.005896588065395175,1,0.04611377139148576,0.0010742684797185231
59,29,0.09462070599915069,0.22370401641639315,0.058930123750821954,0.009363198923197934,0.005886442277857534,1,0.05325286751608127,0.0013090063629736933
59,30,0.09137956813351894,0.20730871023116926,0.058930123750821954,0.010568983371343996,0.005883874233793547,1,0.060695510557557716,0.0014742699714952897
59,31,0.09455609461077909,0.19502319753657102,0.058930123750821954,0.012402701766322972,0.005872607898771573,1,0.07369646185456097,0.0018360684783146333
59,32,0.0967614839166673,0.210603746224839,0.058930123750821954,0.013701152786703377,0.005876506127763001,1,0.08240077614182478,0.0020103101921506526
59,33,0.09769902464907053,0.2057889755199108,0.058930123750821954,0.014316276160257121,0.005872603046338545,1,0.08617038833970996,0.002141688589409843
59,34,0.09837939254041136,0.1855037918490861,0.058930123750821954,0.015872192605520388,0.005861608246679658,1,0.09657970739185537,0.002494446702139921
59,35,0.09963902595333403,0.18929053659502976,0.058930123750821954,0.016,0.005861349636354066,1,0.10091800256147064,0.002526250742419796
59,36,0.10110045360377544,0.182596496406777,0.058930123750821954,0.016,0.0058556598762895965,1,0.10108303216614511,0.002600287980425295
59,37,0.10026339905786281,0.178133067940921,0.058930123750821954,0.016,0.0058548852450285484,1,0.1085851336987461,0.002603871055682623
59,38,0.10244888600236508,0.18129780909604337,0.058930123750821954,0.01578295438386036,0.005852781182627007,1,0.10518178068194264,0.002606534130001645
59,39,0.10180895423219943,0.18072650662460624,0.058930123750821954,0.016,0.005853570019098113,1,0.10639108067985881,0.002629127304147322
59,40,0.10301569993874589,0.1777500076018463,0.058930123750821954,0.015633674147886908,0.005850111867006693,1,0.10017506224281873,0.002616284938933245
59,41,0.10652841494999865,0.1716813065984667,0.058930123750821954,0.015565462301032024,0.0058413072790001845,1,0.11044304726102194,0.0027299604712520123
59,42,0.1077304789283104,0.1676524725081533,0.058930123750821954,0.014967729857345452,0.005837345378020207,1,0.10916985541517893,0.002678747515839129
59,43,0.10731476195432317,0.16450063831811726,0.058930123750821954,0.014672201624876157,0.005836506098023363,1,0.1093195178195041,0.0026343865583355426
59,44,0.11019637527619103,0.15467118955977016,0.058930123750821954,0.014436679258953785,0.005826925204896053,1,0.11567288528315128,0.002722464359674378
59,45,0.11077146608075214,0.1612808199584903,0.058930123750821954,0.012976105991692547,0.00582917973499894,1,0.09771169103577039,0.0024225835114593695
59,46,0.10948446370906692,0.16857306375788783,0.058930123750821954,0.011818023533629462,0.0058348695796875665,1,0.09131886525990919,0.0021450517867725024
59,47,0.11067803757129638,0.15758253829293867,0.058930123750821954,0.010219839910575608,0.005827537673371724,1,0.07241327414922433,0.001922656309915268
60,0,0.15656146838022997,0.39754795824606964,0.06471559233983996,0.008623855457145752,0.005880160391424922,1,0.060879874384536514,0.0015043037349258851
60,1,0.15499288255221583,0.41097608080902587,0.06471559233983996,0.008992544749123216,0.0058893022607174935,1,0.060171345347008125,0.0015244081809397264
60,2,0.15420625192330126,0.40829020781765774,0.06471559233983996,0.008601800714764404,0.005889307679061547,1,0.05892614733054473,0.0014561065907155366
60,3,0.14960518068349643,0.41961003080688497,0.06471559233983996,0.008708625012482008,0.005902478822858763,1,0.05860971576418344,0.0014083852285437517
60,4,0.14828280417355832,0.42948704702784846,0.06471559233983996,0.008852404352232298,0.005909484111038295,1,0.057572367346239134,0.00140038249544128
60,5,0.14973689081595934,0.4460104829192858,0.06471559233983996,0.00843755869940613,0.00591509285908152,1,0.05280956649492714,0.001318995466871148
60,6,0.14828487974491641,0.44477357645444526,0.06471559233983996,0.00850228571344645,0.005916911603557293,1,0.05267716622075829,0.0013183346803101051
60,7,0.14410712602777698,0.46205527541216646,0.06471559233983996,0.00737919672795621,0.005932275352301418,1,0.043687296740313485,0.001087638916408503
60,8,0.14532157849340369,0.4724439715487784,0.06471559233983996,0.006256255619727961,0.0059353013254806715,0,0.026239772662133586,0.000655614280347709
60,9,0.14562342920953675,0.478120619495407,0.06471559233983996,0.005420014377225499,0.005937557722594505,0,0.02200749378952379,0.0005651694485654102
60,10,0.14192470859526984,0.48697770303395665,0.06471559233983996,0.00474913086695851,0.0059480277836717445,0,0.019720758891705027,0.00047741699144139744
60,11,0.14074339984428494,0.5002082470486962,0.06471559233983996,0.0035196446313719436,0.005956428146041663,0,0.013809313506295846,0.0003453078577008739
60,12,0.14059995933370317,0.5121300816847119,0.06471559233983996,0.0027444473449775133,0.0059624625498406955,0,0.0105036128445201,0.0002651955493798901
60,13,0.14121100309826745,0.5314193002520142,0.06471559233983996,0.00246300800731187,0.005970820847036638,0,0.009446999628828985,0.00023372613891755185
60,14,0.13827236840183882,0.5382620179916616,0.06471559233983996,0.0019226617278523522,0.005979044892654125,0,0.007207548202128967,0.00017725946674646586
60,15,0.13995257388420773,0.5452298083004824,0.06471559233983996,0.0015839448048211731,0.005979631670472521,0,0.005943873578370478,0.00014664202680478923
60,16,0.13818455736681198,0.554339587969709,0.06471559233983996,0.0017250550393133218,0.005987006729785166,0,0.006072323593053059,0.000156083132464826
60,17,0.13849011438587167,0.558001621169473,0.06471559233983996,0.0016146949127986325,0.005988277623114395,0,0.005963668402607694,0.00014582449151978724
60,18,0.1405684945614647,0.5604155728722131,0.06471559233983996,0.0013681693297419475,0.005985987104899461,0,0.00495113159349044,0.0001250792254155452
60,19,0.14161824108154505,0.5666633979374842,0.06471559233983996,0.0018394828249817953,0.005987274664550501,0,0.0069469989349612475,0.0001682580605787314
60,20,0.14164299824939272,0.5621858741671056,0.06471559233983996,0.002580412609281181,0.0059850568285490435,0,0.009393936988318417,0.00023724127810449753
60,21,0.14187789254536465,0.5690851848534498,0.06471559233983996,0.0033696573063445685,0.005988019169639395,0,0.012096919146482777,0.0003079683480960471
60,22,0.14372579703605046,0.5647332460092801,0.06471559233983996,0.004367597823922885,0.00598282380299456,0,0.015545467909632389,0.00040631377608021235
60,23,0.14465278377968696,0.5617351241193875,0.06471559233983996,0.005024687371397187,0.005979821404725356,0,0.017774822790916626,0.00047201785090819577
60,24,0.14397224106484263,0.5681498365322766,0.06471559233983996,0.006260130846381859,0.0059840739055619175,1,0.03159319859850693,0.0008136575146031515
60,25,0.14636408789126804,0.5545936113323972,0.06471559233983996,0.007418014314818907,0.005973497662490156,1,0.04067345526556894,0.0009949941798902137
60,26,0.14791877998952271,0.5456502904350403,0.06471559233983996,0.008078507162980078,0.005966559061334628,1,0.044904135652874044,0.001106149289197852
60,27,0.14841574641147828,0.5343294952913841,0.06471559233983996,0.010033963801974076,0.005960227619658758,1,0.0563961409553269,0.0013963782060892268
60,28,0.150698429934761,0.5361742025558174,0.06471559233983996,0.010716772227802249,0.005957319879817942,1,0.059289458806493125,0.0015111469383262562
60,29,0.14927299330703184,0.5166048737618325,0.06471559233983996,0.01210151653076185,0.005950182739367081,1,0.07169567378508383,0.0017289826113145548
60,30,0.15338659068694904,0.5174883340790162,0.06471559233983996,0.0131356338348282,0.005943756203610295,1,0.07725240660933815,0.001926453625273605
60,31,0.15313199984340287,0.5073199566355227,0.06471559233983996,0.014159445179943443,0.005939237560425617,1,0.08674783429995234,0.0020981537559974675
60,32,0.15733368745520102,0.4909719824910505,0.06471559233983996,0.015265636697246069,0.005924287815863502,1,0.09537916214740959,0.002370173403845604
60,33,0.15666325700331216,0.4777066231789186,0.06471559233983996,0.016,0.005918956761395475,1,0.10136945831846964,0.002514109935353461
60,34,0.16139537168744897,0.47177388047510666,0.06471559233983996,0.016,0.005908185931440895,1,0.10499406469059758,0.002609187948337011
60,35,0.1623688390295051,0.4505921326739174,0.06471559233983996,0.016,0.00589626680291189,1,0.10666979282879893,0.0026962207073114013
60,36,0.16133608739896393,0.4478292867033566,0.06471559233983996,0.01593900720666144,0.00589664500550488,1,0.10321999664952533,0.0026783676496814728
60,37,0.16562071964563427,0.43349665787363734,0.06471559233983996,0.015678739063619933,0.005882536701634871,1,0.11056678477312194,0.002755615682087112
60,38,0.1677136283234396,0.4309023126898628,0.06471559233983996,0.01575782746923249,0.005877787380485305,1,0.1169024478861332,0.0028141372589143227
60,39,0.16711683511210063,0.42913772571498376,0.06471559233983996,0.015402547143932181,0.005877924250502526,1,0.10960476400115764,0.0027473158287669424
60,40,0.16983041586215983,0.41663386231942057,0.06471559233983996,0.015182992272642581,0.005867323348990695,1,0.11291347091670147,0.002798607763747667
60,41,0.17123925797234094,0.42270573769119935,0.06471559233983996,0.0148033174405606,0.0058679268848905635,1,0.10513988202073458,0.0027288655626374024
60,42,0.17449745087372912,0.3979194163413686,0.06471559233983996,0.01353408555835979,0.005850447657176527,1,0.1010295503168409,0.002629919057653618
60,43,0.1734015957034583,0.40191203433139117,0.06471559233983996,0.013194181473471745,0.005854214938427684,1,0.10190105942049232,0.0025336819664800564
60,44,0.1747234320340477,0.4027527232535356,0.06471559233983996,0.012260206712283476,0.005852420546102743,1,0.09567385573318091,0.0023695205009563345
60,45,0.17916043152295477,0.3957869885606816,0.06471559233983996,0.011525518160109384,0.005841639425923317,1,0.09561549208413056,0.002306318539646901
60,46,0.17842313457471312,0.3868440995772179,0.06471559233983996,0.010539868117648496,0.005838521016470092,1,0.08534769866151413,0.0021270217356699683
60,47,0.17623164353362605,0.3866182776800748,0.06471559233983996,0.009289665052697599,0.005842063727005236,1,0.07491863338153373,0.0018522886644238964
61,0,0.1330377745983626,0.5973998152310548,0.08054855616686701,0.011206537360104829,0.005974282774798516,1,0.05356719051584721,0.0013141237690636777
61,1,0.1287435501229841,0.6003223654861639,0.08054855616686701,0.01079082132460423,0.005982860499742602,1,0.04810954984200729,0.001220748250359989
61,2,0.12952216234810301,0.6221320151359624,0.08054855616686701,0.010135358993093433,0.005992164725724946,1,0.045355804183388755,0.001127569326775822
61,3,0.12852996273086037,0.631416001612052,0.08054855616686701,0.009493848460959384,0.005998331440735115,1,0.04100796189088351,0.001038178343958757
61,4,0.12431167637219384,0.6487735437045694,0.08054855616686701,0.009125905698262342,0.006013799612072311,1,0.039046254346591924,0.0009484097778338932
61,5,0.126084408120866,0.6620540042951466,0.08054855616686701,0.008125533961056199,0.0060173008386116104,1,0.0352353450442528,0.0008452591598620857
61,6,0.12407173906497698,0.6700629731117862,0.08054855616686701,0.007379262896708696,0.006024548535768403,1,0.03055810003096253,0.0007494542843810579
61,7,0.1259382679496083,0.685320752036098,0.08054855616686701,0.0067057504096899555,0.0060288546301600025,0,0.02012811114905613,0.00048652523901215243
61,8,0.12242212775913022,0.7007724502218223,0.08054855616686701,0.006325374987227625,0.006042226105984415,1,0.02490228486995616,0.0006154100862705413
61,9,0.12109801330393002,0.7291451945843446,0.08054855616686701,0.0052273696203993655,0.006058225269697086,0,0.014110297800514243,0.0003499437478696265
61,10,0.12275060455666122,0.7502040177601614,0.08054855616686701,0.004389159638751264,0.006065707878875223,0,0.0113759470539428,0.0002921755650407997
61,11,0.12284479452059074,0.7650118288728693,0.08054855616686701,0.0032439817673883377,0.006072749137115129,0,0.008507327186536589,0.00021326047290928297
61,12,0.11899251802087306,0.7710380895691238,0.08054855616686701,0.0025859480797294117,0.006082099030230894,0,0.0064845026333641125,0.00016379174912238656
61,13,0.12063205432522586,0.7855858356589153,0.08054855616686701,0.0020216594727038837,0.006086438290739509,0,0.0049788336688215695,0.00012816508670319794
61,14,0.11824448365775556,0.7985361180061833,0.08054855616686701,0.001662687750659771,0.006096712851326326,0,0.004139093892830484,0.00010216661111517871
61,15,0.11924005883257763,0.8,0.08054855616686701,0.0016511185512132107,0.006095765168670839,0,0.004100533953759849,0.00010218088022114589
61,16,0.1183910915302399,0.8,0.08054855616686701,0.0018407034858850713,0.006097180114174735,0,0.00445421016228338,0.00011310246242814684
61,17,0.11709581113069567,0.8,0.08054855616686701,0.002263409673877978,0.006099338914840643,0,0.005645203885629347,0.00013755415963930196
61,18,0.12084095559334611,0.8,0.08054855616686701,0.0024790452961108546,0.006093097007402891,0,0.006289466882747562,0.00015547759493817704
61,19,0.12170809488160081,0.8,0.08054855616686701,0.0027295638353118713,0.0060916517752558005,0,0.006837672292737487,0.00017241772910777853
61,20,0.12160666631036733,0.8,0.08054855616686701,0.003345769194329184,0.006091820822874523,0,0.008265583722916473,0.0002111653040525291
61,21,0.12152933266392346,0.8,0.08054855616686701,0.004161531362179888,0.006091949712285263,0,0.01071543531998376,0.00026248439304677834
61,22,0.12463728515548292,0.8,0.08054855616686701,0.0047720698266624124,0.006086769791465997,0,0.012544775230419554,0.0003086910026411379
61,23,0.12397287016176212,0.8,0.08054855616686701,0.005858081959503084,0.006087877149788865,1,0.021300681156920645,0.0005276905733674376
61,24,0.125590701305696,0.8,0.08054855616686701,0.006850024153677865,0.006085180764548975,1,0.024905163210797367,0.0006250961513673328
61,25,0.1283493260917817,0.8,0.08054855616686701,0.008063366622347686,0.006080583056572166,1,0.030445852278182983,0.000751981637758378
61,26,0.12875888292321055,0.775095275677322,0.08054855616686701,0.009128594569148368,0.006067793998640705,1,0.035185229098382315,0.000872781146645176
61,27,0.13058299535290824,0.7779891088780431,0.08054855616686701,0.010754452176922821,0.006066160535730449,1,0.039132700736539294,0.0010401420327494323
61,28,0.13180618221373297,0.7538047096934086,0.08054855616686701,0.011964703196937496,0.006052365585803209,1,0.04740063588126963,0.0011934264120304749
61,29,0.13225976402568412,0.7469735032648536,0.08054855616686701,0.01319741717032907,0.00604828889076941,1,0.055012735273580096,0.0013290822666330937
61,30,0.1324502598548821,0.7195761182604944,0.08054855616686701,0.01422020979666585,0.00603465322445474,1,0.05922780180057465,0.0014706564233156851
61,31,0.1362185311393519,0.6991119892042733,0.08054855616686701,0.01479249113015972,0.006018424931800515,1,0.0627798084311912,0.0016039095907261639
61,32,0.13580740976452133,0.6910212904878538,0.08054855616686701,0.015123317393171324,0.006015177155549196,1,0.06765271167347181,0.0016474878102392878
61,33,0.13630206964755368,0.6663350104837231,0.08054855616686701,0.015386307741038063,0.0060023524474088,1,0.06892694963380855,0.0017229917732438614
61,34,0.14222793758489888,0.6556854676685996,0.08054855616686701,0.01520263735544998,0.005987299139755873,1,0.0726256949648871,0.0017952242980398781
61,35,0.14095496651848788,0.647105605375248,0.08054855616686701,0.015338576579987825,0.00598524999180729,1,0.07062401776895522,0.0018105029745544025
61,36,0.14338442960337547,0.6218772352444196,0.08054855616686701,0.015794966689308368,0.0059689370956299915,1,0.0763356178151385,0.0019457848440678654
61,37,0.14479651234030008,0.6063468884448264,0.08054855616686701,0.015609343729440674,0.005959034150263093,1,0.07822001469089172,0.001973482396156973
61,38,0.143032023254148,0.607572178537633,0.08054855616686701,0.015818433840292394,0.005962570592535126,1,0.08220263717258862,0.0019730094686059656
61,39,0.14724855325973246,0.5942617091876758,0.08054855616686701,0.015948341658753952,0.0059490726754807014,1,0.0838426956324384,0.0020768463545838165
61,40,0.14484296871840588,0.5790399688739762,0.08054855616686701,0.014906607498295053,0.0059456825259526416,1,0.08259879100012953,0.001940948218325853
61,41,0.15139734605861035,0.5869452291502668,0.08054855616686701,0.013880453967661304,0.005938601398575498,1,0.07217170427666668,0.0018730803274530335
61,42,0.1470964316494463,0.5680301701077578,0.08054855616686701,0.012737102818721258,0.005936574768889552,1,0.06846917074726912,0.0017046175171159597
61,43,0.15138490392169315,0.569651477614483,0.08054855616686701,0.011623695297325615,0.00593021545069602,1,0.06716721823629837,0.0015981163599864323
61,44,0.150308757885014,0.5859450101909931,0.08054855616686701,0.01038556105077192,0.005939929494648511,1,0.054664994212507395,0.001392885295238108
61,45,0.15038035698182886,0.575928505202422,0.08054855616686701,0.009233986012537132,0.005934941028451043,1,0.05166133350120979,0.0012525216327762458
61,46,0.14998382315964587,0.5803085061025057,0.08054855616686701,0.0086299302194582,0.0059377310852588875,1,0.04581467370040864,0.0011619643797192328
61,47,0.1505356188662668,0.5876653841848325,0.08054855616686701,0.007503917608431801,0.005940387685926762,1,0.040735322937745996,0.0010060652905319674
62,0,0.13022845031270938,0.4155931767220156,0.06679896798170379,0.006634107268513521,0.00566768245043486,1,0.037206618308602654,0.0009399554541924108
62,1,0.1275813406415511,0.42585084230290765,0.06679896798170379,0.006956228868086175,0.005677080665099724,1,0.038413369498323795,0.0009523427394102344
62,2,0.12650744022795235,0.4273294347097688,0.06679896798170379,0.006686197003837492,0.005679589259320168,1,0.03679107762031724,0.0009058834261023172
62,3,0.1257351260879993,0.44614702954989494,0.06679896798170379,0.006547225911936178,0.0056900238914895955,1,0.033450370583719614,0.0008601475141351279
62,4,0.12314201030332697,0.45853576715977395,0.06679896798170379,0.005829336496408548,0.005700368054135518,1,0.029926353873870035,0.0007382266064052466
62,5,0.12487762889109943,0.466172545482006,0.06679896798170379,0.005645625064086443,0.005701187679284761,1,0.02874625021431734,0.0007180791199389081
62,6,0.12491438794160868,0.4821288895955197,0.06679896798170379,0.005322571449501325,0.00570888297036687,0,0.018715057182759884,0.00047421483471436326
62,7,0.1224460266346101,0.4890601030493192,0.06679896798170379,0.004895895199562084,0.005716366245751909,0,0.01682019056836727,0.0004239736812109054
62,8,0.12010809956290465,0.5054553839657627,0.06679896798170379,0.0042163640556646936,0.005728232719094689,0,0.01433489846378935,0.0003511620531199505
62,9,0.11989483376904818,0.5115714507780025,0.06679896798170379,0.003723091453053427,0.0057315612501181775,0,0.012353403411726607,0.00030729427069403105
62,10,0.11935276810266751,0.5171227477137863,0.06679896798170379,0.003277913838030551,0.00573516324001704,0,0.010625725365073635,0.0002675753175372065
62,11,0.11943311466012899,0.5309337431217005,0.06679896798170379,0.002791715819799145,0.005741743007411229,0,0.009105590247330231,0.0002244137234624319
62,12,0.12063372927358589,0.5297822509542378,0.06679896798170379,0.0023664192041358877,0.005739182229918508,0,0.007455179857717271,0.00019239316109159786
62,13,0.11941869685871824,0.5532458352012102,0.06679896798170379,0.0026370741081592603,0.005752613192952231,0,0.008363241068813301,0.0002066603038553208
62,14,0.11941791928239108,0.5596266334427963,0.06679896798170379,0.0023553761795925476,0.005755716265835769,0,0.0072890460539334675,0.00018327579836479888
62,15,0.12057723828825241,0.5613313435663825,0.06679896798170379,0.0023065770906786896,0.005754612746024967,0,0.0073080339195323914,0.00018087894329378053
62,16,0.11992945214887761,0.5636355665994401,0.06679896798170379,0.0020952563254244185,0.005756812498009438,0,0.006891756407742146,0.00016300885876641797
62,17,0.12283184221056948,0.5569678284004423,0.06679896798170379,0.002197053325690281,0.005748733919615439,0,0.0070832201113118914,0.00017636413966371
62,18,0.12363258214203157,0.5638173244518682,0.06679896798170379,0.002913531682392775,0.005750728969199112,0,0.009443003423050262,0.00023362199746712077
62,19,0.12231360354626668,0.5684232673280805,0.06679896798170379,0.0038894847836169755,0.0057551662668679894,0,0.011986227249529462,0.0003069911735336081
62,20,0.12346231912027401,0.5672311604176151,0.06679896798170379,0.0050913416937908565,0.0057526722444965015,0,0.016303566787875225,0.00040615748315807256
62,21,0.12095319056008798,0.5616693071342841,0.06679896798170379,0.005824914573342514,0.005754150446750748,0,0.018416828403752826,0.0004580354645810086
62,22,0.12625500491998654,0.5628693479348192,0.06679896798170379,0.007015424592431902,0.005745897442651178,1,0.03241002171243389,0.0008050936372547353
62,23,0.12723233404381273,0.5612741165396966,0.06679896798170379,0.008260412170656421,0.005743493101072171,1,0.038993802209053234,0.0009569945710443247
62,24,0.12956363406313437,0.5455482677635757,0.06679896798170379,0.009808342989132326,0.0057319630912182435,1,0.047305955288235016,0.0011776767706146263
62,25,0.12535585478498373,0.5392730214261883,0.06679896798170379,0.010624322328239068,0.005735925589712264,1,0.050044222623915204,0.001243033857927474
62,26,0.13027888943643448,0.523696865470032,0.06679896798170379,0.011400041457371238,0.00572014878948116,1,0.056771433181253425,0.0014112199163072991
62,27,0.13267117657404803,0.511517623377661,0.06679896798170379,0.012277747063977697,0.00571024117934579,1,0.0651178152070439,0.0015700054921916518
62,28,0.13168687411969493,0.5038218132800841,0.06679896798170379,0.013167331442866012,0.005708140664638944,1,0.06727124415074019,0.001686593242357894
62,29,0.13518215624711896,0.49064162765578684,0.06679896798170379,0.014164401590347871,0.005695908159748094,1,0.07512957811415981,0.0018922267243483245
62,30,0.1371854826139856,0.48045873979338866,0.06679896798170379,0.014763019442881874,0.0056876192675368725,1,0.07649098978234131,0.0020264895637465983
62,31,0.13935606267099918,0.4691243414670709,0.06679896798170379,0.015529273669927852,0.005678491857144335,1,0.0912055369597466,0.002196068289752493
62,32,0.13983359420827154,0.45320600970547315,0.06679896798170379,0.015853178838013467,0.005669957893309215,1,0.09466650687536793,0.002295319028695439
62,33,0.13990465267513189,0.45120386885453834,0.06679896798170379,0.016,0.005668866199617465,1,0.09441207520799692,0.002323709067390049
62,34,0.14291608662516345,0.44297762567240734,0.06679896798170379,0.016,0.005659848274820543,1,0.09411676026152634,0.0023990771952946167
62,35,0.14289134466124395,0.4205754762647285,0.06679896798170379,0.015763011583298545,0.005648999577687231,1,0.09660707397317396,0.0024341332972116574
62,36,0.1434184447720578,0.41748458389472476,0.06679896798170379,0.01569007870761902,0.005646618560378235,1,0.09677062860277566,0.0024419569140564103
62,37,0.146065527844816,0.4084928068323151,0.06679896798170379,0.015257544061067763,0.0056378357525183,1,0.09991276534484905,0.002448226709697314
62,38,0.14880491336150978,0.4081283870723527,0.06679896798170379,0.014271834669959614,0.0056330929614960504,1,0.09205494919857103,0.002334173813499392
62,39,0.14730292294385303,0.3910065956228136,0.06679896798170379,0.013933141525665074,0.0056272731857930644,1,0.0938646811856785,0.002310088250282449
62,40,0.1476316436413654,0.39070047019730647,0.06679896798170379,0.013193089585208456,0.005626576506993144,1,0.08563593063358714,0.0021932163123666282
62,41,0.15065318789913096,0.4117389916531609,0.06679896798170379,0.011347062715581311,0.005631767658937909,1,0.07042472064099371,0.0018696266586530651
62,42,0.15086435801209602,0.4044335955843614,0.06679896798170379,0.010472332070473114,0.005627864474549523,1,0.07015758016672151,0.0017453070771872364
62,43,0.15335742733712068,0.3896760925542788,0.06679896798170379,0.009164288627375151,0.005616535572812636,1,0.062413427014412576,0.001584844494875783
62,44,0.1503132410233182,0.40299951526209105,0.06679896798170379,0.008431469935516404,0.005628085880485271,1,0.05792462205575947,0.001402819943759939
62,45,0.15225377120309186,0.40000798760727707,0.06679896798170379,0.007338542594094207,0.00562339744868678,1,0.05013887110225792,0.0012418775554920967
62,46,0.1525655685954512,0.4019256917023444,0.06679896798170379,0.006018458449800429,0.005623810003634617,1,0.04180533583769912,0.001017860227276703
62,47,0.15050275543210367,0.41086834143137496,0.06679896798170379,0.004989093267284637,0.0056315951469695855,0,0.02279004021739539,0.0005872821372421038
63,0,0.09275591366858066,0.19550106714343143,0.03555450033706656,0.006464765291472223,0.005794340865322454,1,0.03720293443969503,0.000927224355361412
63,1,0.09169380249327994,0.1980399940245565,0.03555450033706656,0.006700239764306003,0.0057973452511818355,1,0.03751683897280478,0.0009449855136514795
63,2,0.09071109023592909,0.21205873679488063,0.03555450033706656,0.0058128149480294565,0.00580579777156855,1,0.03061782945061751,0.0007881739372805334
63,3,0.0912712896020039,0.22078185909826062,0.03555450033706656,0.005420381960295387,0.00580910451263368,0,0.020942636059024168,0.0005191497892285895
63,4,0.09161233146589635,0.21260140698114255,0.03555450033706656,0.004597984648896955,0.005804559500859148,0,0.017602055357951563,0.00044925849107488357
63,5,0.09091727476685132,0.23344308142488754,0.03555450033706656,0.004392847230710942,0.005815849298212155,0,0.016079439151162427,0.00040895745187726417
63,6,0.09080540768185422,0.24655922359570742,0.03555450033706656,0.0035129805328882554,0.005822411645797966,0,0.012168229396654864,0.0003186887077583765
63,7,0.08981365023984317,0.23609951986883673,0.03555450033706656,0.002692658949860113,0.005818979996667422,0,0.009768461799467321,0.00024638560933063126
63,8,0.08881290189303793,0.24042264373460104,0.03555450033706656,0.001855188874467277,0.005822749429124622,0,0.006572289550538276,0.00016649967045360666
63,9,0.09062311141114876,0.23140379948485812,0.03555450033706656,0.001292304594600672,0.005815348252861923,0,0.004612455340532156,0.00012038787896993092
63,10,0.08671214170471352,0.25213324355542666,0.03555450033706656,0.0003800740629608645,0.005831943348795841,0,0.0013447160286857026,3.258899954955402e-05
63,11,0.08682807833880575,0.25069866197209323,0.03555450033706656,0.0006890481822194423,0.005831052755024901,0,0.0023286659669368203,5.931634618362807e-05
63,12,0.08720643849876088,0.2528281995275488,0.03555450033706656,0.0008722626541342766,0.005831457346625544,0,0.0030340673897052647,7.512195894991388e-05
63,13,0.08689990252715123,0.26076897939023436,0.03555450033706656,0.0006685158680253558,0.005835828341233699,0,0.00231013767977631,5.655298366698474e-05
63,14,0.08778777053194808,0.2593429598364616,0.03555450033706656,0.0007987046888478929,0.005833655357275954,0,0.0026899761068296156,6.843191437767179e-05
63,15,0.08944358128600612,0.27308609864429695,0.03555450033706656,0.001092251722153833,0.005837576365161888,0,0.0037439986535213873,9.304944461434344e-05
63,16,0.08752740155256403,0.2573012047523649,0.03555450033706656,0.0019596718261685997,0.00583309678574238,0,0.006971770079472899,0.0001680221971031244
63,17,0.08853394872536409,0.26087031397914595,0.03555450033706656,0.002355704138214409,0.005833154190772954,0,0.008223212151242637,0.00020299066452628025
63,18,0.08867555592040734,0.26855579896462556,0.03555450033706656,0.0032536741337169093,0.005836654178426935,0,0.011364717232744117,0.00027699955939262147
63,19,0.09186533520319885,0.2580012304541368,0.03555450033706656,0.0038802401262531413,0.005826207186596349,0,0.013502945826047255,0.0003487384995098111
63,20,0.08868552264164581,0.25612051566095007,0.03555450033706656,0.0057195193154641515,0.005830592637841139,0,0.019688885460201835,0.0004979439608331747
63,21,0.09311855972099772,0.26827905979485234,0.03555450033706656,0.006806767206006732,0.005829114646107311,1,0.03407065698974617,0.0008523513694321373
63,22,0.09427363330267455,0.2662166917598495,0.03555450033706656,0.008763360170734752,0.005826186983454168,1,0.04437071217717935,0.0011150363558183704
63,23,0.09294462772184794,0.2516702394313588,0.03555450033706656,0.009417353387871282,0.005821330800651418,1,0.04560977004296635,0.0012127524876080174
63,24,0.09448103464217424,0.23498044172488924,0.03555450033706656,0.010199807301038403,0.005810657026343562,1,0.05566067811428158,0.0013774597828177845
63,25,0.09743640720462239,0.23582143706176198,0.03555450033706656,0.011326456327237422,0.005806140222583796,1,0.06313677261814708,0.0015749401160676003
63,26,0.09632871509529634,0.24449791610684435,0.03555450033706656,0.012393624817900437,0.005812204108968475,1,0.06713753975989885,0.0016761900195083812
63,27,0.09937958339204196,0.23425937873861133,0.03555450033706656,0.013812350840083408,0.005802142261697675,1,0.07808859875563247,0.001964729782240506
63,28,0.09963355411728723,0.22434558603694416,0.03555450033706656,0.014626511808602013,0.0057968997723700675,1,0.08645255941239251,0.00212606087574328
63,29,0.09951215261390586,0.22924012266948496,0.03555450033706656,0.015834205138597738,0.005799481396849855,1,0.08778206634380287,0.002277112958758936
63,30,0.10125607236032115,0.21745377716581793,0.03555450033706656,0.016,0.005790845390430436,1,0.09538310527359482,0.002395785023766824
63,31,0.10223357037683392,0.2047194515125942,0.03555450033706656,0.016,0.0057830259298770415,1,0.09785017496350899,0.0024816333656332377
63,32,0.10246102550549936,0.19535234492671696,0.03555450033706656,0.016,0.005778093383405575,1,0.10513038680510564,0.0025357361732718142
63,33,0.10329014059310365,0.2117816363484002,0.03555450033706656,0.016,0.005784697986033998,1,0.10123436648320124,0.0024716982320864456
63,34,0.10682956255988921,0.191901782510189,0.03555450033706656,0.015673409519805757,0.005769135131584669,1,0.10623579697132429,0.0026087050220463333
63,35,0.10673368986987562,0.20039997676265528,0.03555450033706656,0.015690019582750563,0.005773425986051863,1,0.10008639369048868,0.0025632973343196527
63,36,0.1064046492416409,0.200483248850742,0.03555450033706656,0.014633799101217019,0.005774014866586186,1,0.09430563365051313,0.0023829616995934173
63,37,0.10622919088188262,0.18978392301121388,0.03555450033706656,0.014303458637088108,0.00576910623601379,1,0.09714740107517382,0.0023779281680155586
63,38,0.10749672804772537,0.19161451847539074,0.03555450033706656,0.013841704652747257,0.005767883546865804,1,0.08931060874579663,0.002319625649871527
63,39,0.10826383005538809,0.17292073852734305,0.03555450033706656,0.012692451591151524,0.005757517789378288,1,0.089555968169619,0.002230514298525804
63,40,0.10820860139512506,0.18792115665283107,0.03555450033706656,0.011942064664203356,0.005764901707067505,1,0.08165969808585943,0.0020303612512865793
63,41,0.112235473921011,0.19558930628475268,0.03555450033706656,0.010884367337959111,0.005761917825595435,1,0.07729725243828689,0.0018886164465834168
63,42,0.11163193451555314,0.18815932810216515,0.03555450033706656,0.009163732078729806,0.005759311929654662,1,0.06307912107985619,0.0016064706257119137
63,43,0.11105628771686715,0.19435969517557827,0.03555450033706656,0.007922370210671903,0.005763285408313159,1,0.05421570803135856,0.0013637209657015401
63,44,0.11208768134893052,0.19623135603142713,0.03555450033706656,0.006823870534032589,0.005762476254064647,1,0.047460479486204035,0.0011809114137149566
63,45,0.11128233486327498,0.1916654969603023,0.03555450033706656,0.006003552561284099,0.005761598983381165,1,0.04173095983392887,0.001041408054428945
63,46,0.10989042927020307,0.1993320183872626,0.03555450033706656,0.005396041776157905,0.0057676456072855015,1,0.036168092360721014,0.0009096353977741229
63,47,0.11194302407683229,0.19145989109737188,0.03555450033706656,0.004279797764847786,0.0057603978873974225,0,0.02075061438680211,0.0005336628738771179
64,0,0.0868190415416071,0.43747468347417673,0.07766284949330399,0.009653657287694935,0.005854340459040101,1,0.034090864237133874,0.0008903169362311137
64,1,0.08707057160121297,0.4525701621342701,0.07766284949330399,0.008514392200079003,0.005861259322178302,1,0.029977877394233195,0.000772272615891667
64,2,0.08640623012173682,0.46333189125618,0.07766284949330399,0.00720212419697352,0.0058675979540783576,1,0.02577492472493175,0.0006394562399748244
64,3,0.08442309470352478,0.4564190217320564,0.07766284949330399,0.006575118754014181,0.00586754275709004,1,0.02350659486265021,0.0005754071408916338
64,4,0.08772846596010347,0.4831886210381634,0.07766284949330399,0.0059648053014867124,0.005875046804658433,1,0.021147586043320923,0.000524587644603064
64,5,0.08276980336546298,0.5058672595211998,0.07766284949330399,0.005352496883295987,0.005894335580467642,0,0.01200585776560387,0.0003086665990330775
64,6,0.0849116331010944,0.49727854551873807,0.07766284949330399,0.005031671352700862,0.005886590794934839,1,0.01763715369524314,0.0004210457339898023
64,7,0.08526842462274399,0.5178144582992313,0.07766284949330399,0.00432796630282783,0.005895978877778162,0,0.01016892179746263,0.00025352060351406216
64,8,0.08220535052324562,0.5261760682808764,0.07766284949330399,0.003450042678135047,0.0059051486727961814,0,0.00752758612484856,0.00019294753638984593
64,9,0.08155378872575728,0.530636253058167,0.07766284949330399,0.0027301805599757242,0.005908402754503178,0,0.005830357728321682,0.0001507004190192076
64,10,0.08048472507972533,0.5428531114189452,0.07766284949330399,0.0022147887996274078,0.0059161232778386095,0,0.004916441014564879,0.00011897780301345076
64,11,0.08237248498992271,0.5452826956062391,0.07766284949330399,0.001693538048453866,0.005914158059190437,0,0.003462201652792816,9.285462426258964e-05
64,12,0.08350571543879734,0.5465927972576595,0.07766284949330399,0.0021781215978983826,0.005912906196745087,0,0.0048637251884574,0.0001208878193621166
64,13,0.0827327283454693,0.5539008528452148,0.07766284949330399,0.0022056114522587297,0.005917747035589028,0,0.004965915158828395,0.0001202894578757356
64,14,0.08569305612440362,0.565554276344805,0.07766284949330399,0.002641379696148667,0.005918478014603106,0,0.005702913095606114,0.00014729313331028547
64,15,0.08461589395676024,0.5666407739485849,0.07766284949330399,0.003272685013759457,0.005920801443439904,0,0.00763171757789385,0.00017998766629818017
64,16,0.08588789813501616,0.5518282797403562,0.07766284949330399,0.003874368890968768,0.005911480918458256,0,0.008540108111632772,0.00021986764686769377
64,17,0.08774118135279989,0.545361308404404,0.07766284949330399,0.005175199824528494,0.0059052484464736385,0,0.011962669644073111,0.0003022166916934822
64,18,0.08538450163117824,0.5522218534123473,0.07766284949330399,0.006111149154011175,0.005912511233166314,1,0.0197466485489651,0.00048246620040011206
64,19,0.0860820491636059,0.5470895412286155,0.07766284949330399,0.007226735685843813,0.005908853779967398,1,0.022506022174856425,0.0005785272301832614
64,20,0.0873086824051073,0.5372724125189777,0.07766284949330399,0.00811631899257775,0.0059020371758866,1,0.027254067645575038,0.0006663780770606762
64,21,0.08776217152466567,0.5336458116928791,0.07766284949330399,0.009002139130483085,0.005899518429730205,1,0.030480261639883495,0.0007460341758532936
64,22,0.09002377557295474,0.525139346362952,0.07766284949330399,0.01014769441371912,0.005891614002336564,1,0.03412261470687881,0.0008711417911696994
64,23,0.08923141541085929,0.5283326633957635,0.07766284949330399,0.011296846998853367,0.005894486909497673,1,0.03803983163675173,0.0009577124061638425
64,24,0.09029827193310783,0.4956830829262255,0.07766284949330399,0.012473510561203108,0.005876837491454567,1,0.04441793449218316,0.0011121215658209992
64,25,0.09089604478060927,0.4989141976420106,0.07766284949330399,0.013513745185548924,0.0058774118841400155,1,0.0459045671510051,0.0012081394511499755
64,26,0.09384562164132093,0.4882641547792831,0.07766284949330399,0.014690694684223482,0.005867318818536115,1,0.05361731247072381,0.0013735485374721593
64,27,0.09147120032725509,0.48404790521996033,0.07766284949330399,0.015272115327156988,0.005869226621634887,1,0.05535664985195281,0.0013989669948287486
64,28,0.09384297805423865,0.45744112882815363,0.07766284949330399,0.015661507781719607,0.005852339809121675,1,0.058896421551813384,0.0015215306602339293
64,29,0.09619707853957357,0.44962691144874645,0.07766284949330399,0.016,0.005844617730420016,1,0.061971566644827066,0.0016094162785353233
64,30,0.09718506523437195,0.4382495024488657,0.07766284949330399,0.016,0.005837440400998188,1,0.06599716791518125,0.0016501246053064857
64,31,0.09921561178092568,0.4318726713894363,0.07766284949330399,0.016,0.005830956308322265,1,0.06948314366021488,0.0016987844444520863
64,32,0.09899775768117433,0.421961652345146,0.07766284949330399,0.015393063622064045,0.005826501542008654,1,0.06365462901662529,0.0016524114286890436
64,33,0.09729322299103384,0.41602406451614954,0.07766284949330399,0.014865175530626041,0.005826456105742014,1,0.06496643923138046,0.0015808657185143562
64,34,0.09927274213948568,0.3928947872002039,0.07766284949330399,0.015101612445664138,0.00581191350846601,1,0.07203621604364394,0.0016917838059370062
64,35,0.09988001715709058,0.4067022020829086,0.07766284949330399,0.01488396122448922,0.005817613321226872,1,0.06387806568700974,0.0016457351672595417
64,36,0.10079593477725506,0.3953785746924467,0.07766284949330399,0.014129868898295664,0.005810582250767345,1,0.06431836713618208,0.0016016246490085898
64,37,0.1030735164054452,0.3898972549719659,0.07766284949330399,0.013567361047066975,0.0058041217509673506,1,0.06485429938239022,0.0015847720829957558
64,38,0.10217627779936257,0.39349413675479533,0.07766284949330399,0.012548171513184384,0.005807365632844142,1,0.05981605373330769,0.001445628342429865
64,39,0.1055426206008155,0.38640269983230546,0.07766284949330399,0.011196522775981073,0.0057983078352266204,1,0.054482888426439134,0.0013458091370343091
64,40,0.10367192183293306,0.38080367172196977,0.07766284949330399,0.009963448536937236,0.005798703916730567,1,0.047087498389440215,0.0011857984475344614
64,41,0.10535904816967673,0.3960829723390162,0.07766284949330399,0.008769680251942243,0.0058033194773026145,1,0.040867129446044675,0.0010380242958233003
64,42,0.10461464981168307,0.40498721584216557,0.07766284949330399,0.007499109203140663,0.0058088885929355235,1,0.03523076525805158,0.0008705415366074948
64,43,0.10359910612138348,0.3905405211634957,0.07766284949330399,0.006193780257003886,0.005803558466950558,1,0.028068491556538115,0.0007265107818055721
64,44,0.10554877281206669,0.4045392234014844,0.07766284949330399,0.0051755527145196595,0.0058071139471651085,1,0.02407318529183893,0.0006065482052717495
64,45,0.10726499998544825,0.40943278115258674,0.07766284949330399,0.0042854601959517,0.005806632381338481,0,0.014318887794036521,0.00036213025813199777
64,46,0.10316819692448902,0.4215754240098909,0.07766284949330399,0.0035339167440819356,0.005819363060051269,0,0.011147085010139245,0.00028253153605373686
64,47,0.10500735141911859,0.43568373468983906,0.07766284949330399,0.003221164091937816,0.00582315600914075,0,0.010575426645353079,0.00025725424193122294
65,0,0.08437645377342085,0.0854687523391832,0.032805721217244566,0.008706108554841795,0.005825318668154448,1,0.05939006767502635,0.0014849812774871607
65,1,0.08445379939448644,0.08,0.032805721217244566,0.0076904955340539125,0.005822531337510014,1,0.054381841792053465,0.0013341508262181047
65,2,0.08556945386035447,0.08,0.032805721217244566,0.006684745021067844,0.005820671913400233,1,0.04914713675829872,0.0011749922970077733
65,3,0.08487307346177694,0.08,0.032805721217244566,0.005426908535567341,0.005821832547397863,0,0.027316883655415874,0.0006758118593386713
65,4,0.08435620867344934,0.08077526806398766,0.032805721217244566,0.004814909123696341,0.005823070855131736,0,0.024454379291548686,0.0005945850330214842
65,5,0.08217515598123686,0.09200097448664052,0.032805721217244566,0.004119474305897117,0.005832162883574212,0,0.019510638183990698,0.00047973221102170013
65,6,0.08079214167140375,0.0818943357995078,0.032805721217244566,0.0034893037074653155,0.005829554958062134,0,0.016410946153059717,0.00041132595027699076
65,7,0.08137634036173474,0.09311216667916494,0.032805721217244566,0.0025109092372213745,0.005834034405811416,0,0.011467475578158014,0.0002886563541258538
65,8,0.08409663199903489,0.09055802559650314,0.032805721217244566,0.0020629379777255706,0.005828258990056288,0,0.009786827549750191,0.00024686599865195164
65,9,0.08292390215749328,0.09609667855526202,0.032805721217244566,0.0012985460509429346,0.005832905940536032,0,0.005847538747611655,0.00015085161266167345
65,10,0.08117695330364118,0.09465113866983783,0.032805721217244566,0.001487197027962861,0.0058351148289592595,0,0.007174641286478963,0.00016981341695655966
65,11,0.08296687331431851,0.09133288957486503,0.032805721217244566,0.0013157797516845004,0.005830518591186964,0,0.0063411597388668495,0.0001549984890573234
65,12,0.0814231942859772,0.08764029569546848,0.032805721217244566,0.0020144428731900667,0.005831296378653937,0,0.00956424999499426,0.00023535673703729894
65,13,0.0840911778530022,0.10444684805622884,0.032805721217244566,0.002547133776677032,0.005835019591217599,0,0.01152232768339279,0.0002932438879458516
65,14,0.08352823606437208,0.08310493224046506,0.032805721217244566,0.003154448523447764,0.005825583285121541,0,0.01507897271020047,0.000383083928076341
65,15,0.08305726120984018,0.09956283969252816,0.032805721217244566,0.004819668208425172,0.005834368614890514,0,0.022446214666927804,0.0005554282628509421
65,16,0.08548025525881006,0.09292004871554385,0.032805721217244566,0.0055218405180353525,0.005827101156972864,0,0.02615813887814953,0.00066717101808575
65,17,0.08374222552020272,0.09954917607095176,0.032805721217244566,0.006357320425984638,0.00583322036566831,1,0.041665790896140094,0.0010341802546200685
65,18,0.08786010592038566,0.08607193352705927,0.032805721217244566,0.006856567684189165,0.005819805794320279,1,0.04957918258150281,0.0012156689979247919
65,19,0.08720532652452262,0.0959025989783556,0.032805721217244566,0.008532993249401872,0.005825675889018876,1,0.05992028099770777,0.0014602285145695571
65,20,0.08710634864664771,0.08,0.032805721217244566,0.00879200337452316,0.005818110422089745,1,0.0631171837626901,0.0015731461371301996
65,21,0.08895682659224104,0.08085802121281725,0.032805721217244566,0.009845396074554258,0.005815443385825542,1,0.07298969608282393,0.0017944995056386288
65,22,0.0930890575612117,0.0819872793643515,0.032805721217244566,0.011242328606958042,0.005809105279145364,1,0.0834628507537936,0.0021371874079236415
65,23,0.08902491651554721,0.08,0.032805721217244566,0.01245446303665937,0.0058149128089749124,1,0.09938285231324971,0.0022775503986341775
65,24,0.09114387851084699,0.08,0.032805721217244566,0.013434343407988469,0.0058113812056494124,1,0.0995506475701301,0.002515216445055278
65,25,0.09253233534506376,0.08028232646746715,0.032805721217244566,0.014218053650565632,0.005809204352958514,1,0.11104511803367766,0.0027002412897483737
65,26,0.09448528707774534,0.0810788348684058,0.032805721217244566,0.015602467657909742,0.0058063366249878345,1,0.12124973686563958,0.0030186007877804105
65,27,0.09724297537648663,0.08578329238351882,0.032805721217244566,0.016,0.005804027366893112,1,0.12911286684262277,0.0031423746847249615
65,28,0.09786153432805628,0.08250008562819433,0.032805721217244566,0.016,0.005801400432023325,1,0.12717114663452778,0.00319276026936618
65,29,0.09748992108251338,0.08,0.032805721217244566,0.015881995207866567,0.005800804468029969,1,0.13108634293130192,0.0031805058033782304
65,30,0.09951950360714654,0.08,0.032805721217244566,0.016,0.005797421830488913,1,0.1280449962261213,0.0032708422327278512
65,31,0.09915632881295237,0.08,0.032805721217244566,0.015742381190572325,0.00579802712181257,1,0.12520102268713074,0.00320643378722133
65,32,0.10015123639623048,0.08,0.032805721217244566,0.015637781501874306,0.005796368942507107,1,0.1342995789181657,0.0032170874665782973
65,33,0.10126891932173981,0.08,0.032805721217244566,0.014449542429808851,0.005794506137631258,1,0.11635509949280246,0.0030058110936301576
65,34,0.0995545351854075,0.08,0.032805721217244566,0.014092961291897318,0.005797363444525145,1,0.11819549029885813,0.0028820049405144364
65,35,0.1009351531582132,0.08,0.032805721217244566,0.013531931944100628,0.005795062414570469,1,0.11077248209583813,0.0028056511084815026
65,36,0.1039874795089757,0.08,0.032805721217244566,0.012008217760679004,0.005789975203985865,1,0.10242566714269993,0.002565021558037143
65,37,0.10217295195355952,0.08,0.032805721217244566,0.010627867720051852,0.005792999416578225,1,0.08913212793322017,0.002230557865600278
65,38,0.10494704970641988,0.08,0.032805721217244566,0.009269800804319132,0.005788375920323457,1,0.0847440564252666,0.0019983522730311924
65,39,0.10471852255146301,0.08,0.032805721217244566,0.007952239474793538,0.005788756798915052,1,0.07055331537441831,0.001710583856527062
65,40,0.10438960866415482,0.08,0.032805721217244566,0.00734943336512674,0.005789304988727233,1,0.0647959644644014,0.00157595037913905
65,41,0.10494031710504034,0.08,0.032805721217244566,0.006221578903460788,0.0057883871413257565,1,0.05246750513850144,0.0013411408729993883
65,42,0.10274671205303923,0.08,0.032805721217244566,0.005573313601188933,0.0057920431497457585,1,0.0463068575189503,0.0011762857255034848
65,43,0.1036392760615635,0.08,0.032805721217244566,0.00487353648254755,0.005790555543064885,0,0.02911365933433036,0.0007410917342169699
65,44,0.10391863233566137,0.08,0.032805721217244566,0.004198462345228928,0.005790089949274722,0,0.026227439780862435,0.0006401578302996322
65,45,0.10651672796184294,0.08,0.032805721217244566,0.002669875879151209,0.005785759789897753,0,0.017110368612058183,0.0004172652961411424
65,46,0.10396277873798729,0.08,0.032805721217244566,0.0020601612062737173,0.005790016371937512,0,0.012409497519725251,0.00031425519156496614
65,47,0.10300335516578732,0.08,0.032805721217244566,0.0013397550554164655,0.005791615411224512,0,0.008270115571625093,0.0002024790772925696
66,0,0.12027740472829647,0.2583192890518143,0.034503852220810385,0.0023497433311331357,0.006189651169857431,0,0.011772626308667879,0.0002761979328253917
66,1,0.12150241485113274,0.25866482709987537,0.034503852220810385,0.001953533900840157,0.006187777456203846,0,0.009451875231230344,0.00023182004797012422
66,2,0.11756339797843911,0.27212454594767016,0.034503852220810385,0.0016367649859633441,0.006200885403209346,0,0.007330379835839845,0.00018348796997845333
66,3,0.11957222311366424,0.27295469635793407,0.034503852220810385,0.0010863521239362504,0.006197940906655626,0,0.004904984804953626,0.00012368540266716774
66,4,0.1192735570238096,0.28599983186905276,0.034503852220810385,0.0011669970128912717,0.006204780068789956,0,0.005244057739068214,0.00012958257225860185
66,5,0.1170568545500632,0.2876290953966792,0.034503852220810385,0.0007397673857932405,0.0062092665760165745,0,0.0032150366870371894,8.039347246031076e-05
66,6,0.11628310928503915,0.2943952978059243,0.034503852220810385,2.832697996398004e-05,0.006213845277629442,0,0.00011908541677993872,3.0233449563890066e-06
66,7,0.11681267088855513,0.28942527319400935,0.034503852220810385,0.0002191777459087789,0.006210546690770567,0,0.0009649419714083498,2.3696950798544787e-05
66,8,0.1189012402728836,0.3047893973291003,0.034503852220810385,0.00022518725843285168,0.006214534413251245,0,0.000993731284222966,2.415531235516335e-05
66,9,0.11887587022155224,0.3071581791376673,0.034503852220810385,0.0006438600803921153,0.0062157281878270736,0,0.0027281987740645345,6.878317550604116e-05
66,10,0.11700011679705534,0.29417965244707034,0.034503852220810385,0.0012489938350416356,0.006212545437504416,0,0.005351358231843347,0.00013417585376760554
66,11,0.11765617933953915,0.302987805697645,0.034503852220810385,0.001467640422178292,0.006215733741097084,0,0.006152009537876835,0.00015624420888275388
66,12,0.11915162246566616,0.30829825327663457,0.034503852220810385,0.0014933790712437487,0.0062158228034599914,0,0.006426749891730505,0.00015960944451352195
66,13,0.11865388486186419,0.3108384305544523,0.034503852220810385,0.0022535652585795184,0.006217887174531935,0,0.010001338985024972,0.00023886126846443375
66,14,0.12173495279887954,0.30311900871832326,0.034503852220810385,0.003144033111572258,0.0062089995645776795,0,0.01370912203364802,0.0003462406401857653
66,15,0.12114255273577625,0.309826341245264,0.034503852220810385,0.004343262710250906,0.006213247406883448,0,0.019426703355706322,0.0004707827754927869
66,16,0.12496505973101825,0.30094133964256203,0.034503852220810385,0.005449000845271977,0.006202557463890064,0,0.02407886293057317,0.0006182191960860972
66,17,0.12492993932827327,0.29513662782056466,0.034503852220810385,0.007099074892829883,0.006199794262981169,1,0.044673506224909114,0.001138224546789006
66,18,0.1223643708284437,0.28974445155959194,0.034503852220810385,0.008430077986851183,0.006201449013687356,1,0.056375617156394796,0.0013359374423782375
66,19,0.12808421270724613,0.2971469958074902,0.034503852220810385,0.009490141665944554,0.006195514402898747,1,0.06421336930709048,0.0015547830487163698
66,20,0.12779894529868746,0.2830368242249987,0.034503852220810385,0.011451342485155917,0.006189130737393745,1,0.07630928401087209,0.0019170968284915537
66,21,0.12864939656577076,0.26517966227409795,0.034503852220810385,0.012532359704464561,0.006179032753778029,1,0.08987588200316929,0.00217893822432928
66,22,0.13019660592934867,0.2753824677806078,0.034503852220810385,0.013618746015587886,0.006181413768626619,1,0.09094691664441988,0.0023536475147833136
66,23,0.12923055451219756,0.2721780107594545,0.034503852220810385,0.015306792529490536,0.006181466132158811,1,0.1084695971381501,0.0026404981517907434
66,24,0.13450386213354626,0.2572393850146525,0.034503852220810385,0.016,0.006165415454163951,1,0.11903390750761185,0.0029501656985091843
66,25,0.13175864933894285,0.26147704423924223,0.034503852220810385,0.016,0.006172050782055799,1,0.11423223187564892,0.0028679766343928685
66,26,0.1367592464328345,0.25685200351574317,0.034503852220810385,0.016,0.006161468169880945,1,0.12269972007530863,0.003001738908990652
66,27,0.13541154576299402,0.24781706050058888,0.034503852220810385,0.016,0.00615932235147609,1,0.11974623754319622,0.003021678985156174
66,28,0.13962167867982345,0.23514440544489945,0.034503852220810385,0.015927838302525827,0.006146145144851525,1,0.1278373929160166,0.003176087556474498
66,29,0.14181934999346368,0.23763610577863034,0.034503852220810385,0.015599266403406703,0.006143693602546577,1,0.12578773603335325,0.0031446481531167414
66,30,0.14409461888110767,0.22858543172493395,0.034503852220810385,0.015500185266555095,0.006135501854513291,1,0.1319576035658462,0.003230134664056838
66,31,0.14115326318326524,0.22602124338554025,0.034503852220810385,0.01576160000291257,0.006139157633566934,1,0.12973793161373903,0.003233564632073878
66,32,0.14621502296612607,0.20911886833266197,0.034503852220810385,0.01563094956251214,0.006122504934944794,1,0.13724691754221482,0.00343477090698651
66,33,0.1460424095217545,0.20471131117822056,0.034503852220810385,0.014758885071648952,0.006120650061513116,1,0.13042217178195037,0.003268433460670056
66,34,0.14743427672297113,0.218406354711078,0.034503852220810385,0.014206850586470808,0.006124987595672894,1,0.1159873075757828,0.0030900163203780974
66,35,0.1470197469276246,0.20805486392968442,0.034503852220810385,0.01290246186517483,0.006120646503979738,1,0.11576432515398888,0.00285695318493795
66,36,0.14956643059864191,0.2267385773943166,0.034503852220810385,0.011811146340859209,0.006125484391906684,1,0.09868338291657369,0.002563967600983787
66,37,0.15078000080987675,0.21429888126567967,0.034503852220810385,0.010913349793001001,0.006117414700380983,1,0.0985278464595394,0.0024474118207767166
66,38,0.14799303350998397,0.20974178529580428,0.034503852220810385,0.009900864846072052,0.006119844390895447,1,0.08961816995678216,0.0021993222478529574
66,39,0.15106045101764334,0.21820787282827017,0.034503852220810385,0.008589543624161512,0.006118847487599853,1,0.07584752702092176,0.0019149421868009048
66,40,0.15098399581844035,0.2051546841364908,0.034503852220810385,0.007422077928465027,0.006112629612873354,1,0.06947568186266545,0.0016977379718142425
66,41,0.15040279407444462,0.2238053676758536,0.034503852220810385,0.006425401536140365,0.006122664586944981,0,0.04181575504773486,0.0010076054710653813
66,42,0.14918814046463888,0.23301378845924853,0.034503852220810385,0.005735709257786162,0.0061291653252865865,0,0.03502192391663198,0.0008764731787670595
66,43,0.14809713972814295,0.2280333716373926,0.034503852220810385,0.004987649362207822,0.006128562623892344,0,0.030232486493913892,0.0007638591240853286
66,44,0.14859211604536013,0.23302538757861424,0.034503852220810385,0.004612114066245945,0.00613016433777952,0,0.027382536237289038,0.0007019454931170877
66,45,0.1493343245076994,0.23611209359864366,0.034503852220810385,0.003304141053715219,0.006130427805768691,0,0.020407081725514174,0.0005024296847578023
66,46,0.14797423456137962,0.24492211126266486,0.034503852220810385,0.0033186302787812007,0.006136977269821457,0,0.019344927459682717,0.0004918347834918375
66,47,0.14522835704250733,0.2576351787369025,0.034503852220810385,0.003012652798418265,0.006147733695708442,0,0.017379413810133148,0.0004281078887734643
67,0,0.08574342914915518,0.19332775004721628,0.08093659707082704,0.004461050910241665,0.005561412149950821,0,0.017808065131302387,0.0004338636623805175
67,1,0.08716800134408278,0.201156638124826,0.08093659707082704,0.003629167936209393,0.005562843572441445,0,0.015100107604822333,0.0003530277486412121
67,2,0.0833205075861915,0.20730980076851818,0.08093659707082704,0.0023455498070107405,0.005572247182767504,0,0.008677145007257596,0.00021536717649347058
67,3,0.08445265510147125,0.21385755956242591,0.08093659707082704,0.0016074845328101534,0.0055735432085446315,0,0.0057553647504305395,0.00014764547402560638
67,4,0.0827731585126994,0.22079275740131546,0.08093659707082704,0.001310474987736027,0.005579713646253157,0,0.004761517923481511,0.00011636267182776914
67,5,0.08168634865919384,0.2100295562830452,0.08093659707082704,0.0012691859712483143,0.005576292884354284,0,0.004543581757194806,0.00011362386739682165
67,6,0.08419703920376288,0.22455869102036016,0.08093659707082704,0.0012474648742912327,0.005579171173943975,0,0.004431824727771124,0.00011184647415823969
67,7,0.08565451592416662,0.23455000248177066,0.08093659707082704,0.0012859646920126634,0.005581598933592599,0,0.004610680867582153,0.00011506022392235668
67,8,0.08371520443966722,0.22604098004591355,0.08093659707082704,0.0015318727946600197,0.005580694789049334,0,0.005441821196834564,0.00013616736457167637
67,9,0.08621498244144499,0.23038297792359008,0.08093659707082704,0.0016403446819267804,0.005578639185792464,0,0.0061036590503544584,0.00014890986662643638
67,10,0.08456780391807943,0.2421868620232684,0.08093659707082704,0.0027940000484958966,0.005587122482546528,0,0.009803359365338228,0.00024328816060949712
67,11,0.08635432202986,0.23288303280413886,0.08093659707082704,0.0033395160295242557,0.005579622257600928,0,0.011854988940272423,0.00030219939096245757
67,12,0.08710069166854147,0.2278559670146528,0.08093659707082704,0.004249693566513925,0.00557593459566657,0,0.016422878330538716,0.0003916508416920133
67,13,0.08794264708722085,0.2240646085428155,0.08093659707082704,0.005628566983900001,0.005572688315156072,0,0.020914667127117013,0.0005276094050919578
67,14,0.08725626005640316,0.23386603745672813,0.08093659707082704,0.0064655014410118315,0.005578596877040587,1,0.03297680113016576,0.0008261109197693402
67,15,0.08983785297264188,0.2265530015926222,0.08093659707082704,0.007630692637542817,0.005570739274190693,1,0.04048330359755285,0.0010180430918267011
67,16,0.08589672605924559,0.21733870210275594,0.08093659707082704,0.008634866216897618,0.005572828645683224,1,0.04443892846968378,0.0011215382107354775
67,17,0.08941733172079616,0.21659234232453056,0.08093659707082704,0.009856974913821663,0.005566598155799558,1,0.0529407094501276,0.0013347183962500594
67,18,0.09071606970738147,0.22072273272531442,0.08093659707082704,0.010705182792387651,0.0055664414211556296,1,0.05747609543822586,0.0014586849660565794
67,19,0.09341091978039132,0.20928812026021287,0.08093659707082704,0.01177350615622819,0.005556391512196745,1,0.06671407798853697,0.001689957529938175
67,20,0.09137331473041259,0.1954509430227486,0.08093659707082704,0.012760297112947957,0.005553061115011831,1,0.07211246200758852,0.001843283812196376
67,21,0.09467876884033843,0.2062461534801275,0.08093659707082704,0.013193762018445488,0.005552799696578736,1,0.07761493415346038,0.0019313922579296816
67,22,0.09400327484487091,0.19985419918194794,0.08093659707082704,0.014626850267493769,0.005550818319898456,1,0.08840957561018219,0.0021539383021488504
67,23,0.09477772201856839,0.18829015733315932,0.08093659707082704,0.015568390215206932,0.0055439061653769104,1,0.09206232556207077,0.0023681933919729643
67,24,0.09554742687663412,0.18745418080969417,0.08093659707082704,0.016,0.005542216946470116,1,0.09821884769769976,0.0024579851589504875
67,25,0.09550693824257295,0.18700454476918016,0.08093659707082704,0.015950568965325054,0.005542065854451635,1,0.10193151689902921,0.0024517031007734494
67,26,0.10064306442203583,0.17957402106562148,0.08093659707082704,0.016,0.005529893584018855,1,0.10296736367216311,0.0026333831001084493
67,27,0.10146821228752152,0.1714798554701194,0.08093659707082704,0.016,0.005524583673745232,1,0.10865842231134376,0.002702654466249286
67,28,0.0999719754418582,0.1754804018585484,0.08093659707082704,0.015755071341183917,0.005529022111871269,1,0.10340897995944004,0.0025989488059180183
67,29,0.10042420768203739,0.1779747818333204,0.08093659707082704,0.015193003714355804,0.00552948093729204,1,0.09922227272049093,0.002503839722911622
67,30,0.10140122586136074,0.1549917130926278,0.08093659707082704,0.01502877488872078,0.005516680248577553,1,0.10717712733734638,0.0026338297328258663
67,31,0.1027684916449802,0.16550616037990107,0.08093659707082704,0.014338211210805965,0.005519512661925056,1,0.09817758162788118,0.002486045459635676
67,32,0.10483931208957777,0.1588218188207562,0.08093659707082704,0.01367891165592545,0.0055128119618150315,1,0.09629666348720986,0.002456679187707346
67,33,0.10353225597203715,0.16623455556382552,0.08093659707082704,0.012384665298677796,0.005518593802372147,1,0.08541092826459247,0.0021597333696290228
67,34,0.10777054069849328,0.15671327892560333,0.08093659707082704,0.011315656823445736,0.005506901596128918,1,0.08541409778802275,0.002099258628174921
67,35,0.10306287499827393,0.15790011122153108,0.08093659707082704,0.009965774492551377,0.005515324637995359,1,0.0703180083654243,0.001763227456607269
67,36,0.10576185106644402,0.15776079659756143,0.08093659707082704,0.008630014293229104,0.005510758622161757,1,0.06389261093674016,0.0015673832408657652
67,37,0.10680035019467803,0.1611870132354279,0.08093659707082704,0.007608910073525692,0.005510693312258107,1,0.05434419895132744,0.001384560565579113
67,38,0.1086433602882939,0.17349637399358686,0.08093659707082704,0.007204621166517358,0.005513605345803964,1,0.05090401937042519,0.00129721936151118
67,39,0.10439433341530935,0.1623270019179347,0.08093659707082704,0.006468443083090113,0.00551525750138883,1,0.04526706798634812,0.0011475285498571718
67,40,0.10743751673025462,0.16676746489782654,0.08093659707082704,0.005544744274006302,0.005512344087590257,0,0.02879189273515611,0.0007158601870850302
67,41,0.1075680142545482,0.1806526114462808,0.08093659707082704,0.004515266453956623,0.0055188763157330446,0,0.022583649064294962,0.000566019006266672
67,42,0.10584440195538956,0.17451551876546134,0.08093659707082704,0.0037822143696634373,0.005518765693956243,0,0.018654700734471806,0.0004728330702972105
67,43,0.10883897322055082,0.18335942794290508,0.08093659707082704,0.0034310423281207645,0.005518073864364455,0,0.017199998957206388,0.00043264688133192613
67,44,0.10592344261814977,0.1743875079508596,0.08093659707082704,0.0030311255042274983,0.00551857173203899,0,0.014588681414814262,0.0003793258307244216
67,45,0.105494627630835,0.18400999633770682,0.08093659707082704,0.002503079229595435,0.005523964022205899,0,0.011979535218325727,0.00030550607545002577
67,46,0.11037675949285572,0.19229984272175993,0.08093659707082704,0.002401942070581184,0.00551985692220589,0,0.012010384362497514,0.0003013659062749191
67,47,0.10305713443464302,0.19921260535862537,0.08093659707082704,0.002383580837278458,0.005535416668029165,0,0.01089277887432785,0.0002752298308304163
68,0,0.10261288246863277,0.434598786906175,0.02614821124185612,0.005253317167702098,0.005763140746580415,0,0.016069071098055287,0.00040038798981852477
68,1,0.1024801467177764,0.44441092747692246,0.02614821124185612,0.004309762566034401,0.005768131763387066,0,0.013053788718157001,0.00032387189868066405
68,2,0.10255963960546831,0.46829049322035277,0.02614821124185612,0.004006584671336991,0.005779607397477304,0,0.011584830702116163,0.00029229258323160487
68,3,0.10345754645397551,0.4603990713516255,0.02614821124185612,0.0031825825929103183,0.005774274778210271,0,0.009047390622847932,0.0002365510428971756
68,4,0.10298828215388656,0.4649991023068877,0.02614821124185612,0.002825769664776983,0.005777293011535893,0,0.008486171232716095,0.00020786710789792037
68,5,0.10421340558257014,0.46855387318297126,0.02614821124185612,0.0023781538551950264,0.005776979152775073,0,0.0069097425322182885,0.0001762330305694313
68,6,0.10372624738030761,0.4810209511339592,0.02614821124185612,0.0022487917922627714,0.00578385146822724,0,0.006288071821823333,0.0001633215295571688
68,7,0.10418475247008575,0.489729696102927,0.02614821124185612,0.0024736543023814077,0.005787320710770858,0,0.0069762895541829635,0.00017853553729156756
68,8,0.101324396032692,0.4826629564712578,0.02614821124185612,0.0026825170855511045,0.005788652750845565,0,0.007448826554153972,0.00018992665768118814
68,9,0.1042438123147813,0.4874923444982219,0.02614821124185612,0.0032449904602616327,0.005786134676221856,0,0.009273175336817388,0.00023497835321712116
68,10,0.10579837735822421,0.48338624656460255,0.02614821124185612,0.004463814176811725,0.0057815477146539425,0,0.013222048535372543,0.00032970780646243654
68,11,0.10610347926708683,0.4880471224754183,0.02614821124185612,0.005114956505588817,0.005783304915040263,0,0.015321122596313236,0.0003767403407409486
68,12,0.10581001516330957,0.4863165211069553,0.02614821124185612,0.006166992686706906,0.005782952757325777,1,0.02585001466342293,0.000635499749399206
68,13,0.10798027202063477,0.46845823722799373,0.02614821124185612,0.0071922067203342484,0.005770654552344629,1,0.030978449434876845,0.0007732330039955754
68,14,0.10620808570346996,0.4746927142872944,0.02614821124185612,0.008210873570658443,0.005776638844777063,1,0.035422080912178085,0.0008615409316773461
68,15,0.10636984232004049,0.4718304127937376,0.02614821124185612,0.008979045038825535,0.005774977853856745,1,0.03703626474861653,0.0009469419389601917
68,16,0.10891106975128631,0.4673043860677263,0.02614821124185612,0.009951845176645872,0.005768542322923969,1,0.043997763304644694,0.001080705399706369
68,17,0.11172096283466912,0.45820950763275026,0.02614821124185612,0.010892363786639166,0.0057594380463235504,1,0.04945430572256308,0.001227366005902422
68,18,0.11215428211519252,0.44174099911008435,0.02614821124185612,0.012183685791577196,0.005750710322546383,1,0.055083550119646746,0.001407696583491833
68,19,0.11322934224332519,0.4405221176932535,0.02614821124185612,0.013155094663356489,0.005748326043866313,1,0.061927122321468096,0.001536940712056262
68,20,0.11333205846420359,0.4244683386649416,0.02614821124185612,0.013871003674648979,0.005740350929803863,1,0.06621084780482119,0.0016567891558704048
68,21,0.1164002448242283,0.4139509561560448,0.02614821124185612,0.014146457085943684,0.0057301246693731095,1,0.0727728642535995,0.0017601950518567671
68,22,0.11755431404175971,0.4039849069306382,0.02614821124185612,0.014332309698418155,0.0057233566134148725,1,0.07262972503688414,0.0018257371925737129
68,23,0.11579610432598715,0.4080143065015462,0.02614821124185612,0.015656333325342896,0.005728245698843686,1,0.07551582262024427,0.001953714082775313
68,24,0.11916830785670571,0.3881053843238933,0.02614821124185612,0.015994668494405326,0.005712947411345017,1,0.08582222069912407,0.0021118176171733565
68,25,0.1197649358923605,0.3798141309519911,0.02614821124185612,0.015871139252950205,0.005707922560896474,1,0.08272190267876561,0.0021310329979326256
68,26,0.12237732806366938,0.3732172643332376,0.02614821124185612,0.016,0.005700361763782398,1,0.09040627806108062,0.002216192554034879
68,27,0.1224997469854909,0.3670560228782804,0.02614821124185612,0.015695286108866405,0.005697162684316536,1,0.08904313251186426,0.0021958057715609188
68,28,0.1259695286554616,0.35485290606866104,0.02614821124185612,0.014919538432642349,0.005685447644195242,1,0.08738888415206768,0.002185563804907973
68,29,0.1220145267237214,0.3609219295428783,0.02614821124185612,0.014128742036758393,0.005694989533825886,1,0.0781278820900451,0.0019866955069752367
68,30,0.1254655998975428,0.34132605072990574,0.02614821124185612,0.012695200136208,0.005679711970779878,1,0.07539138163033318,0.0018906457958883108
68,31,0.12698015062964393,0.3461742622137182,0.02614821124185612,0.012130972022604405,0.0056795444890310074,1,0.06948594505850271,0.0018149375961891549
68,32,0.12394809744327599,0.3486447384173858,0.02614821124185612,0.011264053160065885,0.005685798836940626,1,0.06523148166589422,0.0016388411780417654
68,33,0.1267062499610087,0.32950752563750246,0.02614821124185612,0.010432269264777949,0.005671899104309739,1,0.06446256568686108,0.0015980143483507584
68,34,0.12874633816553466,0.3497803811505504,0.02614821124185612,0.00946173658332695,0.005678353817621038,1,0.059525947336103564,0.001427453909620321
68,35,0.12983546989961958,0.33857011222282973,0.02614821124185612,0.008295182341283909,0.005671089161779922,1,0.052449000154570546,0.0012838246210721612
68,36,0.12856571618911447,0.34984529305017187,0.02614821124185612,0.0076366023266627135,0.005678686408644055,1,0.04516430881042801,0.0011503741445535699
68,37,0.129246125593397,0.34305478283182067,0.02614821124185612,0.006359086201461852,0.005674251450502997,1,0.0395834614371803,0.0009729899935378982
68,38,0.1302819813908894,0.3554636464981198,0.02614821124185612,0.00496263633902932,0.005678557110678294,0,0.020697240594827488,0.000536555155418432
68,39,0.1282149898652069,0.3568613500166121,0.02614821124185612,0.0042850038986844835,0.005682681535764809,0,0.018508141952373134,0.0004549887303512172
68,40,0.12984640252026847,0.3742530406448203,0.02614821124185612,0.003803760854667052,0.005688416808728419,0,0.015569753625852443,0.0003987029887444703
68,41,0.12875387716897732,0.37929119729670835,0.02614821124185612,0.0027687864077290416,0.0056926867882419055,0,0.011409235270878011,0.0002856933758439485
68,42,0.12912671296283998,0.3706512875709746,0.02614821124185612,0.0027146388918805778,0.005687865439135458,0,0.011456002405827318,0.0002844508099855908
68,43,0.12927230186740582,0.39313317870794284,0.02614821124185612,0.0026054419907867153,0.005698551488041653,0,0.009957579502439086,0.00026466781808486456
68,44,0.1266805649535489,0.40649571504123766,0.02614821124185612,0.002059284923371853,0.0057093667269489876,0,0.007945596780791911,0.00020122435657945797
68,45,0.12531007365923108,0.412415552730611,0.02614821124185612,0.002310038677359206,0.005714528577982963,0,0.009168235695432835,0.00022148436800757595
68,46,0.12574488127159478,0.4347454862856611,0.02614821124185612,0.0027292370988049094,0.005724658727440506,0,0.010953287471226508,0.000254855084529236
68,47,0.12458919737577856,0.44518523561667256,0.02614821124185612,0.0038434800288375216,0.005731659745413886,0,0.013849212130883476,0.0003507918359901307
69,0,0.11996267566292762,0.7686051344054357,0.027989759351427952,0.0024327092530452366,0.006077168648975418,0,0.006125505964005637,0.00015174449600047636
69,1,0.11883578208612593,0.7805237171764203,0.027989759351427952,0.0021164115087007078,0.006084840560450427,0,0.005128792398170137,0.0001294071342600736
69,2,0.1206632340846022,0.7957349647877444,0.027989759351427952,0.0014388827931750671,0.00608918916359736,0,0.0033595602695319082,8.8156979341546e-05
69,3,0.12059487375677728,0.8,0.027989759351427952,0.0010172201205045821,0.006091376378483025,0,0.002482235165284701,6.205844536019263e-05
69,4,0.11985284807615114,0.8,0.027989759351427952,0.0008796606338601422,0.006092613087950735,0,0.002155206549875889,5.3336021652135175e-05
69,5,0.11963632539229915,0.8,0.027989759351427952,0.0010856796561003815,0.006092973959090489,0,0.002643176719731965,6.570854761291392e-05
69,6,0.12214839639895858,0.8,0.027989759351427952,0.0014930594143709387,0.00608878717407939,0,0.0038028399723898576,9.226180837350205e-05
69,7,0.12389009700016702,0.8,0.027989759351427952,0.0021376654703610587,0.0060858843397440425,0,0.005337040150399407,0.0001339779837636359
69,8,0.12101495328530347,0.8,0.027989759351427952,0.0025421576470689863,0.006090676245935482,0,0.006033959286154269,0.00015563189988573195
69,9,0.1247063948029282,0.8,0.027989759351427952,0.003537617668151383,0.006084523843406108,0,0.009079278549162961,0.00022318074404830448
69,10,0.12679090413883243,0.8,0.027989759351427952,0.004900979906180847,0.0060810496611796005,0,0.012722900894274225,0.00031436061039971815
69,11,0.12346933120005567,0.8,0.027989759351427952,0.006063584915886354,0.006086585616077562,1,0.021528831455970416,0.0005302414788050038
69,12,0.12737000077269509,0.8,0.027989759351427952,0.006494160608230067,0.006080084500123163,1,0.024424522952614262,0.0005858350004227912
69,13,0.128921967318034,0.7984454547098734,0.027989759351427952,0.007673688442450243,0.006076742207476008,1,0.02884441042733592,0.0007016142506534985
69,14,0.13142593404379108,0.7906336625465032,0.027989759351427952,0.009882606362527989,0.006068771530631442,1,0.038311415294603496,0.0009273803087833572
69,15,0.13006851388919186,0.7750305083945349,0.027989759351427952,0.010754826535047935,0.006063449030954123,1,0.038484917529522995,0.0010125407859739083
69,16,0.13273924221503078,0.7655644328199704,0.027989759351427952,0.01137993750840144,0.006054396252562311,1,0.044881613689080536,0.001102597038648322
69,17,0.13517178519400663,0.7418691903805261,0.027989759351427952,0.012396692850196345,0.0060388234936337324,1,0.05113589670040668,0.0012494731002709429
69,18,0.13328909785423743,0.7228613507724724,0.027989759351427952,0.013978983630841891,0.0060327213838349885,1,0.056159743960304265,0.0014137932653649722
69,19,0.13480632032027928,0.7114166021697976,0.027989759351427952,0.014822464922201888,0.006024629260265285,1,0.06042033569915003,0.0015324268368734054
69,20,0.13339799451081533,0.700345790207423,0.027989759351427952,0.016,0.0060215948252437925,1,0.06722002887616518,0.0016540598908797903
69,21,0.13854013607902754,0.6886297420325533,0.027989759351427952,0.016,0.006007329288100656,1,0.07280734032807047,0.0017371228687352112
69,22,0.13856289264825558,0.6593936969849341,0.027989759351427952,0.016,0.005993079394142683,1,0.06929099792611726,0.001787610904525137
69,23,0.14275683361095523,0.6420031560734525,0.027989759351427952,0.016,0.005977635757372879,1,0.077647260822397,0.0018739877849266848
69,24,0.14126318249216038,0.6393606402420434,0.027989759351427952,0.015966307654272958,0.005978840619597269,1,0.07659948862723741,0.0018554198500611492
69,25,0.14453559728255133,0.6192025742020745,0.027989759351427952,0.016,0.005963587535066077,1,0.0756631977432726,0.00194203198455002
69,26,0.14430160474160889,0.6195986637806089,0.027989759351427952,0.015918868447331647,0.005964170066179436,1,0.07578074060614211,0.0019282665035926473
69,27,0.14747789397347852,0.5975302235145562,0.027989759351427952,0.015161334540817918,0.0059481485367747665,1,0.07480000536397817,0.001920799609664917
69,28,0.14902101391667147,0.5868800343606089,0.027989759351427952,0.014509352888354468,0.0059403994949196095,1,0.07728735944242901,0.0018786606032422364
69,29,0.14721185971402018,0.5802455251638715,0.027989759351427952,0.0138417500838877,0.005940189643286725,1,0.07065711924161447,0.001783168627560617
69,30,0.149690026266304,0.5795918747019817,0.027989759351427952,0.013139160984928852,0.005935741618947278,1,0.06786197632493823,0.0017223699425212688
69,31,0.1555889877284905,0.5820633870742569,0.027989759351427952,0.011558997777154904,0.005927111446135711,1,0.060352817479875566,0.0015707396329368306
69,32,0.15404152661107062,0.5719380310562214,0.027989759351427952,0.010731381405359593,0.005924768499933755,1,0.06118559156072805,0.0014597416786145396
69,33,0.15170426783227212,0.5838745560888216,0.027989759351427952,0.009333762424318747,0.005934466408678156,1,0.04912769930773159,0.0012342730385820992
69,34,0.15253734854139217,0.5807536644811667,0.027989759351427952,0.008093921830201196,0.005931560840742568,1,0.04362889729621491,0.0010798291922556253
69,35,0.15345158806899717,0.5905692217990377,0.027989759351427952,0.007071712856998917,0.005934808559670525,1,0.038166219043293176,0.0009391442055899804
69,36,0.15202153358554402,0.5955308163935693,0.027989759351427952,0.005751546074401156,0.005939603870070843,0,0.021531215009717497,0.0005376518745936075
69,37,0.1532113796896307,0.601741252824678,0.027989759351427952,0.0047033968490232244,0.005940639755384711,0,0.017445301971708616,0.0004402079803561452
69,38,0.15325656362860773,0.6204289439647309,0.027989759351427952,0.0043908730745082485,0.005949648743123942,0,0.016166318154924888,0.0004031373518020484
69,39,0.15373865234784206,0.6363230305634369,0.027989759351427952,0.0033039810144736047,0.005956571554021811,0,0.011379040936817941,0.00029939020342245273
69,40,0.15263914262220893,0.6459416706115292,0.027989759351427952,0.003035286924821879,0.005963079798032355,0,0.01113120539343726,0.00027043725321452807
69,41,0.1523584675391194,0.6559679202539815,0.027989759351427952,0.0027496309765256675,0.0059684214611914746,0,0.01013281085355276,0.00024209950396047758
69,42,0.1512662493684123,0.684081340601208,0.027989759351427952,0.0025866631160256495,0.005983908070811443,0,0.008649667501539683,0.0002199827716777062
69,43,0.153080754741147,0.699594202850545,0.027989759351427952,0.002049812862169983,0.005988424869894758,0,0.006876471381715561,0.00017381942133203775
69,44,0.1504737481370075,0.7086731940022974,0.027989759351427952,0.0019165431067424445,0.0059971832793782025,0,0.006519038084602786,0.00015838677588069847
69,45,0.14889400441681774,0.7220694091592305,0.027989759351427952,0.002729934085039427,0.00600632823461314,0,0.009553344912947929,0.00022046311535921185
69,46,0.14598136877978107,0.7328874794888791,0.027989759351427952,0.0031674279087102342,0.006016441411529558,0,0.009939079302819709,0.00024829939887915654
69,47,0.1464430385509407,0.7551482225819308,0.027989759351427952,0.0037900731183570604,0.006026493156470081,0,0.012183741591351696,0.0002920852546067522
70,0,0.12723805338437835,0.4934853467275766,0.06558288173421037,0.0019321484398663062,0.0058983788580719955,0,0.0067548259302994025,0.0001728356696650475
70,1,0.1294109022377981,0.49416795269415287,0.06558288173421037,0.0011108935791984673,0.005895089265661159,0,0.004049146458788175,0.00010098594787971494
70,2,0.12738829666765958,0.5045351759340806,0.06558288173421037,0.0012452071236465064,0.005903499897353022,0,0.004606932740147613,0.00011004958322663612
70,3,0.1276997764405528,0.5145356539568392,0.06558288173421037,0.0014978619805558965,0.005907842107881486,0,0.005365051359402507,0.0001311416441981578
70,4,0.1292775078308074,0.5085342970411949,0.06558288173421037,0.0017205601545875148,0.005902295229285957,0,0.006033598270170608,0.00015358436511319983
70,5,0.12851754467830145,0.5162738796064965,0.06558288173421037,0.002146583468458808,0.005907324131620487,0,0.0075403118277065145,0.00018875682518052807
70,6,0.12831952437805963,0.5154206882378466,0.06558288173421037,0.0028395644669512877,0.005907239419650019,0,0.010225356059761007,0.0002495581053192141
70,7,0.12955613956599266,0.520075910890774,0.06558288173421037,0.003081742378855819,0.005907441349793082,0,0.01079931567668885,0.00027196648987637813
70,8,0.1321811011166509,0.5159557375795919,0.06558288173421037,0.003963599382678121,0.005901063551849049,0,0.014637480125193865,0.0003586027640781914
70,9,0.13369522214158003,0.5194038908213054,0.06558288173421037,0.0050913651470824925,0.005900216202411111,0,0.018747720711863355,0.0004640362179830345
70,10,0.13379103339477974,0.5029650391168713,0.06558288173421037,0.0058104537186134024,0.005892065408521678,0,0.022139395551131702,0.0005403403163644244
70,11,0.1362682602491995,0.5116265711232211,0.06558288173421037,0.0065846625449675,0.005892147164045176,1,0.03346963419780442,0.0008642167988015311
70,12,0.13522099005353072,0.5026881240572973,0.06558288173421037,0.007222839240790297,0.005889547535936467,1,0.037819546196175065,0.0009507229627419687
70,13,0.13555407432887856,0.48640274837049124,0.06558288173421037,0.008910973713618712,0.005881075893407578,1,0.0488870425762539,0.0011991640672435165
70,14,0.13802924229629154,0.47992477521998955,0.06558288173421037,0.010162326093993413,0.005873801598735952,1,0.05711531196678744,0.0014036382892903658
70,15,0.13916996280628585,0.47648700240473024,0.06558288173421037,0.011538062003369686,0.005870229258322988,1,0.06554409183313682,0.0016136635082939635
70,16,0.14392375079535702,0.45764888400860065,0.06558288173421037,0.012831515155196897,0.005853148859676418,1,0.07291185622451833,0.001900240511792043
70,17,0.14436213262086164,0.444836795291494,0.06558288173421037,0.014104177594357508,0.00584619012461865,1,0.08418986667858094,0.0021298105950908457
70,18,0.14528822931556695,0.4424842068591139,0.06558288173421037,0.01504195203750338,0.005843503010750623,1,0.09010859450985645,0.0022929820641004123
70,19,0.14676848546519083,0.43226453735178666,0.06558288173421037,0.015739007992981304,0.005836068022268521,1,0.09144867944894536,0.002456355594784048
70,20,0.14604297871197244,0.42188930512295547,0.06558288173421037,0.016,0.005832233684523759,1,0.09796283072708313,0.0025192898025230685
70,21,0.14756234794107992,0.4172733169165962,0.06558288173421037,0.016,0.005827457519319378,1,0.09785760308134227,0.002561366557456521
70,22,0.15262548316649835,0.3922073011498736,0.06558288173421037,0.016,0.005806834091834857,1,0.11303511492754871,0.0027423676427983127
70,23,0.15263937416890092,0.40315644774391657,0.06558288173421037,0.01573972812458477,0.005812133441980735,1,0.10584088970343258,0.0026571460559925916
70,24,0.15577337957256568,0.38222393257418996,0.06558288173421037,0.015617806510499349,0.005796734571433787,1,0.11095644147777406,0.0027710108635061897
70,25,0.15444835430448908,0.3687987000597765,0.06558288173421037,0.015125782855858964,0.0057924167921860744,1,0.11228928251372525,0.002713026125806232
70,26,0.15926408536957146,0.37162649698061645,0.06558288173421037,0.01501581896847342,0.005785765197247457,1,0.1082373398661712,0.0027658500411042878
70,27,0.15809900861370796,0.3665737803387434,0.06558288173421037,0.014083831001151589,0.005785250810139653,1,0.1042383533938906,0.0025942873435704297
70,28,0.15984218000332892,0.35522537064267534,0.06558288173421037,0.013204171894896465,0.005776828936443584,1,0.09718432245100507,0.0025007738247704863
70,29,0.15904365199341017,0.36565391893813776,0.06558288173421037,0.012122401700181987,0.005783229249659298,1,0.09155457144303103,0.0022493645352861364
70,30,0.1581945245981454,0.3645310585494306,0.06558288173421037,0.01095410763101257,0.005784098627073563,1,0.0782745171612655,0.0020250731879582437
70,31,0.16112746088318286,0.3572467825008347,0.06558288173421037,0.010024598317029487,0.005775669432408211,1,0.07612613148886302,0.0019080813943244482
70,32,0.16349189684526716,0.3699317616788912,0.06558288173421037,0.0090680716184987,0.005777895015127404,1,0.07054897826290513,0.0017188790162517287
70,33,0.15911628100702555,0.3587486856357127,0.06558288173421037,0.007869706058164632,0.005779751490670149,1,0.06085822380836576,0.0014759173276047987
70,34,0.16296841983247434,0.3622236028208444,0.06558288173421037,0.006507751485992455,0.005775020455148285,1,0.047759618084568155,0.0012436133103354763
70,35,0.16308142072355936,0.37669314948506233,0.06558288173421037,0.005817720424816984,0.0057818659277360275,0,0.031641598696694556,0.0007780424072492395
70,36,0.1604938818689426,0.37762989961682636,0.06558288173421037,0.005014670812633722,0.0057866338571411075,1,0.034851576495174216,0.0009227593965663906
70,37,0.16404358869133492,0.38586163844267485,0.06558288173421037,0.003849481362704759,0.0057847192188107965,0,0.020153755819594058,0.0005111014621267738
70,38,0.1629100760477231,0.39276552263543735,0.06558288173421037,0.0031687494348407188,0.005789964461366075,0,0.017116118000820583,0.00041375736646565107
70,39,0.16334132386485845,0.3999638781972726,0.06558288173421037,0.0027858412469303545,0.00579274491562452,0,0.014815674261286715,0.0003610740586152551
70,40,0.1586920347834358,0.4112764752012938,0.06558288173421037,0.0024712540956872476,0.005805992909859402,0,0.01223887529524881,0.0003063767698857399
70,41,0.16020253595866424,0.4149562878609957,0.06558288173421037,0.0029830793314345456,0.005805264205721376,0,0.01478144041048667,0.00037148759085462775
70,42,0.16114560674109635,0.4410334043225705,0.06558288173421037,0.0023282113324594998,0.005816368797141699,0,0.011014205764563032,0.00028170785778091744
70,43,0.15696209936278485,0.43767195851905727,0.06558288173421037,0.002082564285315212,0.005821707273284399,0,0.009407415373166183,0.0002465234785368418
70,44,0.1568371788908712,0.44604897715839276,0.06558288173421037,0.0021247157179948933,0.005825987635909488,0,0.009874770101493043,0.00024858806141173426
70,45,0.15411947738434031,0.46818517475350946,0.06558288173421037,0.0022404581283030447,0.00584127779002911,0,0.009973527454960069,0.00025043212595688254
70,46,0.1567851617994223,0.47455891841593345,0.06558288173421037,0.002866704499461623,0.0058399333302843175,0,0.0122559143100479,0.0003233942916478136
70,47,0.15251808941102066,0.4837065006955453,0.06558288173421037,0.0037467454402931436,0.005851491858984243,0,0.016634771376694554,0.0004065562130684806
71,0,0.11935894742109404,0.6426134218136865,0.045021631951494,0.007684747641419817,0.0059566088331158085,1,0.029290235360023092,0.000758401976972192
71,1,0.12122900247882369,0.6622099947748884,0.045021631951494,0.006859527001390919,0.005963018186542398,1,0.02715304044139295,0.0006742648293022267
71,2,0.11789675301279988,0.6580882876120481,0.045021631951494,0.00631226678187922,0.005966568328003835,1,0.02406382269893839,0.0006058802161231616
71,3,0.12157638250976334,0.6755902610705938,0.045021631951494,0.005418803700336608,0.0059689435159401335,0,0.014370834901283281,0.00037658444034651637
71,4,0.12388721479287576,0.6654023483568773,0.045021631951494,0.005202830038787174,0.005960139671232444,0,0.015056446769625862,0.0003721367081066454
71,5,0.1210308521955855,0.6754601144501957,0.045021631951494,0.00557492730713341,0.005969789467412181,1,0.021974457110103516,0.0005400426391080106
71,6,0.12805622315199916,0.6638186669901441,0.045021631951494,0.0058980835912075015,0.0059524214788584115,1,0.025156840241308077,0.000611438525482815
71,7,0.12424424549366869,0.6613568871622726,0.045021631951494,0.006294233677288221,0.00595757807642819,1,0.02554277429249881,0.0006346212601760423
71,8,0.12388147777703261,0.6569328566336636,0.045021631951494,0.007221561371713355,0.0059560321188933995,1,0.02905705888317915,0.0007291797324876638
71,9,0.12419947589911139,0.6593095034712132,0.045021631951494,0.007768027744766911,0.005956657436458188,1,0.031161275955067656,0.0007845216501076709
71,10,0.12840423861828779,0.6469878509587195,0.045021631951494,0.008427423082099383,0.005943659806399321,1,0.03470635466613942,0.0008907981174032744
71,11,0.12757990417360573,0.6471677802652258,0.045021631951494,0.009418056711485039,0.005945121162775565,1,0.04056205754587802,0.0009889409257495558
71,12,0.12902539580005504,0.629245062324865,0.045021631951494,0.010451764460008024,0.005933999577732696,1,0.04436467119934846,0.0011302464877909284
71,13,0.13149466201197155,0.6130024782191864,0.045021631951494,0.011568188202395878,0.005921988433439241,1,0.05143044467634389,0.0012964683127996291
71,14,0.13699496960269408,0.5998677122826283,0.045021631951494,0.01274188186160198,0.005906436298457766,1,0.06085542490045541,0.0015083881544544404
71,15,0.13521638227525098,0.5996850740441548,0.045021631951494,0.013970927660263336,0.005909311828193135,1,0.06404610343055633,0.0016327261878394475
71,16,0.13644905339224533,0.5817904245667054,0.045021631951494,0.014631018591067104,0.005898558588391051,1,0.06871894813267732,0.0017587756169616755
71,17,0.13771428624244386,0.5645026748600479,0.045021631951494,0.015442742463802896,0.00588804609975554,1,0.07615849830434024,0.001909254147094915
71,18,0.14259006865219057,0.5554810595129397,0.045021631951494,0.01577582335124468,0.005875534288278895,1,0.07711882553983734,0.0020397983206906496
71,19,0.13956647822147727,0.5383263648473599,0.045021631951494,0.016,0.00587223451797876,1,0.08262174614707606,0.002064458294970312
71,20,0.1401479306373455,0.5283744555260832,0.045021631951494,0.015770254353335587,0.0058664276969211376,1,0.08222072704396878,0.002066747180073542
71,21,0.14478653832068394,0.5228175708040597,0.045021631951494,0.015729643523524406,0.005855995420709034,1,0.08556652691767964,0.002143407111339331
71,22,0.14702147083356534,0.5040865116865739,0.045021631951494,0.015766474621222628,0.005843165157227676,1,0.08654397587213121,0.0022302220295911607
71,23,0.1475974355249891,0.49460988692838753,0.045021631951494,0.015961243067914896,0.005837598523484518,1,0.08913386757423028,0.0022925282947335664
71,24,0.14772451381707014,0.4834173867318497,0.045021631951494,0.015374414284810256,0.0058319459276244,1,0.08763279782456145,0.002240440511289215
71,25,0.14776276935507604,0.4860063645939089,0.045021631951494,0.015080359614508055,0.005833140699299557,1,0.08287343832730819,0.0021912054019041726
71,26,0.1504779694429949,0.4750341119287651,0.045021631951494,0.013884825131832758,0.005823281631885248,1,0.07907901454118059,0.0020825002135901618
71,27,0.14834359218648743,0.4651757881237074,0.045021631951494,0.012930675225402302,0.00582204668657419,1,0.0728689796432148,0.0019355722958994488
71,28,0.15046188034987,0.4692945710947328,0.045021631951494,0.01216323695167546,0.0058205183924683575,1,0.07455293287634929,0.0018371799409649947
71,29,0.15282089819198344,0.46365246009578537,0.045021631951494,0.011161645109133646,0.005813844003218124,1,0.06948956356804775,0.0017245008613019329
71,30,0.15084769784777852,0.4700526690486047,0.045021631951494,0.009890269958153255,0.005820243883143864,1,0.05866262789445291,0.0014962749234609654
71,31,0.1542711173205293,0.4785518656900691,0.045021631951494,0.00868696038449238,0.005818669737945546,1,0.05070631438589797,0.001329945754461971
71,32,0.15118033898315483,0.46806797864345473,0.045021631951494,0.0073311582226151485,0.005818724701193511,1,0.043363313134734544,0.001114321874314464
71,33,0.154216156600907,0.4752459362403709,0.045021631951494,0.006101524120084832,0.005817154290106869,0,0.027070715480695284,0.0006697269912661258
71,34,0.15490688956737253,0.4883185684252275,0.045021631951494,0.004866427708404927,0.00582235782025262,0,0.021350943764783283,0.000528000937357099
71,35,0.1539319808413854,0.5027102804031447,0.045021631951494,0.0034991672128587945,0.005830978639229642,0,0.014706171562102133,0.0003707756742725629
71,36,0.15384041713883922,0.5033713373338953,0.045021631951494,0.0033530260182087243,0.005831452592519668,0,0.014274331490208092,0.00035479902551640273
71,37,0.1531954839979445,0.5175235815320303,0.045021631951494,0.0031316040529249523,0.0058394070442396966,0,0.012779799758960146,0.00032450743541255137
71,38,0.1550407084808857,0.5150726888608008,0.045021631951494,0.0028268114223715082,0.005835140263941836,0,0.011797022164012154,0.00029730521733869553
71,39,0.15204211919316052,0.5523709717661046,0.045021631951494,0.0029057206169005316,0.005858269022500345,0,0.011611670871032452,0.00028714748186755624
71,40,0.15353398844484412,0.548098374230812,0.045021631951494,0.0028002832691721084,0.005853705616612327,0,0.011074374563399885,0.00028078690289969456
71,41,0.14958530373857112,0.5641300298309594,0.045021631951494,0.002512765835638232,0.005868079923706188,0,0.00910585439751531,0.00024113029343765855
71,42,0.14900879001206171,0.5828941677101936,0.045021631951494,0.0029971163092446717,0.005878162235830553,0,0.010632791622693052,0.0002806954336180226
71,43,0.1479138631125577,0.5936015606137669,0.045021631951494,0.0036582630986680396,0.005885192096657852,0,0.013655222563457452,0.00033621641035244296
71,44,0.14703760563425233,0.5973669911351411,0.045021631951494,0.004479472656827133,0.005888482943402918,0,0.016188590389593405,0.0004076170112173323
71,45,0.14552395388617126,0.6217080080463513,0.045021631951494,0.00506468947013927,0.0059028381350926685,0,0.017101863187094443,0.00044466118615152557
71,46,0.14406584484776824,0.6409733860397551,0.045021631951494,0.005806820585155881,0.00591463343112569,0,0.01897121588143474,0.0004948853689767723
71,47,0.1458153615279957,0.6402995496498983,0.045021631951494,0.006404645692537781,0.005911390010635797,0,0.02296818623083764,0.000552839523782269
