density,temperature,carrier_fraction,relative_drift,pressure,energy_density,enthalpy_per_particle,mobility_00,mobility_01,mobility_11,drift_energy
0.06,0.08,0.025,0.0,0.004799999999999873,0.06786517624103393,1.2110862706838967,0.017749499468259055,0.014828598076945868,0.05612595642877539,0.0
0.06,0.08,0.025,0.0016,0.004799999999999873,0.06786517624103393,1.2110862706838967,0.017749499468259055,0.014828598076945868,0.05612595642877539,0.00028107878979530715
0.06,0.08,0.025,0.0032,0.004799999999999873,0.06786517624103393,1.2110862706838967,0.017749499468259055,0.014828598076945868,0.05612595642877539,0.001129703250998391
0.06,0.08,0.025,0.0048000000000000004,0.004799999999999873,0.06786517624103393,1.2110862706838967,0.017749499468259055,0.014828598076945868,0.05612595642877539,0.0025620376590607397
0.06,0.08,0.025,0.0064,0.004799999999999873,0.06786517624103393,1.2110862706838967,0.017749499468259055,0.014828598076945868,0.05612595642877539,0.004605022473068164
0.06,0.08,0.025,0.008,0.004799999999999873,0.06786517624103393,1.2110862706838967,0.017749499468259055,0.014828598076945868,0.05612595642877539,0.0072963743357408
0.06,0.08,0.025,0.009600000000000001,0.004799999999999873,0.06786517624103393,1.2110862706838967,0.017749499468259055,0.014828598076945868,0.05612595642877539,0.010684586073433117
0.06,0.08,0.025,0.0112,0.004799999999999873,0.06786517624103393,1.2110862706838967,0.017749499468259055,0.014828598076945868,0.05612595642877539,0.014828926696133886
0.06,0.08,0.025,0.0128,0.004799999999999873,0.06786517624103393,1.2110862706838967,0.017749499468259055,0.014828598076945868,0.05612595642877539,0.019799441397466238
0.06,0.08,0.025,0.014400000000000001,0.004799999999999873,0.06786517624103393,1.2110862706838967,0.017749499468259055,0.014828598076945868,0.05612595642877539,0.025676951554687598
0.06,0.08,0.025,0.016,0.004799999999999873,0.06786517624103393,1.2110862706838967,0.017749499468259055,0.014828598076945868,0.05612595642877539,0.032553054728689725
0.06,0.08,0.04666666666666667,0.0,0.004799999999999873,0.06786517624103393,1.2110862706838967,0.01793941180824866,0.014987257974065455,0.05672648106546188,0.0
0.06,0.08,0.04666666666666667,0.0016,0.004799999999999873,0.06786517624103393,1.2110862706838967,0.01793941180824866,0.014987257974065455,0.05672648106546188,0.00028408621717583316
0.06,0.08,0.04666666666666667,0.0032,0.004799999999999873,0.06786517624103393,1.2110862706838967,0.01793941180824866,0.014987257974065455,0.05672648106546188,0.001141790610885617
0.06,0.08,0.04666666666666667,0.0048000000000000004,0.004799999999999873,0.06786517624103393,1.2110862706838967,0.01793941180824866,0.014987257974065455,0.05672648106546188,0.0025894504076762045
0.06,0.08,0.04666666666666667,0.0064,0.004799999999999873,0.06786517624103393,1.2110862706838967,0.01793941180824866,0.014987257974065455,0.05672648106546188,0.004654294318459017
0.06,0.08,0.04666666666666667,0.008,0.004799999999999873,0.06786517624103393,1.2110862706838967,0.01793941180824866,0.014987257974065455,0.05672648106546188,0.007374442538510045
0.06,0.08,0.04666666666666667,0.009600000000000001,0.004799999999999873,0.06786517624103393,1.2110862706838967,0.01793941180824866,0.014987257974065455,0.05672648106546188,0.01079890674746985
0.06,0.08,0.04666666666666667,0.0112,0.004799999999999873,0.06786517624103393,1.2110862706838967,0.01793941180824866,0.014987257974065455,0.05672648106546188,0.014987590109343552
0.06,0.08,0.04666666666666667,0.0128,0.004799999999999873,0.06786517624103393,1.2110862706838967,0.01793941180824866,0.014987257974065455,0.05672648106546188,0.02001128727250086
0.06,0.08,0.04666666666666667,0.014400000000000001,0.004799999999999873,0.06786517624103393,1.2110862706838967,0.01793941180824866,0.014987257974065455,0.05672648106546188,0.025951684369676025
0.06,0.08,0.04666666666666667,0.016,0.004799999999999873,0.06786517624103393,1.2110862706838967,0.01793941180824866,0.014987257974065455,0.05672648106546188,0.03290135901796789
0.06,0.08,0.06833333333333333,0.0,0.004799999999999873,0.06786517624103393,1.2110862706838967,0.018129324148238264,0.01514591787118504,0.05732700570214836,0.0
0.06,0.08,0.06833333333333333,0.0016,0.004799999999999873,0.06786517624103393,1.2110862706838967,0.018129324148238264,0.01514591787118504,0.05732700570214836,0.00028709364455635906
0.06,0.08,0.06833333333333333,0.0032,0.004799999999999873,0.06786517624103393,1.2110862706838967,0.018129324148238264,0.01514591787118504,0.05732700570214836,0.0011538779707728425
0.06,0.08,0.06833333333333333,0.0048000000000000004,0.004799999999999873,0.06786517624103393,1.2110862706838967,0.018129324148238264,0.01514591787118504,0.05732700570214836,0.002616863156291669
0.06,0.08,0.06833333333333333,0.0064,0.004799999999999873,0.06786517624103393,1.2110862706838967,0.018129324148238264,0.01514591787118504,0.05732700570214836,0.00470356616384987
0.06,0.08,0.06833333333333333,0.008,0.004799999999999873,0.06786517624103393,1.2110862706838967,0.018129324148238264,0.01514591787118504,0.05732700570214836,0.007452510741279287
0.06,0.08,0.06833333333333333,0.009600000000000001,0.004799999999999873,0.06786517624103393,1.2110862706838967,0.018129324148238264,0.01514591787118504,0.05732700570214836,0.010913227421506582
0.06,0.08,0.06833333333333333,0.0112,0.004799999999999873,0.06786517624103393,1.2110862706838967,0.018129324148238264,0.01514591787118504,0.05732700570214836,0.015146253522553211
0.06,0.08,0.06833333333333333,0.0128,0.004799999999999873,0.06786517624103393,1.2110862706838967,0.018129324148238264,0.01514591787118504,0.05732700570214836,0.020223133147535478
0.06,0.08,0.06833333333333333,0.014400000000000001,0.004799999999999873,0.06786517624103393,1.2110862706838967,0.018129324148238264,0.01514591787118504,0.05732700570214836,0.026226417184664452
0.06,0.08,0.06833333333333333,0.016,0.004799999999999873,0.06786517624103393,1.2110862706838967,0.018129324148238264,0.01514591787118504,0.05732700570214836,0.03324966330724605
0.06,0.08,0.09,0.0,0.004799999999999873,0.06786517624103393,1.2110862706838967,0.018319236488227864,0.015304577768304625,0.05792753033883484,0.0
0.06,0.08,0.09,0.0016,0.004799999999999873,0.06786517624103393,1.2110862706838967,0.018319236488227864,0.015304577768304625,0.05792753033883484,0.0002901010719368849
0.06,0.08,0.09,0.0032,0.004799999999999873,0.06786517624103393,1.2110862706838967,0.018319236488227864,0.015304577768304625,0.05792753033883484,0.0011659653306600678
0.06,0.08,0.09,0.0048000000000000004,0.004799999999999873,0.06786517624103393,1.2110862706838967,0.018319236488227864,0.015304577768304625,0.05792753033883484,0.0026442759049071334
0.06,0.08,0.09,0.0064,0.004799999999999873,0.06786517624103393,1.2110862706838967,0.018319236488227864,0.015304577768304625,0.05792753033883484,0.004752838009240722
0.06,0.08,0.09,0.008,0.004799999999999873,0.06786517624103393,1.2110862706838967,0.018319236488227864,0.015304577768304625,0.05792753033883484,0.007530578944048529
0.06,0.08,0.09,0.009600000000000001,0.004799999999999873,0.06786517624103393,1.2110862706838967,0.018319236488227864,0.015304577768304625,0.05792753033883484,0.011027548095543314
0.06,0.08,0.09,0.0112,0.004799999999999873,0.06786517624103393,1.2110862706838967,0.018319236488227864,0.015304577768304625,0.05792753033883484,0.015304916935762873
0.06,0.08,0.09,0.0128,0.004799999999999873,0.06786517624103393,1.2110862706838967,0.018319236488227864,0.015304577768304625,0.05792753033883484,0.02043497902257009
0.06,0.08,0.09,0.014400000000000001,0.004799999999999873,0.06786517624103393,1.2110862706838967,0.018319236488227864,0.015304577768304625,0.05792753033883484,0.026501149999652876
0.06,0.08,0.09,0.016,0.004799999999999873,0.06786517624103393,1.2110862706838967,0.018319236488227864,0.015304577768304625,0.05792753033883484,0.033597967596524204
0.08,0.08,0.025,0.0,0.00639999999999983,0.09048690165471192,1.2110862706838967,0.023665999291012076,0.019771464102594494,0.07483460857170052,0.0
0.08,0.08,0.025,0.0016,0.00639999999999983,0.09048690165471192,1.2110862706838967,0.023665999291012076,0.019771464102594494,0.07483460857170052,0.00037477171972707626
0.08,0.08,0.025,0.0032,0.00639999999999983,0.09048690165471192,1.2110862706838967,0.023665999291012076,0.019771464102594494,0.07483460857170052,0.0015062710013311884
0.08,0.08,0.025,0.0048000000000000004,0.00639999999999983,0.09048690165471192,1.2110862706838967,0.023665999291012076,0.019771464102594494,0.07483460857170052,0.0034160502120809864
0.08,0.08,0.025,0.0064,0.00639999999999983,0.09048690165471192,1.2110862706838967,0.023665999291012076,0.019771464102594494,0.07483460857170052,0.006140029964090885
0.08,0.08,0.025,0.008,0.00639999999999983,0.09048690165471192,1.2110862706838967,0.023665999291012076,0.019771464102594494,0.07483460857170052,0.009728499114321068
0.08,0.08,0.025,0.009600000000000001,0.00639999999999983,0.09048690165471192,1.2110862706838967,0.023665999291012076,0.019771464102594494,0.07483460857170052,0.014246114764577489
0.08,0.08,0.025,0.0112,0.00639999999999983,0.09048690165471192,1.2110862706838967,0.023665999291012076,0.019771464102594494,0.07483460857170052,0.019771902261511848
0.08,0.08,0.025,0.0128,0.00639999999999983,0.09048690165471192,1.2110862706838967,0.023665999291012076,0.019771464102594494,0.07483460857170052,0.026399255196621653
0.08,0.08,0.025,0.014400000000000001,0.00639999999999983,0.09048690165471192,1.2110862706838967,0.023665999291012076,0.019771464102594494,0.07483460857170052,0.034235935406250126
0.08,0.08,0.025,0.016,0.00639999999999983,0.09048690165471192,1.2110862706838967,0.023665999291012076,0.019771464102594494,0.07483460857170052,0.0434040729715863
0.08,0.08,0.04666666666666667,0.0,0.00639999999999983,0.09048690165471192,1.2110862706838967,0.023919215744331552,0.019983010632087277,0.07563530808728251,0.0
0.08,0.08,0.04666666666666667,0.0016,0.00639999999999983,0.09048690165471192,1.2110862706838967,0.023919215744331552,0.019983010632087277,0.07563530808728251,0.00037878162290111086
0.08,0.08,0.04666666666666667,0.0032,0.00639999999999983,0.09048690165471192,1.2110862706838967,0.023919215744331552,0.019983010632087277,0.07563530808728251,0.0015223874811808227
0.08,0.08,0.04666666666666667,0.0048000000000000004,0.00639999999999983,0.09048690165471192,1.2110862706838967,0.023919215744331552,0.019983010632087277,0.07563530808728251,0.003452600543568273
0.08,0.08,0.04666666666666667,0.0064,0.00639999999999983,0.09048690165471192,1.2110862706838967,0.023919215744331552,0.019983010632087277,0.07563530808728251,0.006205725757945356
0.08,0.08,0.04666666666666667,0.008,0.00639999999999983,0.09048690165471192,1.2110862706838967,0.023919215744331552,0.019983010632087277,0.07563530808728251,0.009832590051346726
0.08,0.08,0.04666666666666667,0.009600000000000001,0.00639999999999983,0.09048690165471192,1.2110862706838967,0.023919215744331552,0.019983010632087277,0.07563530808728251,0.014398542329959801
0.08,0.08,0.04666666666666667,0.0112,0.00639999999999983,0.09048690165471192,1.2110862706838967,0.023919215744331552,0.019983010632087277,0.07563530808728251,0.019983453479124735
0.08,0.08,0.04666666666666667,0.0128,0.00639999999999983,0.09048690165471192,1.2110862706838967,0.023919215744331552,0.019983010632087277,0.07563530808728251,0.02668171636333448
0.08,0.08,0.04666666666666667,0.014400000000000001,0.00639999999999983,0.09048690165471192,1.2110862706838967,0.023919215744331552,0.019983010632087277,0.07563530808728251,0.0346022458262347
0.08,0.08,0.04666666666666667,0.016,0.00639999999999983,0.09048690165471192,1.2110862706838967,0.023919215744331552,0.019983010632087277,0.07563530808728251,0.04386847869062386
0.08,0.08,0.06833333333333333,0.0,0.00639999999999983,0.09048690165471192,1.2110862706838967,0.024172432197651018,0.020194557161580057,0.07643600760286448,0.0
0.08,0.08,0.06833333333333333,0.0016,0.00639999999999983,0.09048690165471192,1.2110862706838967,0.024172432197651018,0.020194557161580057,0.07643600760286448,0.00038279152607514536
0.08,0.08,0.06833333333333333,0.0032,0.00639999999999983,0.09048690165471192,1.2110862706838967,0.024172432197651018,0.020194557161580057,0.07643600760286448,0.0015385039610304565
0.08,0.08,0.06833333333333333,0.0048000000000000004,0.00639999999999983,0.09048690165471192,1.2110862706838967,0.024172432197651018,0.020194557161580057,0.07643600760286448,0.0034891508750555587
0.08,0.08,0.06833333333333333,0.0064,0.00639999999999983,0.09048690165471192,1.2110862706838967,0.024172432197651018,0.020194557161580057,0.07643600760286448,0.0062714215517998256
0.08,0.08,0.06833333333333333,0.008,0.00639999999999983,0.09048690165471192,1.2110862706838967,0.024172432197651018,0.020194557161580057,0.07643600760286448,0.009936680988372382
0.08,0.08,0.06833333333333333,0.009600000000000001,0.00639999999999983,0.09048690165471192,1.2110862706838967,0.024172432197651018,0.020194557161580057,0.07643600760286448,0.01455096989534211
0.08,0.08,0.06833333333333333,0.0112,0.00639999999999983,0.09048690165471192,1.2110862706838967,0.024172432197651018,0.020194557161580057,0.07643600760286448,0.020195004696737618
0.08,0.08,0.06833333333333333,0.0128,0.00639999999999983,0.09048690165471192,1.2110862706838967,0.024172432197651018,0.020194557161580057,0.07643600760286448,0.0269641775300473
0.08,0.08,0.06833333333333333,0.014400000000000001,0.00639999999999983,0.09048690165471192,1.2110862706838967,0.024172432197651018,0.020194557161580057,0.07643600760286448,0.034968556246219265
0.08,0.08,0.06833333333333333,0.016,0.00639999999999983,0.09048690165471192,1.2110862706838967,0.024172432197651018,0.020194557161580057,0.07643600760286448,0.0443328844096614
0.08,0.08,0.09,0.0,0.00639999999999983,0.09048690165471192,1.2110862706838967,0.024425648650970487,0.020406103691072836,0.07723670711844646,0.0
0.08,0.08,0.09,0.0016,0.00639999999999983,0.09048690165471192,1.2110862706838967,0.024425648650970487,0.020406103691072836,0.07723670711844646,0.00038680142924917997
0.08,0.08,0.09,0.0032,0.00639999999999983,0.09048690165471192,1.2110862706838967,0.024425648650970487,0.020406103691072836,0.07723670711844646,0.0015546204408800907
0.08,0.08,0.09,0.0048000000000000004,0.00639999999999983,0.09048690165471192,1.2110862706838967,0.024425648650970487,0.020406103691072836,0.07723670711844646,0.0035257012065428453
0.08,0.08,0.09,0.0064,0.00639999999999983,0.09048690165471192,1.2110862706838967,0.024425648650970487,0.020406103691072836,0.07723670711844646,0.006337117345654297
0.08,0.08,0.09,0.008,0.00639999999999983,0.09048690165471192,1.2110862706838967,0.024425648650970487,0.020406103691072836,0.07723670711844646,0.01004077192539804
0.08,0.08,0.09,0.009600000000000001,0.00639999999999983,0.09048690165471192,1.2110862706838967,0.024425648650970487,0.020406103691072836,0.07723670711844646,0.01470339746072442
0.08,0.08,0.09,0.0112,0.00639999999999983,0.09048690165471192,1.2110862706838967,0.024425648650970487,0.020406103691072836,0.07723670711844646,0.020406555914350498
0.08,0.08,0.09,0.0128,0.00639999999999983,0.09048690165471192,1.2110862706838967,0.024425648650970487,0.020406103691072836,0.07723670711844646,0.02724663869676013
0.08,0.08,0.09,0.014400000000000001,0.00639999999999983,0.09048690165471192,1.2110862706838967,0.024425648650970487,0.020406103691072836,0.07723670711844646,0.035334866666203835
0.08,0.08,0.09,0.016,0.00639999999999983,0.09048690165471192,1.2110862706838967,0.024425648650970487,0.020406103691072836,0.07723670711844646,0.04479729012869895
0.1,0.08,0.025,0.0,0.007999999999999789,0.1131086270683899,1.2110862706838967,0.029582499113765093,0.024714330128243114,0.09354326071462565,0.0
0.1,0.08,0.025,0.0016,0.007999999999999789,0.1131086270683899,1.2110862706838967,0.029582499113765093,0.024714330128243114,0.09354326071462565,0.00046846464965884536
0.1,0.08,0.025,0.0032,0.007999999999999789,0.1131086270683899,1.2110862706838967,0.029582499113765093,0.024714330128243114,0.09354326071462565,0.0018828387516639856
0.1,0.08,0.025,0.0048000000000000004,0.007999999999999789,0.1131086270683899,1.2110862706838967,0.029582499113765093,0.024714330128243114,0.09354326071462565,0.004270062765101233
0.1,0.08,0.025,0.0064,0.007999999999999789,0.1131086270683899,1.2110862706838967,0.029582499113765093,0.024714330128243114,0.09354326071462565,0.007675037455113607
0.1,0.08,0.025,0.008,0.007999999999999789,0.1131086270683899,1.2110862706838967,0.029582499113765093,0.024714330128243114,0.09354326071462565,0.012160623892901335
0.1,0.08,0.025,0.009600000000000001,0.007999999999999789,0.1131086270683899,1.2110862706838967,0.029582499113765093,0.024714330128243114,0.09354326071462565,0.01780764345572186
0.1,0.08,0.025,0.0112,0.007999999999999789,0.1131086270683899,1.2110862706838967,0.029582499113765093,0.024714330128243114,0.09354326071462565,0.02471487782688981
0.1,0.08,0.025,0.0128,0.007999999999999789,0.1131086270683899,1.2110862706838967,0.029582499113765093,0.024714330128243114,0.09354326071462565,0.03299906899577707
0.1,0.08,0.025,0.014400000000000001,0.007999999999999789,0.1131086270683899,1.2110862706838967,0.029582499113765093,0.024714330128243114,0.09354326071462565,0.04279491925781266
0.1,0.08,0.025,0.016,0.007999999999999789,0.1131086270683899,1.2110862706838967,0.029582499113765093,0.024714330128243114,0.09354326071462565,0.05425509121448288
0.1,0.08,0.04666666666666667,0.0,0.007999999999999789,0.1131086270683899,1.2110862706838967,0.029899019680414436,0.024978763290109094,0.09454413510910313,0.0
0.1,0.08,0.04666666666666667,0.0016,0.007999999999999789,0.1131086270683899,1.2110862706838967,0.029899019680414436,0.024978763290109094,0.09454413510910313,0.00047347702862638857
0.1,0.08,0.04666666666666667,0.0032,0.007999999999999789,0.1131086270683899,1.2110862706838967,0.029899019680414436,0.024978763290109094,0.09454413510910313,0.0019029843514760281
0.1,0.08,0.04666666666666667,0.0048000000000000004,0.007999999999999789,0.1131086270683899,1.2110862706838967,0.029899019680414436,0.024978763290109094,0.09454413510910313,0.004315750679460341
0.1,0.08,0.04666666666666667,0.0064,0.007999999999999789,0.1131086270683899,1.2110862706838967,0.029899019680414436,0.024978763290109094,0.09454413510910313,0.007757157197431695
0.1,0.08,0.04666666666666667,0.008,0.007999999999999789,0.1131086270683899,1.2110862706838967,0.029899019680414436,0.024978763290109094,0.09454413510910313,0.012290737564183408
0.1,0.08,0.04666666666666667,0.009600000000000001,0.007999999999999789,0.1131086270683899,1.2110862706838967,0.029899019680414436,0.024978763290109094,0.09454413510910313,0.017998177912449752
0.1,0.08,0.04666666666666667,0.0112,0.007999999999999789,0.1131086270683899,1.2110862706838967,0.029899019680414436,0.024978763290109094,0.09454413510910313,0.024979316848905916
0.1,0.08,0.04666666666666667,0.0128,0.007999999999999789,0.1131086270683899,1.2110862706838967,0.029899019680414436,0.024978763290109094,0.09454413510910313,0.0333521454541681
0.1,0.08,0.04666666666666667,0.014400000000000001,0.007999999999999789,0.1131086270683899,1.2110862706838967,0.029899019680414436,0.024978763290109094,0.09454413510910313,0.043252807282793376
0.1,0.08,0.04666666666666667,0.016,0.007999999999999789,0.1131086270683899,1.2110862706838967,0.029899019680414436,0.024978763290109094,0.09454413510910313,0.054835598363279815
0.1,0.08,0.06833333333333333,0.0,0.007999999999999789,0.1131086270683899,1.2110862706838967,0.03021554024706377,0.025243196451975067,0.09554500950358061,0.0
0.1,0.08,0.06833333333333333,0.0016,0.007999999999999789,0.1131086270683899,1.2110862706838967,0.03021554024706377,0.025243196451975067,0.09554500950358061,0.0004784894075939318
0.1,0.08,0.06833333333333333,0.0032,0.007999999999999789,0.1131086270683899,1.2110862706838967,0.03021554024706377,0.025243196451975067,0.09554500950358061,0.0019231299512880709
0.1,0.08,0.06833333333333333,0.0048000000000000004,0.007999999999999789,0.1131086270683899,1.2110862706838967,0.03021554024706377,0.025243196451975067,0.09554500950358061,0.004361438593819449
0.1,0.08,0.06833333333333333,0.0064,0.007999999999999789,0.1131086270683899,1.2110862706838967,0.03021554024706377,0.025243196451975067,0.09554500950358061,0.007839276939749784
0.1,0.08,0.06833333333333333,0.008,0.007999999999999789,0.1131086270683899,1.2110862706838967,0.03021554024706377,0.025243196451975067,0.09554500950358061,0.012420851235465479
0.1,0.08,0.06833333333333333,0.009600000000000001,0.007999999999999789,0.1131086270683899,1.2110862706838967,0.03021554024706377,0.025243196451975067,0.09554500950358061,0.01818871236917764
0.1,0.08,0.06833333333333333,0.0112,0.007999999999999789,0.1131086270683899,1.2110862706838967,0.03021554024706377,0.025243196451975067,0.09554500950358061,0.02524375587092202
0.1,0.08,0.06833333333333333,0.0128,0.007999999999999789,0.1131086270683899,1.2110862706838967,0.03021554024706377,0.025243196451975067,0.09554500950358061,0.03370522191255913
0.1,0.08,0.06833333333333333,0.014400000000000001,0.007999999999999789,0.1131086270683899,1.2110862706838967,0.03021554024706377,0.025243196451975067,0.09554500950358061,0.04371069530777409
0.1,0.08,0.06833333333333333,0.016,0.007999999999999789,0.1131086270683899,1.2110862706838967,0.03021554024706377,0.025243196451975067,0.09554500950358061,0.05541610551207675
0.1,0.08,0.09,0.0,0.007999999999999789,0.1131086270683899,1.2110862706838967,0.030532060813713107,0.02550762961384104,0.09654588389805807,0.0
0.1,0.08,0.09,0.0016,0.007999999999999789,0.1131086270683899,1.2110862706838967,0.030532060813713107,0.02550762961384104,0.09654588389805807,0.00048350178656147487
0.1,0.08,0.09,0.0032,0.007999999999999789,0.1131086270683899,1.2110862706838967,0.030532060813713107,0.02550762961384104,0.09654588389805807,0.0019432755511001132
0.1,0.08,0.09,0.0048000000000000004,0.007999999999999789,0.1131086270683899,1.2110862706838967,0.030532060813713107,0.02550762961384104,0.09654588389805807,0.0044071265081785565
0.1,0.08,0.09,0.0064,0.007999999999999789,0.1131086270683899,1.2110862706838967,0.030532060813713107,0.02550762961384104,0.09654588389805807,0.00792139668206787
0.1,0.08,0.09,0.008,0.007999999999999789,0.1131086270683899,1.2110862706838967,0.030532060813713107,0.02550762961384104,0.09654588389805807,0.01255096490674755
0.1,0.08,0.09,0.009600000000000001,0.007999999999999789,0.1131086270683899,1.2110862706838967,0.030532060813713107,0.02550762961384104,0.09654588389805807,0.018379246825905526
0.1,0.08,0.09,0.0112,0.007999999999999789,0.1131086270683899,1.2110862706838967,0.030532060813713107,0.02550762961384104,0.09654588389805807,0.025508194892938124
0.1,0.08,0.09,0.0128,0.007999999999999789,0.1131086270683899,1.2110862706838967,0.030532060813713107,0.02550762961384104,0.09654588389805807,0.03405829837095015
0.1,0.08,0.09,0.014400000000000001,0.007999999999999789,0.1131086270683899,1.2110862706838967,0.030532060813713107,0.02550762961384104,0.09654588389805807,0.04416858333275479
0.1,0.08,0.09,0.016,0.007999999999999789,0.1131086270683899,1.2110862706838967,0.030532060813713107,0.02550762961384104,0.09654588389805807,0.05599661266087368
0.12,0.08,0.025,0.0,0.009599999999999746,0.13573035248206786,1.2110862706838967,0.03549899893651811,0.029657196153891736,0.11225191285755078,0.0
0.12,0.08,0.025,0.0016,0.009599999999999746,0.13573035248206786,1.2110862706838967,0.03549899893651811,0.029657196153891736,0.11225191285755078,0.0005621575795906143
0.12,0.08,0.025,0.0032,0.009599999999999746,0.13573035248206786,1.2110862706838967,0.03549899893651811,0.029657196153891736,0.11225191285755078,0.002259406501996782
0.12,0.08,0.025,0.0048000000000000004,0.009599999999999746,0.13573035248206786,1.2110862706838967,0.03549899893651811,0.029657196153891736,0.11225191285755078,0.005124075318121479
0.12,0.08,0.025,0.0064,0.009599999999999746,0.13573035248206786,1.2110862706838967,0.03549899893651811,0.029657196153891736,0.11225191285755078,0.009210044946136328
0.12,0.08,0.025,0.008,0.009599999999999746,0.13573035248206786,1.2110862706838967,0.03549899893651811,0.029657196153891736,0.11225191285755078,0.0145927486714816
0.12,0.08,0.025,0.009600000000000001,0.009599999999999746,0.13573035248206786,1.2110862706838967,0.03549899893651811,0.029657196153891736,0.11225191285755078,0.021369172146866233
0.12,0.08,0.025,0.0112,0.009599999999999746,0.13573035248206786,1.2110862706838967,0.03549899893651811,0.029657196153891736,0.11225191285755078,0.02965785339226777
0.12,0.08,0.025,0.0128,0.009599999999999746,0.13573035248206786,1.2110862706838967,0.03549899893651811,0.029657196153891736,0.11225191285755078,0.039598882794932476
0.12,0.08,0.025,0.014400000000000001,0.009599999999999746,0.13573035248206786,1.2110862706838967,0.03549899893651811,0.029657196153891736,0.11225191285755078,0.051353903109375196
0.12,0.08,0.025,0.016,0.009599999999999746,0.13573035248206786,1.2110862706838967,0.03549899893651811,0.029657196153891736,0.11225191285755078,0.06510610945737945
0.12,0.08,0.04666666666666667,0.0,0.009599999999999746,0.13573035248206786,1.2110862706838967,0.03587882361649732,0.02997451594813091,0.11345296213092376,0.0
0.12,0.08,0.04666666666666667,0.0016,0.009599999999999746,0.13573035248206786,1.2110862706838967,0.03587882361649732,0.02997451594813091,0.11345296213092376,0.0005681724343516663
0.12,0.08,0.04666666666666667,0.0032,0.009599999999999746,0.13573035248206786,1.2110862706838967,0.03587882361649732,0.02997451594813091,0.11345296213092376,0.002283581221771234
0.12,0.08,0.04666666666666667,0.0048000000000000004,0.009599999999999746,0.13573035248206786,1.2110862706838967,0.03587882361649732,0.02997451594813091,0.11345296213092376,0.005178900815352409
0.12,0.08,0.04666666666666667,0.0064,0.009599999999999746,0.13573035248206786,1.2110862706838967,0.03587882361649732,0.02997451594813091,0.11345296213092376,0.009308588636918034
0.12,0.08,0.04666666666666667,0.008,0.009599999999999746,0.13573035248206786,1.2110862706838967,0.03587882361649732,0.02997451594813091,0.11345296213092376,0.01474888507702009
0.12,0.08,0.04666666666666667,0.009600000000000001,0.009599999999999746,0.13573035248206786,1.2110862706838967,0.03587882361649732,0.02997451594813091,0.11345296213092376,0.0215978134949397
0.12,0.08,0.04666666666666667,0.0112,0.009599999999999746,0.13573035248206786,1.2110862706838967,0.03587882361649732,0.02997451594813091,0.11345296213092376,0.029975180218687104
0.12,0.08,0.04666666666666667,0.0128,0.009599999999999746,0.13573035248206786,1.2110862706838967,0.03587882361649732,0.02997451594813091,0.11345296213092376,0.04002257454500172
0.12,0.08,0.04666666666666667,0.014400000000000001,0.009599999999999746,0.13573035248206786,1.2110862706838967,0.03587882361649732,0.02997451594813091,0.11345296213092376,0.05190336873935205
0.12,0.08,0.04666666666666667,0.016,0.009599999999999746,0.13573035248206786,1.2110862706838967,0.03587882361649732,0.02997451594813091,0.11345296213092376,0.06580271803593578
0.12,0.08,0.06833333333333333,0.0,0.009599999999999746,0.13573035248206786,1.2110862706838967,0.03625864829647653,0.03029183574237008,0.11465401140429672,0.0
0.12,0.08,0.06833333333333333,0.0016,0.009599999999999746,0.13573035248206786,1.2110862706838967,0.03625864829647653,0.03029183574237008,0.11465401140429672,0.0005741872891127181
0.12,0.08,0.06833333333333333,0.0032,0.009599999999999746,0.13573035248206786,1.2110862706838967,0.03625864829647653,0.03029183574237008,0.11465401140429672,0.002307755941545685
0.12,0.08,0.06833333333333333,0.0048000000000000004,0.009599999999999746,0.13573035248206786,1.2110862706838967,0.03625864829647653,0.03029183574237008,0.11465401140429672,0.005233726312583338
0.12,0.08,0.06833333333333333,0.0064,0.009599999999999746,0.13573035248206786,1.2110862706838967,0.03625864829647653,0.03029183574237008,0.11465401140429672,0.00940713232769974
0.12,0.08,0.06833333333333333,0.008,0.009599999999999746,0.13573035248206786,1.2110862706838967,0.03625864829647653,0.03029183574237008,0.11465401140429672,0.014905021482558574
0.12,0.08,0.06833333333333333,0.009600000000000001,0.009599999999999746,0.13573035248206786,1.2110862706838967,0.03625864829647653,0.03029183574237008,0.11465401140429672,0.021826454843013165
0.12,0.08,0.06833333333333333,0.0112,0.009599999999999746,0.13573035248206786,1.2110862706838967,0.03625864829647653,0.03029183574237008,0.11465401140429672,0.030292507045106422
0.12,0.08,0.06833333333333333,0.0128,0.009599999999999746,0.13573035248206786,1.2110862706838967,0.03625864829647653,0.03029183574237008,0.11465401140429672,0.040446266295070955
0.12,0.08,0.06833333333333333,0.014400000000000001,0.009599999999999746,0.13573035248206786,1.2110862706838967,0.03625864829647653,0.03029183574237008,0.11465401140429672,0.052452834369328905
0.12,0.08,0.06833333333333333,0.016,0.009599999999999746,0.13573035248206786,1.2110862706838967,0.03625864829647653,0.03029183574237008,0.11465401140429672,0.0664993266144921
0.12,0.08,0.09,0.0,0.009599999999999746,0.13573035248206786,1.2110862706838967,0.03663847297645573,0.03060915553660925,0.11585506067766968,0.0
0.12,0.08,0.09,0.0016,0.009599999999999746,0.13573035248206786,1.2110862706838967,0.03663847297645573,0.03060915553660925,0.11585506067766968,0.0005802021438737698
0.12,0.08,0.09,0.0032,0.009599999999999746,0.13573035248206786,1.2110862706838967,0.03663847297645573,0.03060915553660925,0.11585506067766968,0.0023319306613201357
0.12,0.08,0.09,0.0048000000000000004,0.009599999999999746,0.13573035248206786,1.2110862706838967,0.03663847297645573,0.03060915553660925,0.11585506067766968,0.005288551809814267
0.12,0.08,0.09,0.0064,0.009599999999999746,0.13573035248206786,1.2110862706838967,0.03663847297645573,0.03060915553660925,0.11585506067766968,0.009505676018481443
0.12,0.08,0.09,0.008,0.009599999999999746,0.13573035248206786,1.2110862706838967,0.03663847297645573,0.03060915553660925,0.11585506067766968,0.015061157888097058
0.12,0.08,0.09,0.009600000000000001,0.009599999999999746,0.13573035248206786,1.2110862706838967,0.03663847297645573,0.03060915553660925,0.11585506067766968,0.02205509619108663
0.12,0.08,0.09,0.0112,0.009599999999999746,0.13573035248206786,1.2110862706838967,0.03663847297645573,0.03060915553660925,0.11585506067766968,0.030609833871525747
0.12,0.08,0.09,0.0128,0.009599999999999746,0.13573035248206786,1.2110862706838967,0.03663847297645573,0.03060915553660925,0.11585506067766968,0.04086995804514018
0.12,0.08,0.09,0.014400000000000001,0.009599999999999746,0.13573035248206786,1.2110862706838967,0.03663847297645573,0.03060915553660925,0.11585506067766968,0.05300229999930575
0.12,0.08,0.09,0.016,0.009599999999999746,0.13573035248206786,1.2110862706838967,0.03663847297645573,0.03060915553660925,0.11585506067766968,0.06719593519304841
0.14,0.08,0.025,0.0,0.011199999999999703,0.15835207789574585,1.2110862706838967,0.04141549875927114,0.03460006217954037,0.13096056500047593,0.0
0.14,0.08,0.025,0.0016,0.011199999999999703,0.15835207789574585,1.2110862706838967,0.04141549875927114,0.03460006217954037,0.13096056500047593,0.0006558505095223836
0.14,0.08,0.025,0.0032,0.011199999999999703,0.15835207789574585,1.2110862706838967,0.04141549875927114,0.03460006217954037,0.13096056500047593,0.00263597425232958
0.14,0.08,0.025,0.0048000000000000004,0.011199999999999703,0.15835207789574585,1.2110862706838967,0.04141549875927114,0.03460006217954037,0.13096056500047593,0.005978087871141727
0.14,0.08,0.025,0.0064,0.011199999999999703,0.15835207789574585,1.2110862706838967,0.04141549875927114,0.03460006217954037,0.13096056500047593,0.010745052437159052
0.14,0.08,0.025,0.008,0.011199999999999703,0.15835207789574585,1.2110862706838967,0.04141549875927114,0.03460006217954037,0.13096056500047593,0.01702487345006187
0.14,0.08,0.025,0.009600000000000001,0.011199999999999703,0.15835207789574585,1.2110862706838967,0.04141549875927114,0.03460006217954037,0.13096056500047593,0.02493070083801061
0.14,0.08,0.025,0.0112,0.011199999999999703,0.15835207789574585,1.2110862706838967,0.04141549875927114,0.03460006217954037,0.13096056500047593,0.03460082895764574
0.14,0.08,0.025,0.0128,0.011199999999999703,0.15835207789574585,1.2110862706838967,0.04141549875927114,0.03460006217954037,0.13096056500047593,0.0461986965940879
0.14,0.08,0.025,0.014400000000000001,0.011199999999999703,0.15835207789574585,1.2110862706838967,0.04141549875927114,0.03460006217954037,0.13096056500047593,0.05991288696093774
0.14,0.08,0.025,0.016,0.011199999999999703,0.15835207789574585,1.2110862706838967,0.04141549875927114,0.03460006217954037,0.13096056500047593,0.07595712770027604
0.14,0.08,0.04666666666666667,0.0,0.011199999999999703,0.15835207789574585,1.2110862706838967,0.04185862755258022,0.03497026860615274,0.1323617891527444,0.0
0.14,0.08,0.04666666666666667,0.0016,0.011199999999999703,0.15835207789574585,1.2110862706838967,0.04185862755258022,0.03497026860615274,0.1323617891527444,0.0006628678400769441
0.14,0.08,0.04666666666666667,0.0032,0.011199999999999703,0.15835207789574585,1.2110862706838967,0.04185862755258022,0.03497026860615274,0.1323617891527444,0.00266417809206644
0.14,0.08,0.04666666666666667,0.0048000000000000004,0.011199999999999703,0.15835207789574585,1.2110862706838967,0.04185862755258022,0.03497026860615274,0.1323617891527444,0.006042050951244478
0.14,0.08,0.04666666666666667,0.0064,0.011199999999999703,0.15835207789574585,1.2110862706838967,0.04185862755258022,0.03497026860615274,0.1323617891527444,0.010860020076404376
0.14,0.08,0.04666666666666667,0.008,0.011199999999999703,0.15835207789574585,1.2110862706838967,0.04185862755258022,0.03497026860615274,0.1323617891527444,0.01720703258985677
0.14,0.08,0.04666666666666667,0.009600000000000001,0.011199999999999703,0.15835207789574585,1.2110862706838967,0.04185862755258022,0.03497026860615274,0.1323617891527444,0.025197449077429653
0.14,0.08,0.04666666666666667,0.0112,0.011199999999999703,0.15835207789574585,1.2110862706838967,0.04185862755258022,0.03497026860615274,0.1323617891527444,0.034971043588468295
0.14,0.08,0.04666666666666667,0.0128,0.011199999999999703,0.15835207789574585,1.2110862706838967,0.04185862755258022,0.03497026860615274,0.1323617891527444,0.046693003635835346
0.14,0.08,0.04666666666666667,0.014400000000000001,0.011199999999999703,0.15835207789574585,1.2110862706838967,0.04185862755258022,0.03497026860615274,0.1323617891527444,0.06055393019591074
0.14,0.08,0.04666666666666667,0.016,0.011199999999999703,0.15835207789574585,1.2110862706838967,0.04185862755258022,0.03497026860615274,0.1323617891527444,0.07676983770859176
0.14,0.08,0.06833333333333333,0.0,0.011199999999999703,0.15835207789574585,1.2110862706838967,0.04230175634588929,0.0353404750327651,0.13376301330501286,0.0
0.14,0.08,0.06833333333333333,0.0016,0.011199999999999703,0.15835207789574585,1.2110862706838967,0.04230175634588929,0.0353404750327651,0.13376301330501286,0.0006698851706315045
0.14,0.08,0.06833333333333333,0.0032,0.011199999999999703,0.15835207789574585,1.2110862706838967,0.04230175634588929,0.0353404750327651,0.13376301330501286,0.0026923819318032992
0.14,0.08,0.06833333333333333,0.0048000000000000004,0.011199999999999703,0.15835207789574585,1.2110862706838967,0.04230175634588929,0.0353404750327651,0.13376301330501286,0.0061060140313472285
0.14,0.08,0.06833333333333333,0.0064,0.011199999999999703,0.15835207789574585,1.2110862706838967,0.04230175634588929,0.0353404750327651,0.13376301330501286,0.010974987715649698
0.14,0.08,0.06833333333333333,0.008,0.011199999999999703,0.15835207789574585,1.2110862706838967,0.04230175634588929,0.0353404750327651,0.13376301330501286,0.01738919172965167
0.14,0.08,0.06833333333333333,0.009600000000000001,0.011199999999999703,0.15835207789574585,1.2110862706838967,0.04230175634588929,0.0353404750327651,0.13376301330501286,0.025464197316848694
0.14,0.08,0.06833333333333333,0.0112,0.011199999999999703,0.15835207789574585,1.2110862706838967,0.04230175634588929,0.0353404750327651,0.13376301330501286,0.035341258219290836
0.14,0.08,0.06833333333333333,0.0128,0.011199999999999703,0.15835207789574585,1.2110862706838967,0.04230175634588929,0.0353404750327651,0.13376301330501286,0.047187310677582785
0.14,0.08,0.06833333333333333,0.014400000000000001,0.011199999999999703,0.15835207789574585,1.2110862706838967,0.04230175634588929,0.0353404750327651,0.13376301330501286,0.061194973430883724
0.14,0.08,0.06833333333333333,0.016,0.011199999999999703,0.15835207789574585,1.2110862706838967,0.04230175634588929,0.0353404750327651,0.13376301330501286,0.07758254771690747
0.14,0.08,0.09,0.0,0.011199999999999703,0.15835207789574585,1.2110862706838967,0.04274488513919836,0.03571068145937746,0.13516423745728132,0.0
0.14,0.08,0.09,0.0016,0.011199999999999703,0.15835207789574585,1.2110862706838967,0.04274488513919836,0.03571068145937746,0.13516423745728132,0.0006769025011860649
0.14,0.08,0.09,0.0032,0.011199999999999703,0.15835207789574585,1.2110862706838967,0.04274488513919836,0.03571068145937746,0.13516423745728132,0.0027205857715401588
0.14,0.08,0.09,0.0048000000000000004,0.011199999999999703,0.15835207789574585,1.2110862706838967,0.04274488513919836,0.03571068145937746,0.13516423745728132,0.006169977111449979
0.14,0.08,0.09,0.0064,0.011199999999999703,0.15835207789574585,1.2110862706838967,0.04274488513919836,0.03571068145937746,0.13516423745728132,0.01108995535489502
0.14,0.08,0.09,0.008,0.011199999999999703,0.15835207789574585,1.2110862706838967,0.04274488513919836,0.03571068145937746,0.13516423745728132,0.01757135086944657
0.14,0.08,0.09,0.009600000000000001,0.011199999999999703,0.15835207789574585,1.2110862706838967,0.04274488513919836,0.03571068145937746,0.13516423745728132,0.025730945556267735
0.14,0.08,0.09,0.0112,0.011199999999999703,0.15835207789574585,1.2110862706838967,0.04274488513919836,0.03571068145937746,0.13516423745728132,0.03571147285011338
0.14,0.08,0.09,0.0128,0.011199999999999703,0.15835207789574585,1.2110862706838967,0.04274488513919836,0.03571068145937746,0.13516423745728132,0.04768161771933022
0.14,0.08,0.09,0.014400000000000001,0.011199999999999703,0.15835207789574585,1.2110862706838967,0.04274488513919836,0.03571068145937746,0.13516423745728132,0.06183601666585672
0.14,0.08,0.09,0.016,0.011199999999999703,0.15835207789574585,1.2110862706838967,0.04274488513919836,0.03571068145937746,0.13516423745728132,0.07839525772522317
0.16,0.08,0.025,0.0,0.01279999999999966,0.18097380330942384,1.2110862706838967,0.04733199858202415,0.03954292820518899,0.14966921714340103,0.0
0.16,0.08,0.025,0.0016,0.01279999999999966,0.18097380330942384,1.2110862706838967,0.04733199858202415,0.03954292820518899,0.14966921714340103,0.0007495434394541525
0.16,0.08,0.025,0.0032,0.01279999999999966,0.18097380330942384,1.2110862706838967,0.04733199858202415,0.03954292820518899,0.14966921714340103,0.003012542002662377
0.16,0.08,0.025,0.0048000000000000004,0.01279999999999966,0.18097380330942384,1.2110862706838967,0.04733199858202415,0.03954292820518899,0.14966921714340103,0.006832100424161973
0.16,0.08,0.025,0.0064,0.01279999999999966,0.18097380330942384,1.2110862706838967,0.04733199858202415,0.03954292820518899,0.14966921714340103,0.01228005992818177
0.16,0.08,0.025,0.008,0.01279999999999966,0.18097380330942384,1.2110862706838967,0.04733199858202415,0.03954292820518899,0.14966921714340103,0.019456998228642136
0.16,0.08,0.025,0.009600000000000001,0.01279999999999966,0.18097380330942384,1.2110862706838967,0.04733199858202415,0.03954292820518899,0.14966921714340103,0.028492229529154978
0.16,0.08,0.025,0.0112,0.01279999999999966,0.18097380330942384,1.2110862706838967,0.04733199858202415,0.03954292820518899,0.14966921714340103,0.039543804523023696
0.16,0.08,0.025,0.0128,0.01279999999999966,0.18097380330942384,1.2110862706838967,0.04733199858202415,0.03954292820518899,0.14966921714340103,0.052798510393243306
0.16,0.08,0.025,0.014400000000000001,0.01279999999999966,0.18097380330942384,1.2110862706838967,0.04733199858202415,0.03954292820518899,0.14966921714340103,0.06847187081250025
0.16,0.08,0.025,0.016,0.01279999999999966,0.18097380330942384,1.2110862706838967,0.04733199858202415,0.03954292820518899,0.14966921714340103,0.0868081459431726
0.16,0.08,0.04666666666666667,0.0,0.01279999999999966,0.18097380330942384,1.2110862706838967,0.047838431488663104,0.039966021264174555,0.15127061617456503,0.0
0.16,0.08,0.04666666666666667,0.0016,0.01279999999999966,0.18097380330942384,1.2110862706838967,0.047838431488663104,0.039966021264174555,0.15127061617456503,0.0007575632458022217
0.16,0.08,0.04666666666666667,0.0032,0.01279999999999966,0.18097380330942384,1.2110862706838967,0.047838431488663104,0.039966021264174555,0.15127061617456503,0.0030447749623616453
0.16,0.08,0.04666666666666667,0.0048000000000000004,0.01279999999999966,0.18097380330942384,1.2110862706838967,0.047838431488663104,0.039966021264174555,0.15127061617456503,0.006905201087136546
0.16,0.08,0.04666666666666667,0.0064,0.01279999999999966,0.18097380330942384,1.2110862706838967,0.047838431488663104,0.039966021264174555,0.15127061617456503,0.012411451515890713
0.16,0.08,0.04666666666666667,0.008,0.01279999999999966,0.18097380330942384,1.2110862706838967,0.047838431488663104,0.039966021264174555,0.15127061617456503,0.019665180102693452
0.16,0.08,0.04666666666666667,0.009600000000000001,0.01279999999999966,0.18097380330942384,1.2110862706838967,0.047838431488663104,0.039966021264174555,0.15127061617456503,0.028797084659919602
0.16,0.08,0.04666666666666667,0.0112,0.01279999999999966,0.18097380330942384,1.2110862706838967,0.047838431488663104,0.039966021264174555,0.15127061617456503,0.03996690695824947
0.16,0.08,0.04666666666666667,0.0128,0.01279999999999966,0.18097380330942384,1.2110862706838967,0.047838431488663104,0.039966021264174555,0.15127061617456503,0.05336343272666896
0.16,0.08,0.04666666666666667,0.014400000000000001,0.01279999999999966,0.18097380330942384,1.2110862706838967,0.047838431488663104,0.039966021264174555,0.15127061617456503,0.0692044916524694
0.16,0.08,0.04666666666666667,0.016,0.01279999999999966,0.18097380330942384,1.2110862706838967,0.047838431488663104,0.039966021264174555,0.15127061617456503,0.08773695738124772
0.16,0.08,0.06833333333333333,0.0,0.01279999999999966,0.18097380330942384,1.2110862706838967,0.048344864395302035,0.040389114323160114,0.15287201520572896,0.0
0.16,0.08,0.06833333333333333,0.0016,0.01279999999999966,0.18097380330942384,1.2110862706838967,0.048344864395302035,0.040389114323160114,0.15287201520572896,0.0007655830521502907
0.16,0.08,0.06833333333333333,0.0032,0.01279999999999966,0.18097380330942384,1.2110862706838967,0.048344864395302035,0.040389114323160114,0.15287201520572896,0.003077007922060913
0.16,0.08,0.06833333333333333,0.0048000000000000004,0.01279999999999966,0.18097380330942384,1.2110862706838967,0.048344864395302035,0.040389114323160114,0.15287201520572896,0.0069783017501111174
0.16,0.08,0.06833333333333333,0.0064,0.01279999999999966,0.18097380330942384,1.2110862706838967,0.048344864395302035,0.040389114323160114,0.15287201520572896,0.012542843103599651
0.16,0.08,0.06833333333333333,0.008,0.01279999999999966,0.18097380330942384,1.2110862706838967,0.048344864395302035,0.040389114323160114,0.15287201520572896,0.019873361976744764
0.16,0.08,0.06833333333333333,0.009600000000000001,0.01279999999999966,0.18097380330942384,1.2110862706838967,0.048344864395302035,0.040389114323160114,0.15287201520572896,0.02910193979068422
0.16,0.08,0.06833333333333333,0.0112,0.01279999999999966,0.18097380330942384,1.2110862706838967,0.048344864395302035,0.040389114323160114,0.15287201520572896,0.040390009393475236
0.16,0.08,0.06833333333333333,0.0128,0.01279999999999966,0.18097380330942384,1.2110862706838967,0.048344864395302035,0.040389114323160114,0.15287201520572896,0.0539283550600946
0.16,0.08,0.06833333333333333,0.014400000000000001,0.01279999999999966,0.18097380330942384,1.2110862706838967,0.048344864395302035,0.040389114323160114,0.15287201520572896,0.06993711249243853
0.16,0.08,0.06833333333333333,0.016,0.01279999999999966,0.18097380330942384,1.2110862706838967,0.048344864395302035,0.040389114323160114,0.15287201520572896,0.0886657688193228
0.16,0.08,0.09,0.0,0.01279999999999966,0.18097380330942384,1.2110862706838967,0.048851297301940974,0.04081220738214567,0.15447341423689293,0.0
0.16,0.08,0.09,0.0016,0.01279999999999966,0.18097380330942384,1.2110862706838967,0.048851297301940974,0.04081220738214567,0.15447341423689293,0.0007736028584983599
0.16,0.08,0.09,0.0032,0.01279999999999966,0.18097380330942384,1.2110862706838967,0.048851297301940974,0.04081220738214567,0.15447341423689293,0.0031092408817601815
0.16,0.08,0.09,0.0048000000000000004,0.01279999999999966,0.18097380330942384,1.2110862706838967,0.048851297301940974,0.04081220738214567,0.15447341423689293,0.007051402413085691
0.16,0.08,0.09,0.0064,0.01279999999999966,0.18097380330942384,1.2110862706838967,0.048851297301940974,0.04081220738214567,0.15447341423689293,0.012674234691308593
0.16,0.08,0.09,0.008,0.01279999999999966,0.18097380330942384,1.2110862706838967,0.048851297301940974,0.04081220738214567,0.15447341423689293,0.02008154385079608
0.16,0.08,0.09,0.009600000000000001,0.01279999999999966,0.18097380330942384,1.2110862706838967,0.048851297301940974,0.04081220738214567,0.15447341423689293,0.02940679492144884
0.16,0.08,0.09,0.0112,0.01279999999999966,0.18097380330942384,1.2110862706838967,0.048851297301940974,0.04081220738214567,0.15447341423689293,0.040813111828700996
0.16,0.08,0.09,0.0128,0.01279999999999966,0.18097380330942384,1.2110862706838967,0.048851297301940974,0.04081220738214567,0.15447341423689293,0.05449327739352026
0.16,0.08,0.09,0.014400000000000001,0.01279999999999966,0.18097380330942384,1.2110862706838967,0.048851297301940974,0.04081220738214567,0.15447341423689293,0.07066973333240767
0.16,0.08,0.09,0.016,0.01279999999999966,0.18097380330942384,1.2110862706838967,0.048851297301940974,0.04081220738214567,0.15447341423689293,0.0895945802573979
0.18,0.08,0.025,0.0,0.014399999999999618,0.2035955287231018,1.2110862706838967,0.053248498404777175,0.044485794230837615,0.16837786928632617,0.0
0.18,0.08,0.025,0.0016,0.014399999999999618,0.2035955287231018,1.2110862706838967,0.053248498404777175,0.044485794230837615,0.16837786928632617,0.0008432363693859217
0.18,0.08,0.025,0.0032,0.014399999999999618,0.2035955287231018,1.2110862706838967,0.053248498404777175,0.044485794230837615,0.16837786928632617,0.003389109752995174
0.18,0.08,0.025,0.0048000000000000004,0.014399999999999618,0.2035955287231018,1.2110862706838967,0.053248498404777175,0.044485794230837615,0.16837786928632617,0.007686112977182219
0.18,0.08,0.025,0.0064,0.014399999999999618,0.2035955287231018,1.2110862706838967,0.053248498404777175,0.044485794230837615,0.16837786928632617,0.013815067419204493
0.18,0.08,0.025,0.008,0.014399999999999618,0.2035955287231018,1.2110862706838967,0.053248498404777175,0.044485794230837615,0.16837786928632617,0.021889123007222403
0.18,0.08,0.025,0.009600000000000001,0.014399999999999618,0.2035955287231018,1.2110862706838967,0.053248498404777175,0.044485794230837615,0.16837786928632617,0.03205375822029935
0.18,0.08,0.025,0.0112,0.014399999999999618,0.2035955287231018,1.2110862706838967,0.053248498404777175,0.044485794230837615,0.16837786928632617,0.04448678008840166
0.18,0.08,0.025,0.0128,0.014399999999999618,0.2035955287231018,1.2110862706838967,0.053248498404777175,0.044485794230837615,0.16837786928632617,0.059398324192398724
0.18,0.08,0.025,0.014400000000000001,0.014399999999999618,0.2035955287231018,1.2110862706838967,0.053248498404777175,0.044485794230837615,0.16837786928632617,0.0770308546640628
0.18,0.08,0.025,0.016,0.014399999999999618,0.2035955287231018,1.2110862706838967,0.053248498404777175,0.044485794230837615,0.16837786928632617,0.09765916418606918
0.18,0.08,0.04666666666666667,0.0,0.014399999999999618,0.2035955287231018,1.2110862706838967,0.05381823542474599,0.04496177392219637,0.17017944319638567,0.0
0.18,0.08,0.04666666666666667,0.0016,0.014399999999999618,0.2035955287231018,1.2110862706838967,0.05381823542474599,0.04496177392219637,0.17017944319638567,0.0008522586515274995
0.18,0.08,0.04666666666666667,0.0032,0.014399999999999618,0.2035955287231018,1.2110862706838967,0.05381823542474599,0.04496177392219637,0.17017944319638567,0.0034253718326568514
0.18,0.08,0.04666666666666667,0.0048000000000000004,0.014399999999999618,0.2035955287231018,1.2110862706838967,0.05381823542474599,0.04496177392219637,0.17017944319638567,0.007768351223028615
0.18,0.08,0.04666666666666667,0.0064,0.014399999999999618,0.2035955287231018,1.2110862706838967,0.05381823542474599,0.04496177392219637,0.17017944319638567,0.013962882955377055
0.18,0.08,0.04666666666666667,0.008,0.014399999999999618,0.2035955287231018,1.2110862706838967,0.05381823542474599,0.04496177392219637,0.17017944319638567,0.02212332761553014
0.18,0.08,0.04666666666666667,0.009600000000000001,0.014399999999999618,0.2035955287231018,1.2110862706838967,0.05381823542474599,0.04496177392219637,0.17017944319638567,0.032396720242409555
0.18,0.08,0.04666666666666667,0.0112,0.014399999999999618,0.2035955287231018,1.2110862706838967,0.05381823542474599,0.04496177392219637,0.17017944319638567,0.04496277032803066
0.18,0.08,0.04666666666666667,0.0128,0.014399999999999618,0.2035955287231018,1.2110862706838967,0.05381823542474599,0.04496177392219637,0.17017944319638567,0.06003386181750259
0.18,0.08,0.04666666666666667,0.014400000000000001,0.014399999999999618,0.2035955287231018,1.2110862706838967,0.05381823542474599,0.04496177392219637,0.17017944319638567,0.0778550531090281
0.18,0.08,0.04666666666666667,0.016,0.014399999999999618,0.2035955287231018,1.2110862706838967,0.05381823542474599,0.04496177392219637,0.17017944319638567,0.09870407705390369
0.18,0.08,0.06833333333333333,0.0,0.014399999999999618,0.2035955287231018,1.2110862706838967,0.05438797244471479,0.04543775361355513,0.17198101710644512,0.0
0.18,0.08,0.06833333333333333,0.0016,0.014399999999999618,0.2035955287231018,1.2110862706838967,0.05438797244471479,0.04543775361355513,0.17198101710644512,0.0008612809336690772
0.18,0.08,0.06833333333333333,0.0032,0.014399999999999618,0.2035955287231018,1.2110862706838967,0.05438797244471479,0.04543775361355513,0.17198101710644512,0.003461633912318528
0.18,0.08,0.06833333333333333,0.0048000000000000004,0.014399999999999618,0.2035955287231018,1.2110862706838967,0.05438797244471479,0.04543775361355513,0.17198101710644512,0.007850589468875008
0.18,0.08,0.06833333333333333,0.0064,0.014399999999999618,0.2035955287231018,1.2110862706838967,0.05438797244471479,0.04543775361355513,0.17198101710644512,0.014110698491549611
0.18,0.08,0.06833333333333333,0.008,0.014399999999999618,0.2035955287231018,1.2110862706838967,0.05438797244471479,0.04543775361355513,0.17198101710644512,0.022357532223837864
0.18,0.08,0.06833333333333333,0.009600000000000001,0.014399999999999618,0.2035955287231018,1.2110862706838967,0.05438797244471479,0.04543775361355513,0.17198101710644512,0.03273968226451975
0.18,0.08,0.06833333333333333,0.0112,0.014399999999999618,0.2035955287231018,1.2110862706838967,0.05438797244471479,0.04543775361355513,0.17198101710644512,0.04543876056765965
0.18,0.08,0.06833333333333333,0.0128,0.014399999999999618,0.2035955287231018,1.2110862706838967,0.05438797244471479,0.04543775361355513,0.17198101710644512,0.06066939944260644
0.18,0.08,0.06833333333333333,0.014400000000000001,0.014399999999999618,0.2035955287231018,1.2110862706838967,0.05438797244471479,0.04543775361355513,0.17198101710644512,0.07867925155399337
0.18,0.08,0.06833333333333333,0.016,0.014399999999999618,0.2035955287231018,1.2110862706838967,0.05438797244471479,0.04543775361355513,0.17198101710644512,0.09974898992173817
0.18,0.08,0.09,0.0,0.014399999999999618,0.2035955287231018,1.2110862706838967,0.0549577094646836,0.04591373330491388,0.17378259101650456,0.0
0.18,0.08,0.09,0.0016,0.014399999999999618,0.2035955287231018,1.2110862706838967,0.0549577094646836,0.04591373330491388,0.17378259101650456,0.0008703032158106549
0.18,0.08,0.09,0.0032,0.014399999999999618,0.2035955287231018,1.2110862706838967,0.0549577094646836,0.04591373330491388,0.17378259101650456,0.0034978959919802046
0.18,0.08,0.09,0.0048000000000000004,0.014399999999999618,0.2035955287231018,1.2110862706838967,0.0549577094646836,0.04591373330491388,0.17378259101650456,0.007932827714721404
0.18,0.08,0.09,0.0064,0.014399999999999618,0.2035955287231018,1.2110862706838967,0.0549577094646836,0.04591373330491388,0.17378259101650456,0.014258514027722168
0.18,0.08,0.09,0.008,0.014399999999999618,0.2035955287231018,1.2110862706838967,0.0549577094646836,0.04591373330491388,0.17378259101650456,0.022591736832145593
0.18,0.08,0.09,0.009600000000000001,0.014399999999999618,0.2035955287231018,1.2110862706838967,0.0549577094646836,0.04591373330491388,0.17378259101650456,0.03308264428662995
0.18,0.08,0.09,0.0112,0.014399999999999618,0.2035955287231018,1.2110862706838967,0.0549577094646836,0.04591373330491388,0.17378259101650456,0.045914750807288636
0.18,0.08,0.09,0.0128,0.014399999999999618,0.2035955287231018,1.2110862706838967,0.0549577094646836,0.04591373330491388,0.17378259101650456,0.06130493706771029
0.18,0.08,0.09,0.014400000000000001,0.014399999999999618,0.2035955287231018,1.2110862706838967,0.0549577094646836,0.04591373330491388,0.17378259101650456,0.07950344999895864
0.18,0.08,0.09,0.016,0.014399999999999618,0.2035955287231018,1.2110862706838967,0.0549577094646836,0.04591373330491388,0.17378259101650456,0.10079390278957265
0.06,0.10668171457306591,0.025,0.0,0.006400902874383846,0.07075400001928465,1.2859150482278083,0.01682562564879108,0.013321530604758483,0.05205491203826458,0.0
0.06,0.10668171457306591,0.025,0.0016,0.006400902874383846,0.07075400001928465,1.2859150482278083,0.01682562564879108,0.013321530604758483,0.05205491203826458,0.0002606909994876291
0.06,0.10668171457306591,0.025,0.0032,0.006400902874383846,0.07075400001928465,1.2859150482278083,0.01682562564879108,0.013321530604758483,0.05205491203826458,0.0010477612695061899
0.06,0.10668171457306591,0.025,0.0048000000000000004,0.006400902874383846,0.07075400001928465,1.2859150482278083,0.01682562564879108,0.013321530604758483,0.05205491203826458,0.0023762026247227024
0.06,0.10668171457306591,0.025,0.0064,0.006400902874383846,0.07075400001928465,1.2859150482278083,0.01682562564879108,0.013321530604758483,0.05205491203826458,0.004271001422915533
0.06,0.10668171457306591,0.025,0.008,0.006400902874383846,0.07075400001928465,1.2859150482278083,0.01682562564879108,0.013321530604758483,0.05205491203826458,0.006767138564974395
0.06,0.10668171457306591,0.025,0.009600000000000001,0.006400902874383846,0.07075400001928465,1.2859150482278083,0.01682562564879108,0.013321530604758483,0.05205491203826458,0.009909589494900355
0.06,0.10668171457306591,0.025,0.0112,0.006400902874383846,0.07075400001928465,1.2859150482278083,0.01682562564879108,0.013321530604758483,0.05205491203826458,0.013753324199805806
0.06,0.10668171457306591,0.025,0.0128,0.006400902874383846,0.07075400001928465,1.2859150482278083,0.01682562564879108,0.013321530604758483,0.05205491203826458,0.018363307209914526
0.06,0.10668171457306591,0.025,0.014400000000000001,0.006400902874383846,0.07075400001928465,1.2859150482278083,0.01682562564879108,0.013321530604758483,0.05205491203826458,0.02381449759856159
0.06,0.10668171457306591,0.025,0.016,0.006400902874383846,0.07075400001928465,1.2859150482278083,0.01682562564879108,0.013321530604758483,0.05205491203826458,0.03019184898219346
0.06,0.10668171457306591,0.04666666666666667,0.0,0.006400902874383846,0.07075400001928465,1.2859150482278083,0.017005652919107363,0.01346406550011804,0.05261187817529952,0.0
0.06,0.10668171457306591,0.04666666666666667,0.0016,0.006400902874383846,0.07075400001928465,1.2859150482278083,0.017005652919107363,0.01346406550011804,0.05261187817529952,0.0002634802859019
0.06,0.10668171457306591,0.04666666666666667,0.0032,0.006400902874383846,0.07075400001928465,1.2859150482278083,0.017005652919107363,0.01346406550011804,0.05261187817529952,0.0010589718839124288
0.06,0.10668171457306591,0.04666666666666667,0.0048000000000000004,0.006400902874383846,0.07075400001928465,1.2859150482278083,0.017005652919107363,0.01346406550011804,0.05261187817529952,0.0024016270149460734
0.06,0.10668171457306591,0.04666666666666667,0.0064,0.006400902874383846,0.07075400001928465,1.2859150482278083,0.017005652919107363,0.01346406550011804,0.05261187817529952,0.004316699380526976
0.06,0.10668171457306591,0.04666666666666667,0.008,0.006400902874383846,0.07075400001928465,1.2859150482278083,0.017005652919107363,0.01346406550011804,0.05261187817529952,0.006839544162788937
0.06,0.10668171457306591,0.04666666666666667,0.009600000000000001,0.006400902874383846,0.07075400001928465,1.2859150482278083,0.017005652919107363,0.01346406550011804,0.05261187817529952,0.010015618024475422
0.06,0.10668171457306591,0.04666666666666667,0.0112,0.006400902874383846,0.07075400001928465,1.2859150482278083,0.017005652919107363,0.01346406550011804,0.05261187817529952,0.013900479108939533
0.06,0.10668171457306591,0.04666666666666667,0.0128,0.006400902874383846,0.07075400001928465,1.2859150482278083,0.017005652919107363,0.01346406550011804,0.05261187817529952,0.018559787040144063
0.06,0.10668171457306591,0.04666666666666667,0.014400000000000001,0.006400902874383846,0.07075400001928465,1.2859150482278083,0.017005652919107363,0.01346406550011804,0.05261187817529952,0.024069302922661427
0.06,0.10668171457306591,0.04666666666666667,0.016,0.006400902874383846,0.07075400001928465,1.2859150482278083,0.017005652919107363,0.01346406550011804,0.05261187817529952,0.03051488934167372
0.06,0.10668171457306591,0.06833333333333333,0.0,0.006400902874383846,0.07075400001928465,1.2859150482278083,0.017185680189423645,0.013606600395477593,0.05316884431233444,0.0
0.06,0.10668171457306591,0.06833333333333333,0.0016,0.006400902874383846,0.07075400001928465,1.2859150482278083,0.017185680189423645,0.013606600395477593,0.05316884431233444,0.00026626957231617093
0.06,0.10668171457306591,0.06833333333333333,0.0032,0.006400902874383846,0.07075400001928465,1.2859150482278083,0.017185680189423645,0.013606600395477593,0.05316884431233444,0.0010701824983186678
0.06,0.10668171457306591,0.06833333333333333,0.0048000000000000004,0.006400902874383846,0.07075400001928465,1.2859150482278083,0.017185680189423645,0.013606600395477593,0.05316884431233444,0.0024270514051694435
0.06,0.10668171457306591,0.06833333333333333,0.0064,0.006400902874383846,0.07075400001928465,1.2859150482278083,0.017185680189423645,0.013606600395477593,0.05316884431233444,0.004362397338138417
0.06,0.10668171457306591,0.06833333333333333,0.008,0.006400902874383846,0.07075400001928465,1.2859150482278083,0.017185680189423645,0.013606600395477593,0.05316884431233444,0.0069119497606034775
0.06,0.10668171457306591,0.06833333333333333,0.009600000000000001,0.006400902874383846,0.07075400001928465,1.2859150482278083,0.017185680189423645,0.013606600395477593,0.05316884431233444,0.010121646554050488
0.06,0.10668171457306591,0.06833333333333333,0.0112,0.006400902874383846,0.07075400001928465,1.2859150482278083,0.017185680189423645,0.013606600395477593,0.05316884431233444,0.014047634018073256
0.06,0.10668171457306591,0.06833333333333333,0.0128,0.006400902874383846,0.07075400001928465,1.2859150482278083,0.017185680189423645,0.013606600395477593,0.05316884431233444,0.0187562668703736
0.06,0.10668171457306591,0.06833333333333333,0.014400000000000001,0.006400902874383846,0.07075400001928465,1.2859150482278083,0.017185680189423645,0.013606600395477593,0.05316884431233444,0.02432410824676126
0.06,0.10668171457306591,0.06833333333333333,0.016,0.006400902874383846,0.07075400001928465,1.2859150482278083,0.017185680189423645,0.013606600395477593,0.05316884431233444,0.030837929701153975
0.06,0.10668171457306591,0.09,0.0,0.006400902874383846,0.07075400001928465,1.2859150482278083,0.017365707459739928,0.013749135290837149,0.05372581044936937,0.0
0.06,0.10668171457306591,0.09,0.0016,0.006400902874383846,0.07075400001928465,1.2859150482278083,0.017365707459739928,0.013749135290837149,0.05372581044936937,0.0002690588587304418
0.06,0.10668171457306591,0.09,0.0032,0.006400902874383846,0.07075400001928465,1.2859150482278083,0.017365707459739928,0.013749135290837149,0.05372581044936937,0.0010813931127249068
0.06,0.10668171457306591,0.09,0.0048000000000000004,0.006400902874383846,0.07075400001928465,1.2859150482278083,0.017365707459739928,0.013749135290837149,0.05372581044936937,0.0024524757953928136
0.06,0.10668171457306591,0.09,0.0064,0.006400902874383846,0.07075400001928465,1.2859150482278083,0.017365707459739928,0.013749135290837149,0.05372581044936937,0.0044080952957498585
0.06,0.10668171457306591,0.09,0.008,0.006400902874383846,0.07075400001928465,1.2859150482278083,0.017365707459739928,0.013749135290837149,0.05372581044936937,0.006984355358418018
0.06,0.10668171457306591,0.09,0.009600000000000001,0.006400902874383846,0.07075400001928465,1.2859150482278083,0.017365707459739928,0.013749135290837149,0.05372581044936937,0.010227675083625551
0.06,0.10668171457306591,0.09,0.0112,0.006400902874383846,0.07075400001928465,1.2859150482278083,0.017365707459739928,0.013749135290837149,0.05372581044936937,0.01419478892720698
0.06,0.10668171457306591,0.09,0.0128,0.006400902874383846,0.07075400001928465,1.2859150482278083,0.017365707459739928,0.013749135290837149,0.05372581044936937,0.018952746700603134
0.06,0.10668171457306591,0.09,0.014400000000000001,0.006400902874383846,0.07075400001928465,1.2859150482278083,0.017365707459739928,0.013749135290837149,0.05372581044936937,0.024578913570861095
0.06,0.10668171457306591,0.09,0.016,0.006400902874383846,0.07075400001928465,1.2859150482278083,0.017365707459739928,0.013749135290837149,0.05372581044936937,0.031160970060634233
0.08,0.10668171457306591,0.025,0.0,0.008534537165845128,0.09433866669237954,1.2859150482278083,0.022434167531721436,0.017762040806344644,0.06940654938435276,0.0
0.08,0.10668171457306591,0.025,0.0016,0.008534537165845128,0.09433866669237954,1.2859150482278083,0.022434167531721436,0.017762040806344644,0.06940654938435276,0.0003475879993168387
0.08,0.10668171457306591,0.025,0.0032,0.008534537165845128,0.09433866669237954,1.2859150482278083,0.022434167531721436,0.017762040806344644,0.06940654938435276,0.0013970150260082526
0.08,0.10668171457306591,0.025,0.0048000000000000004,0.008534537165845128,0.09433866669237954,1.2859150482278083,0.022434167531721436,0.017762040806344644,0.06940654938435276,0.003168270166296936
0.08,0.10668171457306591,0.025,0.0064,0.008534537165845128,0.09433866669237954,1.2859150482278083,0.022434167531721436,0.017762040806344644,0.06940654938435276,0.005694668563887376
0.08,0.10668171457306591,0.025,0.008,0.008534537165845128,0.09433866669237954,1.2859150482278083,0.022434167531721436,0.017762040806344644,0.06940654938435276,0.009022851419965859
0.08,0.10668171457306591,0.025,0.009600000000000001,0.008534537165845128,0.09433866669237954,1.2859150482278083,0.022434167531721436,0.017762040806344644,0.06940654938435276,0.01321278599320047
0.08,0.10668171457306591,0.025,0.0112,0.008534537165845128,0.09433866669237954,1.2859150482278083,0.022434167531721436,0.017762040806344644,0.06940654938435276,0.01833776559974107
0.08,0.10668171457306591,0.025,0.0128,0.008534537165845128,0.09433866669237954,1.2859150482278083,0.022434167531721436,0.017762040806344644,0.06940654938435276,0.02448440961321936
0.08,0.10668171457306591,0.025,0.014400000000000001,0.008534537165845128,0.09433866669237954,1.2859150482278083,0.022434167531721436,0.017762040806344644,0.06940654938435276,0.031752663464748775
0.08,0.10668171457306591,0.025,0.016,0.008534537165845128,0.09433866669237954,1.2859150482278083,0.022434167531721436,0.017762040806344644,0.06940654938435276,0.0402557986429246
0.08,0.10668171457306591,0.04666666666666667,0.0,0.008534537165845128,0.09433866669237954,1.2859150482278083,0.02267420389214315,0.01795208733349072,0.07014917090039935,0.0
0.08,0.10668171457306591,0.04666666666666667,0.0016,0.008534537165845128,0.09433866669237954,1.2859150482278083,0.02267420389214315,0.01795208733349072,0.07014917090039935,0.0003513070478692
0.08,0.10668171457306591,0.04666666666666667,0.0032,0.008534537165845128,0.09433866669237954,1.2859150482278083,0.02267420389214315,0.01795208733349072,0.07014917090039935,0.0014119625118832384
0.08,0.10668171457306591,0.04666666666666667,0.0048000000000000004,0.008534537165845128,0.09433866669237954,1.2859150482278083,0.02267420389214315,0.01795208733349072,0.07014917090039935,0.0032021693532614305
0.08,0.10668171457306591,0.04666666666666667,0.0064,0.008534537165845128,0.09433866669237954,1.2859150482278083,0.02267420389214315,0.01795208733349072,0.07014917090039935,0.005755599174035966
0.08,0.10668171457306591,0.04666666666666667,0.008,0.008534537165845128,0.09433866669237954,1.2859150482278083,0.02267420389214315,0.01795208733349072,0.07014917090039935,0.009119392217051915
0.08,0.10668171457306591,0.04666666666666667,0.009600000000000001,0.008534537165845128,0.09433866669237954,1.2859150482278083,0.02267420389214315,0.01795208733349072,0.07014917090039935,0.013354157365967227
0.08,0.10668171457306591,0.04666666666666667,0.0112,0.008534537165845128,0.09433866669237954,1.2859150482278083,0.02267420389214315,0.01795208733349072,0.07014917090039935,0.01853397214525271
0.08,0.10668171457306591,0.04666666666666667,0.0128,0.008534537165845128,0.09433866669237954,1.2859150482278083,0.02267420389214315,0.01795208733349072,0.07014917090039935,0.02474638272019208
0.08,0.10668171457306591,0.04666666666666667,0.014400000000000001,0.008534537165845128,0.09433866669237954,1.2859150482278083,0.02267420389214315,0.01795208733349072,0.07014917090039935,0.0320924038968819
0.08,0.10668171457306591,0.04666666666666667,0.016,0.008534537165845128,0.09433866669237954,1.2859150482278083,0.02267420389214315,0.01795208733349072,0.07014917090039935,0.040686519122231625
0.08,0.10668171457306591,0.06833333333333333,0.0,0.008534537165845128,0.09433866669237954,1.2859150482278083,0.02291424025256486,0.018142133860636792,0.07089179241644591,0.0
0.08,0.10668171457306591,0.06833333333333333,0.0016,0.008534537165845128,0.09433866669237954,1.2859150482278083,0.02291424025256486,0.018142133860636792,0.07089179241644591,0.0003550260964215612
0.08,0.10668171457306591,0.06833333333333333,0.0032,0.008534537165845128,0.09433866669237954,1.2859150482278083,0.02291424025256486,0.018142133860636792,0.07089179241644591,0.0014269099977582236
0.08,0.10668171457306591,0.06833333333333333,0.0048000000000000004,0.008534537165845128,0.09433866669237954,1.2859150482278083,0.02291424025256486,0.018142133860636792,0.07089179241644591,0.003236068540225924
0.08,0.10668171457306591,0.06833333333333333,0.0064,0.008534537165845128,0.09433866669237954,1.2859150482278083,0.02291424025256486,0.018142133860636792,0.07089179241644591,0.005816529784184555
0.08,0.10668171457306591,0.06833333333333333,0.008,0.008534537165845128,0.09433866669237954,1.2859150482278083,0.02291424025256486,0.018142133860636792,0.07089179241644591,0.00921593301413797
0.08,0.10668171457306591,0.06833333333333333,0.009600000000000001,0.008534537165845128,0.09433866669237954,1.2859150482278083,0.02291424025256486,0.018142133860636792,0.07089179241644591,0.01349552873873398
0.08,0.10668171457306591,0.06833333333333333,0.0112,0.008534537165845128,0.09433866669237954,1.2859150482278083,0.02291424025256486,0.018142133860636792,0.07089179241644591,0.018730178690764338
0.08,0.10668171457306591,0.06833333333333333,0.0128,0.008534537165845128,0.09433866669237954,1.2859150482278083,0.02291424025256486,0.018142133860636792,0.07089179241644591,0.025008355827164798
0.08,0.10668171457306591,0.06833333333333333,0.014400000000000001,0.008534537165845128,0.09433866669237954,1.2859150482278083,0.02291424025256486,0.018142133860636792,0.07089179241644591,0.03243214432901501
0.08,0.10668171457306591,0.06833333333333333,0.016,0.008534537165845128,0.09433866669237954,1.2859150482278083,0.02291424025256486,0.018142133860636792,0.07089179241644591,0.04111723960153863
0.08,0.10668171457306591,0.09,0.0,0.008534537165845128,0.09433866669237954,1.2859150482278083,0.02315427661298657,0.018332180387782865,0.07163441393249248,0.0
0.08,0.10668171457306591,0.09,0.0016,0.008534537165845128,0.09433866669237954,1.2859150482278083,0.02315427661298657,0.018332180387782865,0.07163441393249248,0.0003587451449739224
0.08,0.10668171457306591,0.09,0.0032,0.008534537165845128,0.09433866669237954,1.2859150482278083,0.02315427661298657,0.018332180387782865,0.07163441393249248,0.001441857483633209
0.08,0.10668171457306591,0.09,0.0048000000000000004,0.008534537165845128,0.09433866669237954,1.2859150482278083,0.02315427661298657,0.018332180387782865,0.07163441393249248,0.0032699677271904176
0.08,0.10668171457306591,0.09,0.0064,0.008534537165845128,0.09433866669237954,1.2859150482278083,0.02315427661298657,0.018332180387782865,0.07163441393249248,0.0058774603943331435
0.08,0.10668171457306591,0.09,0.008,0.008534537165845128,0.09433866669237954,1.2859150482278083,0.02315427661298657,0.018332180387782865,0.07163441393249248,0.009312473811224022
0.08,0.10668171457306591,0.09,0.009600000000000001,0.008534537165845128,0.09433866669237954,1.2859150482278083,0.02315427661298657,0.018332180387782865,0.07163441393249248,0.013636900111500733
0.08,0.10668171457306591,0.09,0.0112,0.008534537165845128,0.09433866669237954,1.2859150482278083,0.02315427661298657,0.018332180387782865,0.07163441393249248,0.01892638523627597
0.08,0.10668171457306591,0.09,0.0128,0.008534537165845128,0.09433866669237954,1.2859150482278083,0.02315427661298657,0.018332180387782865,0.07163441393249248,0.025270328934137512
0.08,0.10668171457306591,0.09,0.014400000000000001,0.008534537165845128,0.09433866669237954,1.2859150482278083,0.02315427661298657,0.018332180387782865,0.07163441393249248,0.03277188476114812
0.08,0.10668171457306591,0.09,0.016,0.008534537165845128,0.09433866669237954,1.2859150482278083,0.02315427661298657,0.018332180387782865,0.07163441393249248,0.04154796008084564
0.1,0.10668171457306591,0.025,0.0,0.01066817145730641,0.11792333336547443,1.2859150482278083,0.028042709414651798,0.022202551007930803,0.08675818673044096,0.0
0.1,0.10668171457306591,0.025,0.0016,0.01066817145730641,0.11792333336547443,1.2859150482278083,0.028042709414651798,0.022202551007930803,0.08675818673044096,0.0004344849991460484
0.1,0.10668171457306591,0.025,0.0032,0.01066817145730641,0.11792333336547443,1.2859150482278083,0.028042709414651798,0.022202551007930803,0.08675818673044096,0.0017462687825103161
0.1,0.10668171457306591,0.025,0.0048000000000000004,0.01066817145730641,0.11792333336547443,1.2859150482278083,0.028042709414651798,0.022202551007930803,0.08675818673044096,0.00396033770787117
0.1,0.10668171457306591,0.025,0.0064,0.01066817145730641,0.11792333336547443,1.2859150482278083,0.028042709414651798,0.022202551007930803,0.08675818673044096,0.007118335704859221
0.1,0.10668171457306591,0.025,0.008,0.01066817145730641,0.11792333336547443,1.2859150482278083,0.028042709414651798,0.022202551007930803,0.08675818673044096,0.011278564274957324
0.1,0.10668171457306591,0.025,0.009600000000000001,0.01066817145730641,0.11792333336547443,1.2859150482278083,0.028042709414651798,0.022202551007930803,0.08675818673044096,0.01651598249150059
0.1,0.10668171457306591,0.025,0.0112,0.01066817145730641,0.11792333336547443,1.2859150482278083,0.028042709414651798,0.022202551007930803,0.08675818673044096,0.022922206999676342
0.1,0.10668171457306591,0.025,0.0128,0.01066817145730641,0.11792333336547443,1.2859150482278083,0.028042709414651798,0.022202551007930803,0.08675818673044096,0.030605512016524204
0.1,0.10668171457306591,0.025,0.014400000000000001,0.01066817145730641,0.11792333336547443,1.2859150482278083,0.028042709414651798,0.022202551007930803,0.08675818673044096,0.03969082933093598
0.1,0.10668171457306591,0.025,0.016,0.01066817145730641,0.11792333336547443,1.2859150482278083,0.028042709414651798,0.022202551007930803,0.08675818673044096,0.05031974830365576
0.1,0.10668171457306591,0.04666666666666667,0.0,0.01066817145730641,0.11792333336547443,1.2859150482278083,0.02834275486517894,0.022440109166863398,0.08768646362549919,0.0
0.1,0.10668171457306591,0.04666666666666667,0.0016,0.01066817145730641,0.11792333336547443,1.2859150482278083,0.02834275486517894,0.022440109166863398,0.08768646362549919,0.0004391338098365
0.1,0.10668171457306591,0.04666666666666667,0.0032,0.01066817145730641,0.11792333336547443,1.2859150482278083,0.02834275486517894,0.022440109166863398,0.08768646362549919,0.001764953139854048
0.1,0.10668171457306591,0.04666666666666667,0.0048000000000000004,0.01066817145730641,0.11792333336547443,1.2859150482278083,0.02834275486517894,0.022440109166863398,0.08768646362549919,0.004002711691576788
0.1,0.10668171457306591,0.04666666666666667,0.0064,0.01066817145730641,0.11792333336547443,1.2859150482278083,0.02834275486517894,0.022440109166863398,0.08768646362549919,0.007194498967544959
0.1,0.10668171457306591,0.04666666666666667,0.008,0.01066817145730641,0.11792333336547443,1.2859150482278083,0.02834275486517894,0.022440109166863398,0.08768646362549919,0.011399240271314894
0.1,0.10668171457306591,0.04666666666666667,0.009600000000000001,0.01066817145730641,0.11792333336547443,1.2859150482278083,0.02834275486517894,0.022440109166863398,0.08768646362549919,0.016692696707459036
0.1,0.10668171457306591,0.04666666666666667,0.0112,0.01066817145730641,0.11792333336547443,1.2859150482278083,0.02834275486517894,0.022440109166863398,0.08768646362549919,0.023167465181565886
0.1,0.10668171457306591,0.04666666666666667,0.0128,0.01066817145730641,0.11792333336547443,1.2859150482278083,0.02834275486517894,0.022440109166863398,0.08768646362549919,0.030932978400240105
0.1,0.10668171457306591,0.04666666666666667,0.014400000000000001,0.01066817145730641,0.11792333336547443,1.2859150482278083,0.02834275486517894,0.022440109166863398,0.08768646362549919,0.040115504871102374
0.1,0.10668171457306591,0.04666666666666667,0.016,0.01066817145730641,0.11792333336547443,1.2859150482278083,0.02834275486517894,0.022440109166863398,0.08768646362549919,0.05085814890278953
0.1,0.10668171457306591,0.06833333333333333,0.0,0.01066817145730641,0.11792333336547443,1.2859150482278083,0.02864280031570608,0.02267766732579599,0.0886147405205574,0.0
0.1,0.10668171457306591,0.06833333333333333,0.0016,0.01066817145730641,0.11792333336547443,1.2859150482278083,0.02864280031570608,0.02267766732579599,0.0886147405205574,0.00044378262052695153
0.1,0.10668171457306591,0.06833333333333333,0.0032,0.01066817145730641,0.11792333336547443,1.2859150482278083,0.02864280031570608,0.02267766732579599,0.0886147405205574,0.0017836374971977797
0.1,0.10668171457306591,0.06833333333333333,0.0048000000000000004,0.01066817145730641,0.11792333336547443,1.2859150482278083,0.02864280031570608,0.02267766732579599,0.0886147405205574,0.004045085675282406
0.1,0.10668171457306591,0.06833333333333333,0.0064,0.01066817145730641,0.11792333336547443,1.2859150482278083,0.02864280031570608,0.02267766732579599,0.0886147405205574,0.0072706622302306945
0.1,0.10668171457306591,0.06833333333333333,0.008,0.01066817145730641,0.11792333336547443,1.2859150482278083,0.02864280031570608,0.02267766732579599,0.0886147405205574,0.011519916267672462
0.1,0.10668171457306591,0.06833333333333333,0.009600000000000001,0.01066817145730641,0.11792333336547443,1.2859150482278083,0.02864280031570608,0.02267766732579599,0.0886147405205574,0.016869410923417476
0.1,0.10668171457306591,0.06833333333333333,0.0112,0.01066817145730641,0.11792333336547443,1.2859150482278083,0.02864280031570608,0.02267766732579599,0.0886147405205574,0.023412723363455425
0.1,0.10668171457306591,0.06833333333333333,0.0128,0.01066817145730641,0.11792333336547443,1.2859150482278083,0.02864280031570608,0.02267766732579599,0.0886147405205574,0.031260444783955996
0.1,0.10668171457306591,0.06833333333333333,0.014400000000000001,0.01066817145730641,0.11792333336547443,1.2859150482278083,0.02864280031570608,0.02267766732579599,0.0886147405205574,0.040540180411268764
0.1,0.10668171457306591,0.06833333333333333,0.016,0.01066817145730641,0.11792333336547443,1.2859150482278083,0.02864280031570608,0.02267766732579599,0.0886147405205574,0.051396549501923294
0.1,0.10668171457306591,0.09,0.0,0.01066817145730641,0.11792333336547443,1.2859150482278083,0.028942845766233214,0.02291522548472858,0.0895430174156156,0.0
0.1,0.10668171457306591,0.09,0.0016,0.01066817145730641,0.11792333336547443,1.2859150482278083,0.028942845766233214,0.02291522548472858,0.0895430174156156,0.00044843143121740304
0.1,0.10668171457306591,0.09,0.0032,0.01066817145730641,0.11792333336547443,1.2859150482278083,0.028942845766233214,0.02291522548472858,0.0895430174156156,0.0018023218545415113
0.1,0.10668171457306591,0.09,0.0048000000000000004,0.01066817145730641,0.11792333336547443,1.2859150482278083,0.028942845766233214,0.02291522548472858,0.0895430174156156,0.004087459658988022
0.1,0.10668171457306591,0.09,0.0064,0.01066817145730641,0.11792333336547443,1.2859150482278083,0.028942845766233214,0.02291522548472858,0.0895430174156156,0.00734682549291643
0.1,0.10668171457306591,0.09,0.008,0.01066817145730641,0.11792333336547443,1.2859150482278083,0.028942845766233214,0.02291522548472858,0.0895430174156156,0.011640592264030029
0.1,0.10668171457306591,0.09,0.009600000000000001,0.01066817145730641,0.11792333336547443,1.2859150482278083,0.028942845766233214,0.02291522548472858,0.0895430174156156,0.017046125139375916
0.1,0.10668171457306591,0.09,0.0112,0.01066817145730641,0.11792333336547443,1.2859150482278083,0.028942845766233214,0.02291522548472858,0.0895430174156156,0.02365798154534496
0.1,0.10668171457306591,0.09,0.0128,0.01066817145730641,0.11792333336547443,1.2859150482278083,0.028942845766233214,0.02291522548472858,0.0895430174156156,0.031587911167671893
0.1,0.10668171457306591,0.09,0.014400000000000001,0.01066817145730641,0.11792333336547443,1.2859150482278083,0.028942845766233214,0.02291522548472858,0.0895430174156156,0.040964855951435154
0.1,0.10668171457306591,0.09,0.016,0.01066817145730641,0.11792333336547443,1.2859150482278083,0.028942845766233214,0.02291522548472858,0.0895430174156156,0.051934950101057045
0.12,0.10668171457306591,0.025,0.0,0.012801805748767691,0.1415080000385693,1.2859150482278083,0.03365125129758216,0.026643061209516965,0.10410982407652916,0.0
0.12,0.10668171457306591,0.025,0.0016,0.012801805748767691,0.1415080000385693,1.2859150482278083,0.03365125129758216,0.026643061209516965,0.10410982407652916,0.0005213819989752582
0.12,0.10668171457306591,0.025,0.0032,0.012801805748767691,0.1415080000385693,1.2859150482278083,0.03365125129758216,0.026643061209516965,0.10410982407652916,0.0020955225390123797
0.12,0.10668171457306591,0.025,0.0048000000000000004,0.012801805748767691,0.1415080000385693,1.2859150482278083,0.03365125129758216,0.026643061209516965,0.10410982407652916,0.004752405249445405
0.12,0.10668171457306591,0.025,0.0064,0.012801805748767691,0.1415080000385693,1.2859150482278083,0.03365125129758216,0.026643061209516965,0.10410982407652916,0.008542002845831067
0.12,0.10668171457306591,0.025,0.008,0.012801805748767691,0.1415080000385693,1.2859150482278083,0.03365125129758216,0.026643061209516965,0.10410982407652916,0.01353427712994879
0.12,0.10668171457306591,0.025,0.009600000000000001,0.012801805748767691,0.1415080000385693,1.2859150482278083,0.03365125129758216,0.026643061209516965,0.10410982407652916,0.01981917898980071
0.12,0.10668171457306591,0.025,0.0112,0.012801805748767691,0.1415080000385693,1.2859150482278083,0.03365125129758216,0.026643061209516965,0.10410982407652916,0.027506648399611613
0.12,0.10668171457306591,0.025,0.0128,0.012801805748767691,0.1415080000385693,1.2859150482278083,0.03365125129758216,0.026643061209516965,0.10410982407652916,0.03672661441982905
0.12,0.10668171457306591,0.025,0.014400000000000001,0.012801805748767691,0.1415080000385693,1.2859150482278083,0.03365125129758216,0.026643061209516965,0.10410982407652916,0.04762899519712318
0.12,0.10668171457306591,0.025,0.016,0.012801805748767691,0.1415080000385693,1.2859150482278083,0.03365125129758216,0.026643061209516965,0.10410982407652916,0.06038369796438692
0.12,0.10668171457306591,0.04666666666666667,0.0,0.012801805748767691,0.1415080000385693,1.2859150482278083,0.034011305838214725,0.02692813100023608,0.10522375635059904,0.0
0.12,0.10668171457306591,0.04666666666666667,0.0016,0.012801805748767691,0.1415080000385693,1.2859150482278083,0.034011305838214725,0.02692813100023608,0.10522375635059904,0.0005269605718038
0.12,0.10668171457306591,0.04666666666666667,0.0032,0.012801805748767691,0.1415080000385693,1.2859150482278083,0.034011305838214725,0.02692813100023608,0.10522375635059904,0.0021179437678248577
0.12,0.10668171457306591,0.04666666666666667,0.0048000000000000004,0.012801805748767691,0.1415080000385693,1.2859150482278083,0.034011305838214725,0.02692813100023608,0.10522375635059904,0.004803254029892147
0.12,0.10668171457306591,0.04666666666666667,0.0064,0.012801805748767691,0.1415080000385693,1.2859150482278083,0.034011305838214725,0.02692813100023608,0.10522375635059904,0.008633398761053951
0.12,0.10668171457306591,0.04666666666666667,0.008,0.012801805748767691,0.1415080000385693,1.2859150482278083,0.034011305838214725,0.02692813100023608,0.10522375635059904,0.013679088325577874
0.12,0.10668171457306591,0.04666666666666667,0.009600000000000001,0.012801805748767691,0.1415080000385693,1.2859150482278083,0.034011305838214725,0.02692813100023608,0.10522375635059904,0.020031236048950844
0.12,0.10668171457306591,0.04666666666666667,0.0112,0.012801805748767691,0.1415080000385693,1.2859150482278083,0.034011305838214725,0.02692813100023608,0.10522375635059904,0.027800958217879066
0.12,0.10668171457306591,0.04666666666666667,0.0128,0.012801805748767691,0.1415080000385693,1.2859150482278083,0.034011305838214725,0.02692813100023608,0.10522375635059904,0.037119574080288126
0.12,0.10668171457306591,0.04666666666666667,0.014400000000000001,0.012801805748767691,0.1415080000385693,1.2859150482278083,0.034011305838214725,0.02692813100023608,0.10522375635059904,0.048138605845322854
0.12,0.10668171457306591,0.04666666666666667,0.016,0.012801805748767691,0.1415080000385693,1.2859150482278083,0.034011305838214725,0.02692813100023608,0.10522375635059904,0.06102977868334744
0.12,0.10668171457306591,0.06833333333333333,0.0,0.012801805748767691,0.1415080000385693,1.2859150482278083,0.03437136037884729,0.027213200790955187,0.10633768862466889,0.0
0.12,0.10668171457306591,0.06833333333333333,0.0016,0.012801805748767691,0.1415080000385693,1.2859150482278083,0.03437136037884729,0.027213200790955187,0.10633768862466889,0.0005325391446323419
0.12,0.10668171457306591,0.06833333333333333,0.0032,0.012801805748767691,0.1415080000385693,1.2859150482278083,0.03437136037884729,0.027213200790955187,0.10633768862466889,0.0021403649966373357
0.12,0.10668171457306591,0.06833333333333333,0.0048000000000000004,0.012801805748767691,0.1415080000385693,1.2859150482278083,0.03437136037884729,0.027213200790955187,0.10633768862466889,0.004854102810338887
0.12,0.10668171457306591,0.06833333333333333,0.0064,0.012801805748767691,0.1415080000385693,1.2859150482278083,0.03437136037884729,0.027213200790955187,0.10633768862466889,0.008724794676276834
0.12,0.10668171457306591,0.06833333333333333,0.008,0.012801805748767691,0.1415080000385693,1.2859150482278083,0.03437136037884729,0.027213200790955187,0.10633768862466889,0.013823899521206955
0.12,0.10668171457306591,0.06833333333333333,0.009600000000000001,0.012801805748767691,0.1415080000385693,1.2859150482278083,0.03437136037884729,0.027213200790955187,0.10633768862466889,0.020243293108100975
0.12,0.10668171457306591,0.06833333333333333,0.0112,0.012801805748767691,0.1415080000385693,1.2859150482278083,0.03437136037884729,0.027213200790955187,0.10633768862466889,0.028095268036146512
0.12,0.10668171457306591,0.06833333333333333,0.0128,0.012801805748767691,0.1415080000385693,1.2859150482278083,0.03437136037884729,0.027213200790955187,0.10633768862466889,0.0375125337407472
0.12,0.10668171457306591,0.06833333333333333,0.014400000000000001,0.012801805748767691,0.1415080000385693,1.2859150482278083,0.03437136037884729,0.027213200790955187,0.10633768862466889,0.04864821649352252
0.12,0.10668171457306591,0.06833333333333333,0.016,0.012801805748767691,0.1415080000385693,1.2859150482278083,0.03437136037884729,0.027213200790955187,0.10633768862466889,0.06167585940230795
0.12,0.10668171457306591,0.09,0.0,0.012801805748767691,0.1415080000385693,1.2859150482278083,0.034731414919479855,0.027498270581674297,0.10745162089873873,0.0
0.12,0.10668171457306591,0.09,0.0016,0.012801805748767691,0.1415080000385693,1.2859150482278083,0.034731414919479855,0.027498270581674297,0.10745162089873873,0.0005381177174608836
0.12,0.10668171457306591,0.09,0.0032,0.012801805748767691,0.1415080000385693,1.2859150482278083,0.034731414919479855,0.027498270581674297,0.10745162089873873,0.0021627862254498136
0.12,0.10668171457306591,0.09,0.0048000000000000004,0.012801805748767691,0.1415080000385693,1.2859150482278083,0.034731414919479855,0.027498270581674297,0.10745162089873873,0.004904951590785627
0.12,0.10668171457306591,0.09,0.0064,0.012801805748767691,0.1415080000385693,1.2859150482278083,0.034731414919479855,0.027498270581674297,0.10745162089873873,0.008816190591499717
0.12,0.10668171457306591,0.09,0.008,0.012801805748767691,0.1415080000385693,1.2859150482278083,0.034731414919479855,0.027498270581674297,0.10745162089873873,0.013968710716836035
0.12,0.10668171457306591,0.09,0.009600000000000001,0.012801805748767691,0.1415080000385693,1.2859150482278083,0.034731414919479855,0.027498270581674297,0.10745162089873873,0.020455350167251102
0.12,0.10668171457306591,0.09,0.0112,0.012801805748767691,0.1415080000385693,1.2859150482278083,0.034731414919479855,0.027498270581674297,0.10745162089873873,0.02838957785441396
0.12,0.10668171457306591,0.09,0.0128,0.012801805748767691,0.1415080000385693,1.2859150482278083,0.034731414919479855,0.027498270581674297,0.10745162089873873,0.03790549340120627
0.12,0.10668171457306591,0.09,0.014400000000000001,0.012801805748767691,0.1415080000385693,1.2859150482278083,0.034731414919479855,0.027498270581674297,0.10745162089873873,0.04915782714172219
0.12,0.10668171457306591,0.09,0.016,0.012801805748767691,0.1415080000385693,1.2859150482278083,0.034731414919479855,0.027498270581674297,0.10745162089873873,0.06232194012126847
0.14,0.10668171457306591,0.025,0.0,0.014935440040228974,0.1650926667116642,1.2859150482278083,0.03925979318051252,0.031083571411103128,0.12146146142261736,0.0
0.14,0.10668171457306591,0.025,0.0016,0.014935440040228974,0.1650926667116642,1.2859150482278083,0.03925979318051252,0.031083571411103128,0.12146146142261736,0.0006082789988044679
0.14,0.10668171457306591,0.025,0.0032,0.014935440040228974,0.1650926667116642,1.2859150482278083,0.03925979318051252,0.031083571411103128,0.12146146142261736,0.002444776295514443
0.14,0.10668171457306591,0.025,0.0048000000000000004,0.014935440040228974,0.1650926667116642,1.2859150482278083,0.03925979318051252,0.031083571411103128,0.12146146142261736,0.0055444727910196395
0.14,0.10668171457306591,0.025,0.0064,0.014935440040228974,0.1650926667116642,1.2859150482278083,0.03925979318051252,0.031083571411103128,0.12146146142261736,0.009965669986802912
0.14,0.10668171457306591,0.025,0.008,0.014935440040228974,0.1650926667116642,1.2859150482278083,0.03925979318051252,0.031083571411103128,0.12146146142261736,0.01578998998494026
0.14,0.10668171457306591,0.025,0.009600000000000001,0.014935440040228974,0.1650926667116642,1.2859150482278083,0.03925979318051252,0.031083571411103128,0.12146146142261736,0.02312237548810083
0.14,0.10668171457306591,0.025,0.0112,0.014935440040228974,0.1650926667116642,1.2859150482278083,0.03925979318051252,0.031083571411103128,0.12146146142261736,0.03209108979954688
0.14,0.10668171457306591,0.025,0.0128,0.014935440040228974,0.1650926667116642,1.2859150482278083,0.03925979318051252,0.031083571411103128,0.12146146142261736,0.042847716823133895
0.14,0.10668171457306591,0.025,0.014400000000000001,0.014935440040228974,0.1650926667116642,1.2859150482278083,0.03925979318051252,0.031083571411103128,0.12146146142261736,0.055567161063310375
0.14,0.10668171457306591,0.025,0.016,0.014935440040228974,0.1650926667116642,1.2859150482278083,0.03925979318051252,0.031083571411103128,0.12146146142261736,0.07044764762511807
0.14,0.10668171457306591,0.04666666666666667,0.0,0.014935440040228974,0.1650926667116642,1.2859150482278083,0.039679856811250525,0.03141615283360876,0.12276104907569887,0.0
0.14,0.10668171457306591,0.04666666666666667,0.0016,0.014935440040228974,0.1650926667116642,1.2859150482278083,0.039679856811250525,0.03141615283360876,0.12276104907569887,0.0006147873337711
0.14,0.10668171457306591,0.04666666666666667,0.0032,0.014935440040228974,0.1650926667116642,1.2859150482278083,0.039679856811250525,0.03141615283360876,0.12276104907569887,0.0024709343957956672
0.14,0.10668171457306591,0.04666666666666667,0.0048000000000000004,0.014935440040228974,0.1650926667116642,1.2859150482278083,0.039679856811250525,0.03141615283360876,0.12276104907569887,0.005603796368207503
0.14,0.10668171457306591,0.04666666666666667,0.0064,0.014935440040228974,0.1650926667116642,1.2859150482278083,0.039679856811250525,0.03141615283360876,0.12276104907569887,0.010072298554562943
0.14,0.10668171457306591,0.04666666666666667,0.008,0.014935440040228974,0.1650926667116642,1.2859150482278083,0.039679856811250525,0.03141615283360876,0.12276104907569887,0.015958936379840853
0.14,0.10668171457306591,0.04666666666666667,0.009600000000000001,0.014935440040228974,0.1650926667116642,1.2859150482278083,0.039679856811250525,0.03141615283360876,0.12276104907569887,0.02336977539044265
0.14,0.10668171457306591,0.04666666666666667,0.0112,0.014935440040228974,0.1650926667116642,1.2859150482278083,0.039679856811250525,0.03141615283360876,0.12276104907569887,0.03243445125419225
0.14,0.10668171457306591,0.04666666666666667,0.0128,0.014935440040228974,0.1650926667116642,1.2859150482278083,0.039679856811250525,0.03141615283360876,0.12276104907569887,0.04330616976033615
0.14,0.10668171457306591,0.04666666666666667,0.014400000000000001,0.014935440040228974,0.1650926667116642,1.2859150482278083,0.039679856811250525,0.03141615283360876,0.12276104907569887,0.05616170681954333
0.14,0.10668171457306591,0.04666666666666667,0.016,0.014935440040228974,0.1650926667116642,1.2859150482278083,0.039679856811250525,0.03141615283360876,0.12276104907569887,0.07120140846390535
0.14,0.10668171457306591,0.06833333333333333,0.0,0.014935440040228974,0.1650926667116642,1.2859150482278083,0.04009992044198852,0.03174873425611439,0.12406063672878037,0.0
0.14,0.10668171457306591,0.06833333333333333,0.0016,0.014935440040228974,0.1650926667116642,1.2859150482278083,0.04009992044198852,0.03174873425611439,0.12406063672878037,0.0006212956687377322
0.14,0.10668171457306591,0.06833333333333333,0.0032,0.014935440040228974,0.1650926667116642,1.2859150482278083,0.04009992044198852,0.03174873425611439,0.12406063672878037,0.0024970924960768916
0.14,0.10668171457306591,0.06833333333333333,0.0048000000000000004,0.014935440040228974,0.1650926667116642,1.2859150482278083,0.04009992044198852,0.03174873425611439,0.12406063672878037,0.005663119945395368
0.14,0.10668171457306591,0.06833333333333333,0.0064,0.014935440040228974,0.1650926667116642,1.2859150482278083,0.04009992044198852,0.03174873425611439,0.12406063672878037,0.010178927122322974
0.14,0.10668171457306591,0.06833333333333333,0.008,0.014935440040228974,0.1650926667116642,1.2859150482278083,0.04009992044198852,0.03174873425611439,0.12406063672878037,0.016127882774741448
0.14,0.10668171457306591,0.06833333333333333,0.009600000000000001,0.014935440040228974,0.1650926667116642,1.2859150482278083,0.04009992044198852,0.03174873425611439,0.12406063672878037,0.02361717529278447
0.14,0.10668171457306591,0.06833333333333333,0.0112,0.014935440040228974,0.1650926667116642,1.2859150482278083,0.04009992044198852,0.03174873425611439,0.12406063672878037,0.0327778127088376
0.14,0.10668171457306591,0.06833333333333333,0.0128,0.014935440040228974,0.1650926667116642,1.2859150482278083,0.04009992044198852,0.03174873425611439,0.12406063672878037,0.0437646226975384
0.14,0.10668171457306591,0.06833333333333333,0.014400000000000001,0.014935440040228974,0.1650926667116642,1.2859150482278083,0.04009992044198852,0.03174873425611439,0.12406063672878037,0.05675625257577628
0.14,0.10668171457306591,0.06833333333333333,0.016,0.014935440040228974,0.1650926667116642,1.2859150482278083,0.04009992044198852,0.03174873425611439,0.12406063672878037,0.07195516930269262
0.14,0.10668171457306591,0.09,0.0,0.014935440040228974,0.1650926667116642,1.2859150482278083,0.04051998407272651,0.03208131567862002,0.12536022438186187,0.0
0.14,0.10668171457306591,0.09,0.0016,0.014935440040228974,0.1650926667116642,1.2859150482278083,0.04051998407272651,0.03208131567862002,0.12536022438186187,0.0006278040037043643
0.14,0.10668171457306591,0.09,0.0032,0.014935440040228974,0.1650926667116642,1.2859150482278083,0.04051998407272651,0.03208131567862002,0.12536022438186187,0.002523250596358116
0.14,0.10668171457306591,0.09,0.0048000000000000004,0.014935440040228974,0.1650926667116642,1.2859150482278083,0.04051998407272651,0.03208131567862002,0.12536022438186187,0.0057224435225832326
0.14,0.10668171457306591,0.09,0.0064,0.014935440040228974,0.1650926667116642,1.2859150482278083,0.04051998407272651,0.03208131567862002,0.12536022438186187,0.010285555690083005
0.14,0.10668171457306591,0.09,0.008,0.014935440040228974,0.1650926667116642,1.2859150482278083,0.04051998407272651,0.03208131567862002,0.12536022438186187,0.016296829169642042
0.14,0.10668171457306591,0.09,0.009600000000000001,0.014935440040228974,0.1650926667116642,1.2859150482278083,0.04051998407272651,0.03208131567862002,0.12536022438186187,0.02386457519512629
0.14,0.10668171457306591,0.09,0.0112,0.014935440040228974,0.1650926667116642,1.2859150482278083,0.04051998407272651,0.03208131567862002,0.12536022438186187,0.03312117416348296
0.14,0.10668171457306591,0.09,0.0128,0.014935440040228974,0.1650926667116642,1.2859150482278083,0.04051998407272651,0.03208131567862002,0.12536022438186187,0.044223075634740656
0.14,0.10668171457306591,0.09,0.014400000000000001,0.014935440040228974,0.1650926667116642,1.2859150482278083,0.04051998407272651,0.03208131567862002,0.12536022438186187,0.05735079833200922
0.14,0.10668171457306591,0.09,0.016,0.014935440040228974,0.1650926667116642,1.2859150482278083,0.04051998407272651,0.03208131567862002,0.12536022438186187,0.07270893014147989
0.16,0.10668171457306591,0.025,0.0,0.017069074331690255,0.1886773333847591,1.2859150482278083,0.04486833506344287,0.03552408161268929,0.1388130987687055,0.0
0.16,0.10668171457306591,0.025,0.0016,0.017069074331690255,0.1886773333847591,1.2859150482278083,0.04486833506344287,0.03552408161268929,0.1388130987687055,0.0006951759986336774
0.16,0.10668171457306591,0.025,0.0032,0.017069074331690255,0.1886773333847591,1.2859150482278083,0.04486833506344287,0.03552408161268929,0.1388130987687055,0.002794030052016505
0.16,0.10668171457306591,0.025,0.0048000000000000004,0.017069074331690255,0.1886773333847591,1.2859150482278083,0.04486833506344287,0.03552408161268929,0.1388130987687055,0.006336540332593872
0.16,0.10668171457306591,0.025,0.0064,0.017069074331690255,0.1886773333847591,1.2859150482278083,0.04486833506344287,0.03552408161268929,0.1388130987687055,0.011389337127774752
0.16,0.10668171457306591,0.025,0.008,0.017069074331690255,0.1886773333847591,1.2859150482278083,0.04486833506344287,0.03552408161268929,0.1388130987687055,0.018045702839931718
0.16,0.10668171457306591,0.025,0.009600000000000001,0.017069074331690255,0.1886773333847591,1.2859150482278083,0.04486833506344287,0.03552408161268929,0.1388130987687055,0.02642557198640094
0.16,0.10668171457306591,0.025,0.0112,0.017069074331690255,0.1886773333847591,1.2859150482278083,0.04486833506344287,0.03552408161268929,0.1388130987687055,0.03667553119948214
0.16,0.10668171457306591,0.025,0.0128,0.017069074331690255,0.1886773333847591,1.2859150482278083,0.04486833506344287,0.03552408161268929,0.1388130987687055,0.04896881922643872
0.16,0.10668171457306591,0.025,0.014400000000000001,0.017069074331690255,0.1886773333847591,1.2859150482278083,0.04486833506344287,0.03552408161268929,0.1388130987687055,0.06350532692949755
0.16,0.10668171457306591,0.025,0.016,0.017069074331690255,0.1886773333847591,1.2859150482278083,0.04486833506344287,0.03552408161268929,0.1388130987687055,0.0805115972858492
0.16,0.10668171457306591,0.04666666666666667,0.0,0.017069074331690255,0.1886773333847591,1.2859150482278083,0.0453484077842863,0.03590417466698144,0.1402983418007987,0.0
0.16,0.10668171457306591,0.04666666666666667,0.0016,0.017069074331690255,0.1886773333847591,1.2859150482278083,0.0453484077842863,0.03590417466698144,0.1402983418007987,0.0007026140957384
0.16,0.10668171457306591,0.04666666666666667,0.0032,0.017069074331690255,0.1886773333847591,1.2859150482278083,0.0453484077842863,0.03590417466698144,0.1402983418007987,0.0028239250237664768
0.16,0.10668171457306591,0.04666666666666667,0.0048000000000000004,0.017069074331690255,0.1886773333847591,1.2859150482278083,0.0453484077842863,0.03590417466698144,0.1402983418007987,0.006404338706522861
0.16,0.10668171457306591,0.04666666666666667,0.0064,0.017069074331690255,0.1886773333847591,1.2859150482278083,0.0453484077842863,0.03590417466698144,0.1402983418007987,0.011511198348071933
0.16,0.10668171457306591,0.04666666666666667,0.008,0.017069074331690255,0.1886773333847591,1.2859150482278083,0.0453484077842863,0.03590417466698144,0.1402983418007987,0.01823878443410383
0.16,0.10668171457306591,0.04666666666666667,0.009600000000000001,0.017069074331690255,0.1886773333847591,1.2859150482278083,0.0453484077842863,0.03590417466698144,0.1402983418007987,0.026708314731934454
0.16,0.10668171457306591,0.04666666666666667,0.0112,0.017069074331690255,0.1886773333847591,1.2859150482278083,0.0453484077842863,0.03590417466698144,0.1402983418007987,0.03706794429050542
0.16,0.10668171457306591,0.04666666666666667,0.0128,0.017069074331690255,0.1886773333847591,1.2859150482278083,0.0453484077842863,0.03590417466698144,0.1402983418007987,0.04949276544038416
0.16,0.10668171457306591,0.04666666666666667,0.014400000000000001,0.017069074331690255,0.1886773333847591,1.2859150482278083,0.0453484077842863,0.03590417466698144,0.1402983418007987,0.0641848077937638
0.16,0.10668171457306591,0.04666666666666667,0.016,0.017069074331690255,0.1886773333847591,1.2859150482278083,0.0453484077842863,0.03590417466698144,0.1402983418007987,0.08137303824446325
0.16,0.10668171457306591,0.06833333333333333,0.0,0.017069074331690255,0.1886773333847591,1.2859150482278083,0.04582848050512972,0.036284267721273585,0.14178358483289183,0.0
0.16,0.10668171457306591,0.06833333333333333,0.0016,0.017069074331690255,0.1886773333847591,1.2859150482278083,0.04582848050512972,0.036284267721273585,0.14178358483289183,0.0007100521928431224
0.16,0.10668171457306591,0.06833333333333333,0.0032,0.017069074331690255,0.1886773333847591,1.2859150482278083,0.04582848050512972,0.036284267721273585,0.14178358483289183,0.002853819995516447
0.16,0.10668171457306591,0.06833333333333333,0.0048000000000000004,0.017069074331690255,0.1886773333847591,1.2859150482278083,0.04582848050512972,0.036284267721273585,0.14178358483289183,0.006472137080451848
0.16,0.10668171457306591,0.06833333333333333,0.0064,0.017069074331690255,0.1886773333847591,1.2859150482278083,0.04582848050512972,0.036284267721273585,0.14178358483289183,0.01163305956836911
0.16,0.10668171457306591,0.06833333333333333,0.008,0.017069074331690255,0.1886773333847591,1.2859150482278083,0.04582848050512972,0.036284267721273585,0.14178358483289183,0.01843186602827594
0.16,0.10668171457306591,0.06833333333333333,0.009600000000000001,0.017069074331690255,0.1886773333847591,1.2859150482278083,0.04582848050512972,0.036284267721273585,0.14178358483289183,0.02699105747746796
0.16,0.10668171457306591,0.06833333333333333,0.0112,0.017069074331690255,0.1886773333847591,1.2859150482278083,0.04582848050512972,0.036284267721273585,0.14178358483289183,0.037460357381528676
0.16,0.10668171457306591,0.06833333333333333,0.0128,0.017069074331690255,0.1886773333847591,1.2859150482278083,0.04582848050512972,0.036284267721273585,0.14178358483289183,0.050016711654329596
0.16,0.10668171457306591,0.06833333333333333,0.014400000000000001,0.017069074331690255,0.1886773333847591,1.2859150482278083,0.04582848050512972,0.036284267721273585,0.14178358483289183,0.06486428865803003
0.16,0.10668171457306591,0.06833333333333333,0.016,0.017069074331690255,0.1886773333847591,1.2859150482278083,0.04582848050512972,0.036284267721273585,0.14178358483289183,0.08223447920307726
0.16,0.10668171457306591,0.09,0.0,0.017069074331690255,0.1886773333847591,1.2859150482278083,0.04630855322597314,0.03666436077556573,0.14326882786498496,0.0
0.16,0.10668171457306591,0.09,0.0016,0.017069074331690255,0.1886773333847591,1.2859150482278083,0.04630855322597314,0.03666436077556573,0.14326882786498496,0.0007174902899478448
0.16,0.10668171457306591,0.09,0.0032,0.017069074331690255,0.1886773333847591,1.2859150482278083,0.04630855322597314,0.03666436077556573,0.14326882786498496,0.002883714967266418
0.16,0.10668171457306591,0.09,0.0048000000000000004,0.017069074331690255,0.1886773333847591,1.2859150482278083,0.04630855322597314,0.03666436077556573,0.14326882786498496,0.006539935454380835
0.16,0.10668171457306591,0.09,0.0064,0.017069074331690255,0.1886773333847591,1.2859150482278083,0.04630855322597314,0.03666436077556573,0.14326882786498496,0.011754920788666287
0.16,0.10668171457306591,0.09,0.008,0.017069074331690255,0.1886773333847591,1.2859150482278083,0.04630855322597314,0.03666436077556573,0.14326882786498496,0.018624947622448044
0.16,0.10668171457306591,0.09,0.009600000000000001,0.017069074331690255,0.1886773333847591,1.2859150482278083,0.04630855322597314,0.03666436077556573,0.14326882786498496,0.027273800223001465
0.16,0.10668171457306591,0.09,0.0112,0.017069074331690255,0.1886773333847591,1.2859150482278083,0.04630855322597314,0.03666436077556573,0.14326882786498496,0.03785277047255194
0.16,0.10668171457306591,0.09,0.0128,0.017069074331690255,0.1886773333847591,1.2859150482278083,0.04630855322597314,0.03666436077556573,0.14326882786498496,0.050540657868275024
0.16,0.10668171457306591,0.09,0.014400000000000001,0.017069074331690255,0.1886773333847591,1.2859150482278083,0.04630855322597314,0.03666436077556573,0.14326882786498496,0.06554376952229624
0.16,0.10668171457306591,0.09,0.016,0.017069074331690255,0.1886773333847591,1.2859150482278083,0.04630855322597314,0.03666436077556573,0.14326882786498496,0.08309592016169128
0.18,0.10668171457306591,0.025,0.0,0.019202708623151536,0.21226200005785395,1.2859150482278083,0.05047687694637324,0.039964591814275446,0.15616473611479376,0.0
0.18,0.10668171457306591,0.025,0.0016,0.019202708623151536,0.21226200005785395,1.2859150482278083,0.05047687694637324,0.039964591814275446,0.15616473611479376,0.0007820729984628873
0.18,0.10668171457306591,0.025,0.0032,0.019202708623151536,0.21226200005785395,1.2859150482278083,0.05047687694637324,0.039964591814275446,0.15616473611479376,0.0031432838085185696
0.18,0.10668171457306591,0.025,0.0048000000000000004,0.019202708623151536,0.21226200005785395,1.2859150482278083,0.05047687694637324,0.039964591814275446,0.15616473611479376,0.007128607874168108
0.18,0.10668171457306591,0.025,0.0064,0.019202708623151536,0.21226200005785395,1.2859150482278083,0.05047687694637324,0.039964591814275446,0.15616473611479376,0.0128130042687466
0.18,0.10668171457306591,0.025,0.008,0.019202708623151536,0.21226200005785395,1.2859150482278083,0.05047687694637324,0.039964591814275446,0.15616473611479376,0.020301415694923188
0.18,0.10668171457306591,0.025,0.009600000000000001,0.019202708623151536,0.21226200005785395,1.2859150482278083,0.05047687694637324,0.039964591814275446,0.15616473611479376,0.029728768484701067
0.18,0.10668171457306591,0.025,0.0112,0.019202708623151536,0.21226200005785395,1.2859150482278083,0.05047687694637324,0.039964591814275446,0.15616473611479376,0.041259972599417424
0.18,0.10668171457306591,0.025,0.0128,0.019202708623151536,0.21226200005785395,1.2859150482278083,0.05047687694637324,0.039964591814275446,0.15616473611479376,0.05508992162974358
0.18,0.10668171457306591,0.025,0.014400000000000001,0.019202708623151536,0.21226200005785395,1.2859150482278083,0.05047687694637324,0.039964591814275446,0.15616473611479376,0.07144349279568477
0.18,0.10668171457306591,0.025,0.016,0.019202708623151536,0.21226200005785395,1.2859150482278083,0.05047687694637324,0.039964591814275446,0.15616473611479376,0.09057554694658038
0.18,0.10668171457306591,0.04666666666666667,0.0,0.019202708623151536,0.21226200005785395,1.2859150482278083,0.0510169587573221,0.04039219650035412,0.15783563452589855,0.0
0.18,0.10668171457306591,0.04666666666666667,0.0016,0.019202708623151536,0.21226200005785395,1.2859150482278083,0.0510169587573221,0.04039219650035412,0.15783563452589855,0.0007904408577057001
0.18,0.10668171457306591,0.04666666666666667,0.0032,0.019202708623151536,0.21226200005785395,1.2859150482278083,0.0510169587573221,0.04039219650035412,0.15783563452589855,0.0031769156517372867
0.18,0.10668171457306591,0.04666666666666667,0.0048000000000000004,0.019202708623151536,0.21226200005785395,1.2859150482278083,0.0510169587573221,0.04039219650035412,0.15783563452589855,0.007204881044838219
0.18,0.10668171457306591,0.04666666666666667,0.0064,0.019202708623151536,0.21226200005785395,1.2859150482278083,0.0510169587573221,0.04039219650035412,0.15783563452589855,0.012950098141580928
0.18,0.10668171457306591,0.04666666666666667,0.008,0.019202708623151536,0.21226200005785395,1.2859150482278083,0.0510169587573221,0.04039219650035412,0.15783563452589855,0.02051863248836681
0.18,0.10668171457306591,0.04666666666666667,0.009600000000000001,0.019202708623151536,0.21226200005785395,1.2859150482278083,0.0510169587573221,0.04039219650035412,0.15783563452589855,0.030046854073426263
0.18,0.10668171457306591,0.04666666666666667,0.0112,0.019202708623151536,0.21226200005785395,1.2859150482278083,0.0510169587573221,0.04039219650035412,0.15783563452589855,0.0417014373268186
0.18,0.10668171457306591,0.04666666666666667,0.0128,0.019202708623151536,0.21226200005785395,1.2859150482278083,0.0510169587573221,0.04039219650035412,0.15783563452589855,0.05567936112043219
0.18,0.10668171457306591,0.04666666666666667,0.014400000000000001,0.019202708623151536,0.21226200005785395,1.2859150482278083,0.0510169587573221,0.04039219650035412,0.15783563452589855,0.07220790876798427
0.18,0.10668171457306591,0.04666666666666667,0.016,0.019202708623151536,0.21226200005785395,1.2859150482278083,0.0510169587573221,0.04039219650035412,0.15783563452589855,0.09154466802502116
0.18,0.10668171457306591,0.06833333333333333,0.0,0.019202708623151536,0.21226200005785395,1.2859150482278083,0.05155704056827094,0.04081980118643278,0.15950653293700334,0.0
0.18,0.10668171457306591,0.06833333333333333,0.0016,0.019202708623151536,0.21226200005785395,1.2859150482278083,0.05155704056827094,0.04081980118643278,0.15950653293700334,0.0007988087169485128
0.18,0.10668171457306591,0.06833333333333333,0.0032,0.019202708623151536,0.21226200005785395,1.2859150482278083,0.05155704056827094,0.04081980118643278,0.15950653293700334,0.003210547494956004
0.18,0.10668171457306591,0.06833333333333333,0.0048000000000000004,0.019202708623151536,0.21226200005785395,1.2859150482278083,0.05155704056827094,0.04081980118643278,0.15950653293700334,0.0072811542155083306
0.18,0.10668171457306591,0.06833333333333333,0.0064,0.019202708623151536,0.21226200005785395,1.2859150482278083,0.05155704056827094,0.04081980118643278,0.15950653293700334,0.013087192014415253
0.18,0.10668171457306591,0.06833333333333333,0.008,0.019202708623151536,0.21226200005785395,1.2859150482278083,0.05155704056827094,0.04081980118643278,0.15950653293700334,0.020735849281810433
0.18,0.10668171457306591,0.06833333333333333,0.009600000000000001,0.019202708623151536,0.21226200005785395,1.2859150482278083,0.05155704056827094,0.04081980118643278,0.15950653293700334,0.03036493966215146
0.18,0.10668171457306591,0.06833333333333333,0.0112,0.019202708623151536,0.21226200005785395,1.2859150482278083,0.05155704056827094,0.04081980118643278,0.15950653293700334,0.04214290205421978
0.18,0.10668171457306591,0.06833333333333333,0.0128,0.019202708623151536,0.21226200005785395,1.2859150482278083,0.05155704056827094,0.04081980118643278,0.15950653293700334,0.05626880061112081
0.18,0.10668171457306591,0.06833333333333333,0.014400000000000001,0.019202708623151536,0.21226200005785395,1.2859150482278083,0.05155704056827094,0.04081980118643278,0.15950653293700334,0.07297232474028378
0.18,0.10668171457306591,0.06833333333333333,0.016,0.019202708623151536,0.21226200005785395,1.2859150482278083,0.05155704056827094,0.04081980118643278,0.15950653293700334,0.09251378910346195
0.18,0.10668171457306591,0.09,0.0,0.019202708623151536,0.21226200005785395,1.2859150482278083,0.05209712237921979,0.041247405872511446,0.1611774313481081,0.0
0.18,0.10668171457306591,0.09,0.0016,0.019202708623151536,0.21226200005785395,1.2859150482278083,0.05209712237921979,0.041247405872511446,0.1611774313481081,0.0008071765761913256
0.18,0.10668171457306591,0.09,0.0032,0.019202708623151536,0.21226200005785395,1.2859150482278083,0.05209712237921979,0.041247405872511446,0.1611774313481081,0.0032441793381747207
0.18,0.10668171457306591,0.09,0.0048000000000000004,0.019202708623151536,0.21226200005785395,1.2859150482278083,0.05209712237921979,0.041247405872511446,0.1611774313481081,0.007357427386178441
0.18,0.10668171457306591,0.09,0.0064,0.019202708623151536,0.21226200005785395,1.2859150482278083,0.05209712237921979,0.041247405872511446,0.1611774313481081,0.013224285887249576
0.18,0.10668171457306591,0.09,0.008,0.019202708623151536,0.21226200005785395,1.2859150482278083,0.05209712237921979,0.041247405872511446,0.1611774313481081,0.020953066075254052
0.18,0.10668171457306591,0.09,0.009600000000000001,0.019202708623151536,0.21226200005785395,1.2859150482278083,0.05209712237921979,0.041247405872511446,0.1611774313481081,0.030683025250876655
0.18,0.10668171457306591,0.09,0.0112,0.019202708623151536,0.21226200005785395,1.2859150482278083,0.05209712237921979,0.041247405872511446,0.1611774313481081,0.04258436678162095
0.18,0.10668171457306591,0.09,0.0128,0.019202708623151536,0.21226200005785395,1.2859150482278083,0.05209712237921979,0.041247405872511446,0.1611774313481081,0.05685824010180941
0.18,0.10668171457306591,0.09,0.014400000000000001,0.019202708623151536,0.21226200005785395,1.2859150482278083,0.05209712237921979,0.041247405872511446,0.1611774313481081,0.07373674071258329
0.18,0.10668171457306591,0.09,0.016,0.019202708623151536,0.21226200005785395,1.2859150482278083,0.05209712237921979,0.041247405872511446,0.1611774313481081,0.0934829101819027
0.06,0.1422623528031138,0.025,0.0,0.008535741168186745,0.0747848518275939,1.3886765499296774,0.015731232172956126,0.011632527591549842,0.04754281467150745,0.0
0.06,0.1422623528031138,0.025,0.0016,0.008535741168186745,0.0747848518275939,1.3886765499296774,0.015731232172956126,0.011632527591549842,0.04754281467150745,0.00023809441587490935
0.06,0.1422623528031138,0.025,0.0032,0.008535741168186745,0.0747848518275939,1.3886765499296774,0.015731232172956126,0.011632527591549842,0.04754281467150745,0.0009569417737081021
0.06,0.1422623528031138,0.025,0.0048000000000000004,0.008535741168186745,0.0747848518275939,1.3886765499296774,0.015731232172956126,0.011632527591549842,0.04754281467150745,0.0021702344041249727
0.06,0.1422623528031138,0.025,0.0064,0.008535741168186745,0.0747848518275939,1.3886765499296774,0.015731232172956126,0.011632527591549842,0.04754281467150745,0.003900792858167844
0.06,0.1422623528031138,0.025,0.008,0.008535741168186745,0.0747848518275939,1.3886765499296774,0.015731232172956126,0.011632527591549842,0.04754281467150745,0.006180565907295968
0.06,0.1422623528031138,0.025,0.009600000000000001,0.008535741168186745,0.0747848518275939,1.3886765499296774,0.015731232172956126,0.011632527591549842,0.04754281467150745,0.009050630543385533
0.06,0.1422623528031138,0.025,0.0112,0.008535741168186745,0.0747848518275939,1.3886765499296774,0.015731232172956126,0.011632527591549842,0.04754281467150745,0.012561191978729638
0.06,0.1422623528031138,0.025,0.0128,0.008535741168186745,0.0747848518275939,1.3886765499296774,0.015731232172956126,0.011632527591549842,0.04754281467150745,0.016771583646038344
0.06,0.1422623528031138,0.025,0.014400000000000001,0.008535741168186745,0.0747848518275939,1.3886765499296774,0.015731232172956126,0.011632527591549842,0.04754281467150745,0.021750267198438603
0.06,0.1422623528031138,0.025,0.016,0.008535741168186745,0.0747848518275939,1.3886765499296774,0.015731232172956126,0.011632527591549842,0.04754281467150745,0.02757483250947432
0.06,0.1422623528031138,0.04666666666666667,0.0,0.008535741168186745,0.0747848518275939,1.3886765499296774,0.015899549883448664,0.011756990849731036,0.04805150322354828,0.0
0.06,0.1422623528031138,0.04666666666666667,0.0016,0.008535741168186745,0.0747848518275939,1.3886765499296774,0.015899549883448664,0.011756990849731036,0.04805150322354828,0.00024064192814352982
0.06,0.1422623528031138,0.04666666666666667,0.0032,0.008535741168186745,0.0747848518275939,1.3886765499296774,0.015899549883448664,0.011756990849731036,0.04805150322354828,0.00096718065688358
0.06,0.1422623528031138,0.04666666666666667,0.0048000000000000004,0.008535741168186745,0.0747848518275939,1.3886765499296774,0.015899549883448664,0.011756990849731036,0.04805150322354828,0.0021934550191485326
0.06,0.1422623528031138,0.04666666666666667,0.0064,0.008535741168186745,0.0747848518275939,1.3886765499296774,0.015899549883448664,0.011756990849731036,0.04805150322354828,0.00394252973648569
0.06,0.1422623528031138,0.04666666666666667,0.008,0.008535741168186745,0.0747848518275939,1.3886765499296774,0.015899549883448664,0.011756990849731036,0.04805150322354828,0.006246695419061276
0.06,0.1422623528031138,0.04666666666666667,0.009600000000000001,0.008535741168186745,0.0747848518275939,1.3886765499296774,0.015899549883448664,0.011756990849731036,0.04805150322354828,0.009147468565660441
0.06,0.1422623528031138,0.04666666666666667,0.0112,0.008535741168186745,0.0747848518275939,1.3886765499296774,0.015899549883448664,0.011756990849731036,0.04805150322354828,0.012695591563687242
0.06,0.1422623528031138,0.04666666666666667,0.0128,0.008535741168186745,0.0747848518275939,1.3886765499296774,0.015899549883448664,0.011756990849731036,0.04805150322354828,0.01695103268916468
0.06,0.1422623528031138,0.04666666666666667,0.014400000000000001,0.008535741168186745,0.0747848518275939,1.3886765499296774,0.015899549883448664,0.011756990849731036,0.04805150322354828,0.02198298610673466
0.06,0.1422623528031138,0.04666666666666667,0.016,0.008535741168186745,0.0747848518275939,1.3886765499296774,0.015899549883448664,0.011756990849731036,0.04805150322354828,0.027869871869658003
0.06,0.1422623528031138,0.06833333333333333,0.0,0.008535741168186745,0.0747848518275939,1.3886765499296774,0.016067867593941198,0.011881454107912226,0.048560191775589095,0.0
0.06,0.1422623528031138,0.06833333333333333,0.0016,0.008535741168186745,0.0747848518275939,1.3886765499296774,0.016067867593941198,0.011881454107912226,0.048560191775589095,0.00024318944041215024
0.06,0.1422623528031138,0.06833333333333333,0.0032,0.008535741168186745,0.0747848518275939,1.3886765499296774,0.016067867593941198,0.011881454107912226,0.048560191775589095,0.0009774195400590576
0.06,0.1422623528031138,0.06833333333333333,0.0048000000000000004,0.008535741168186745,0.0747848518275939,1.3886765499296774,0.016067867593941198,0.011881454107912226,0.048560191775589095,0.0022166756341720916
0.06,0.1422623528031138,0.06833333333333333,0.0064,0.008535741168186745,0.0747848518275939,1.3886765499296774,0.016067867593941198,0.011881454107912226,0.048560191775589095,0.003984266614803535
0.06,0.1422623528031138,0.06833333333333333,0.008,0.008535741168186745,0.0747848518275939,1.3886765499296774,0.016067867593941198,0.011881454107912226,0.048560191775589095,0.006312824930826582
0.06,0.1422623528031138,0.06833333333333333,0.009600000000000001,0.008535741168186745,0.0747848518275939,1.3886765499296774,0.016067867593941198,0.011881454107912226,0.048560191775589095,0.009244306587935349
0.06,0.1422623528031138,0.06833333333333333,0.0112,0.008535741168186745,0.0747848518275939,1.3886765499296774,0.016067867593941198,0.011881454107912226,0.048560191775589095,0.012829991148644842
0.06,0.1422623528031138,0.06833333333333333,0.0128,0.008535741168186745,0.0747848518275939,1.3886765499296774,0.016067867593941198,0.011881454107912226,0.048560191775589095,0.017130481732291016
0.06,0.1422623528031138,0.06833333333333333,0.014400000000000001,0.008535741168186745,0.0747848518275939,1.3886765499296774,0.016067867593941198,0.011881454107912226,0.048560191775589095,0.022215705015030705
0.06,0.1422623528031138,0.06833333333333333,0.016,0.008535741168186745,0.0747848518275939,1.3886765499296774,0.016067867593941198,0.011881454107912226,0.048560191775589095,0.028164911229841674
0.06,0.1422623528031138,0.09,0.0,0.008535741168186745,0.0747848518275939,1.3886765499296774,0.01623618530443373,0.012005917366093417,0.04906888032762991,0.0
0.06,0.1422623528031138,0.09,0.0016,0.008535741168186745,0.0747848518275939,1.3886765499296774,0.01623618530443373,0.012005917366093417,0.04906888032762991,0.0002457369526807706
0.06,0.1422623528031138,0.09,0.0032,0.008535741168186745,0.0747848518275939,1.3886765499296774,0.01623618530443373,0.012005917366093417,0.04906888032762991,0.000987658423234535
0.06,0.1422623528031138,0.09,0.0048000000000000004,0.008535741168186745,0.0747848518275939,1.3886765499296774,0.01623618530443373,0.012005917366093417,0.04906888032762991,0.002239896249195651
0.06,0.1422623528031138,0.09,0.0064,0.008535741168186745,0.0747848518275939,1.3886765499296774,0.01623618530443373,0.012005917366093417,0.04906888032762991,0.00402600349312138
0.06,0.1422623528031138,0.09,0.008,0.008535741168186745,0.0747848518275939,1.3886765499296774,0.01623618530443373,0.012005917366093417,0.04906888032762991,0.0063789544425918885
0.06,0.1422623528031138,0.09,0.009600000000000001,0.008535741168186745,0.0747848518275939,1.3886765499296774,0.01623618530443373,0.012005917366093417,0.04906888032762991,0.009341144610210255
0.06,0.1422623528031138,0.09,0.0112,0.008535741168186745,0.0747848518275939,1.3886765499296774,0.01623618530443373,0.012005917366093417,0.04906888032762991,0.012964390733602442
0.06,0.1422623528031138,0.09,0.0128,0.008535741168186745,0.0747848518275939,1.3886765499296774,0.01623618530443373,0.012005917366093417,0.04906888032762991,0.01730993077541735
0.06,0.1422623528031138,0.09,0.014400000000000001,0.008535741168186745,0.0747848518275939,1.3886765499296774,0.01623618530443373,0.012005917366093417,0.04906888032762991,0.022448423923326754
0.06,0.1422623528031138,0.09,0.016,0.008535741168186745,0.0747848518275939,1.3886765499296774,0.01623618530443373,0.012005917366093417,0.04906888032762991,0.02845995059002535
0.08,0.1422623528031138,0.025,0.0,0.011380988224248994,0.0997131357701252,1.3886765499296774,0.020974976230608167,0.015510036788733124,0.06339041956200994,0.0
0.08,0.1422623528031138,0.025,0.0016,0.011380988224248994,0.0997131357701252,1.3886765499296774,0.020974976230608167,0.015510036788733124,0.06339041956200994,0.0003174592211665459
0.08,0.1422623528031138,0.025,0.0032,0.011380988224248994,0.0997131357701252,1.3886765499296774,0.020974976230608167,0.015510036788733124,0.06339041956200994,0.0012759223649441364
0.08,0.1422623528031138,0.025,0.0048000000000000004,0.011380988224248994,0.0997131357701252,1.3886765499296774,0.020974976230608167,0.015510036788733124,0.06339041956200994,0.002893645872166631
0.08,0.1422623528031138,0.025,0.0064,0.011380988224248994,0.0997131357701252,1.3886765499296774,0.020974976230608167,0.015510036788733124,0.06339041956200994,0.005201057144223793
0.08,0.1422623528031138,0.025,0.008,0.011380988224248994,0.0997131357701252,1.3886765499296774,0.020974976230608167,0.015510036788733124,0.06339041956200994,0.008240754543061293
0.08,0.1422623528031138,0.025,0.009600000000000001,0.011380988224248994,0.0997131357701252,1.3886765499296774,0.020974976230608167,0.015510036788733124,0.06339041956200994,0.012067507391180713
0.08,0.1422623528031138,0.025,0.0112,0.011380988224248994,0.0997131357701252,1.3886765499296774,0.020974976230608167,0.015510036788733124,0.06339041956200994,0.01674825597163952
0.08,0.1422623528031138,0.025,0.0128,0.011380988224248994,0.0997131357701252,1.3886765499296774,0.020974976230608167,0.015510036788733124,0.06339041956200994,0.022362111528051128
0.08,0.1422623528031138,0.025,0.014400000000000001,0.011380988224248994,0.0997131357701252,1.3886765499296774,0.020974976230608167,0.015510036788733124,0.06339041956200994,0.029000356264584807
0.08,0.1422623528031138,0.025,0.016,0.011380988224248994,0.0997131357701252,1.3886765499296774,0.020974976230608167,0.015510036788733124,0.06339041956200994,0.036766443345965766
0.08,0.1422623528031138,0.04666666666666667,0.0,0.011380988224248994,0.0997131357701252,1.3886765499296774,0.021199399844598215,0.01567598779964138,0.06406867096473104,0.0
0.08,0.1422623528031138,0.04666666666666667,0.0016,0.011380988224248994,0.0997131357701252,1.3886765499296774,0.021199399844598215,0.01567598779964138,0.06406867096473104,0.00032085590419137313
0.08,0.1422623528031138,0.04666666666666667,0.0032,0.011380988224248994,0.0997131357701252,1.3886765499296774,0.021199399844598215,0.01567598779964138,0.06406867096473104,0.0012895742091781066
0.08,0.1422623528031138,0.04666666666666667,0.0048000000000000004,0.011380988224248994,0.0997131357701252,1.3886765499296774,0.021199399844598215,0.01567598779964138,0.06406867096473104,0.0029246066921980434
0.08,0.1422623528031138,0.04666666666666667,0.0064,0.011380988224248994,0.0997131357701252,1.3886765499296774,0.021199399844598215,0.01567598779964138,0.06406867096473104,0.005256706315314254
0.08,0.1422623528031138,0.04666666666666667,0.008,0.011380988224248994,0.0997131357701252,1.3886765499296774,0.021199399844598215,0.01567598779964138,0.06406867096473104,0.008328927225415035
0.08,0.1422623528031138,0.04666666666666667,0.009600000000000001,0.011380988224248994,0.0997131357701252,1.3886765499296774,0.021199399844598215,0.01567598779964138,0.06406867096473104,0.012196624754213924
0.08,0.1422623528031138,0.04666666666666667,0.0112,0.011380988224248994,0.0997131357701252,1.3886765499296774,0.021199399844598215,0.01567598779964138,0.06406867096473104,0.016927455418249655
0.08,0.1422623528031138,0.04666666666666667,0.0128,0.011380988224248994,0.0997131357701252,1.3886765499296774,0.021199399844598215,0.01567598779964138,0.06406867096473104,0.022601376918886244
0.08,0.1422623528031138,0.04666666666666667,0.014400000000000001,0.011380988224248994,0.0997131357701252,1.3886765499296774,0.021199399844598215,0.01567598779964138,0.06406867096473104,0.029310648142312875
0.08,0.1422623528031138,0.04666666666666667,0.016,0.011380988224248994,0.0997131357701252,1.3886765499296774,0.021199399844598215,0.01567598779964138,0.06406867096473104,0.037159829159544
0.08,0.1422623528031138,0.06833333333333333,0.0,0.011380988224248994,0.0997131357701252,1.3886765499296774,0.02142382345858826,0.015841938810549634,0.06474692236745212,0.0
0.08,0.1422623528031138,0.06833333333333333,0.0016,0.011380988224248994,0.0997131357701252,1.3886765499296774,0.02142382345858826,0.015841938810549634,0.06474692236745212,0.0003242525872162003
0.08,0.1422623528031138,0.06833333333333333,0.0032,0.011380988224248994,0.0997131357701252,1.3886765499296774,0.02142382345858826,0.015841938810549634,0.06474692236745212,0.0013032260534120764
0.08,0.1422623528031138,0.06833333333333333,0.0048000000000000004,0.011380988224248994,0.0997131357701252,1.3886765499296774,0.02142382345858826,0.015841938810549634,0.06474692236745212,0.002955567512229455
0.08,0.1422623528031138,0.06833333333333333,0.0064,0.011380988224248994,0.0997131357701252,1.3886765499296774,0.02142382345858826,0.015841938810549634,0.06474692236745212,0.005312355486404712
0.08,0.1422623528031138,0.06833333333333333,0.008,0.011380988224248994,0.0997131357701252,1.3886765499296774,0.02142382345858826,0.015841938810549634,0.06474692236745212,0.008417099907768776
0.08,0.1422623528031138,0.06833333333333333,0.009600000000000001,0.011380988224248994,0.0997131357701252,1.3886765499296774,0.02142382345858826,0.015841938810549634,0.06474692236745212,0.01232574211724713
0.08,0.1422623528031138,0.06833333333333333,0.0112,0.011380988224248994,0.0997131357701252,1.3886765499296774,0.02142382345858826,0.015841938810549634,0.06474692236745212,0.017106654864859787
0.08,0.1422623528031138,0.06833333333333333,0.0128,0.011380988224248994,0.0997131357701252,1.3886765499296774,0.02142382345858826,0.015841938810549634,0.06474692236745212,0.022840642309721354
0.08,0.1422623528031138,0.06833333333333333,0.014400000000000001,0.011380988224248994,0.0997131357701252,1.3886765499296774,0.02142382345858826,0.015841938810549634,0.06474692236745212,0.02962094002004094
0.08,0.1422623528031138,0.06833333333333333,0.016,0.011380988224248994,0.0997131357701252,1.3886765499296774,0.02142382345858826,0.015841938810549634,0.06474692236745212,0.03755321497312223
0.08,0.1422623528031138,0.09,0.0,0.011380988224248994,0.0997131357701252,1.3886765499296774,0.021648247072578303,0.01600788982145789,0.06542517377017322,0.0
0.08,0.1422623528031138,0.09,0.0016,0.011380988224248994,0.0997131357701252,1.3886765499296774,0.021648247072578303,0.01600788982145789,0.06542517377017322,0.00032764927024102753
0.08,0.1422623528031138,0.09,0.0032,0.011380988224248994,0.0997131357701252,1.3886765499296774,0.021648247072578303,0.01600788982145789,0.06542517377017322,0.0013168778976460468
0.08,0.1422623528031138,0.09,0.0048000000000000004,0.011380988224248994,0.0997131357701252,1.3886765499296774,0.021648247072578303,0.01600788982145789,0.06542517377017322,0.0029865283322608677
0.08,0.1422623528031138,0.09,0.0064,0.011380988224248994,0.0997131357701252,1.3886765499296774,0.021648247072578303,0.01600788982145789,0.06542517377017322,0.005368004657495173
0.08,0.1422623528031138,0.09,0.008,0.011380988224248994,0.0997131357701252,1.3886765499296774,0.021648247072578303,0.01600788982145789,0.06542517377017322,0.008505272590122518
0.08,0.1422623528031138,0.09,0.009600000000000001,0.011380988224248994,0.0997131357701252,1.3886765499296774,0.021648247072578303,0.01600788982145789,0.06542517377017322,0.012454859480280338
0.08,0.1422623528031138,0.09,0.0112,0.011380988224248994,0.0997131357701252,1.3886765499296774,0.021648247072578303,0.01600788982145789,0.06542517377017322,0.017285854311469926
0.08,0.1422623528031138,0.09,0.0128,0.011380988224248994,0.0997131357701252,1.3886765499296774,0.021648247072578303,0.01600788982145789,0.06542517377017322,0.02307990770055647
0.08,0.1422623528031138,0.09,0.014400000000000001,0.011380988224248994,0.0997131357701252,1.3886765499296774,0.021648247072578303,0.01600788982145789,0.06542517377017322,0.029931231897769008
0.08,0.1422623528031138,0.09,0.016,0.011380988224248994,0.0997131357701252,1.3886765499296774,0.021648247072578303,0.01600788982145789,0.06542517377017322,0.037946600786700466
0.1,0.1422623528031138,0.025,0.0,0.014226235280311243,0.1246414197126565,1.3886765499296774,0.02621872028826021,0.019387545985916403,0.07923802445251242,0.0
0.1,0.1422623528031138,0.025,0.0016,0.014226235280311243,0.1246414197126565,1.3886765499296774,0.02621872028826021,0.019387545985916403,0.07923802445251242,0.0003968240264581823
0.1,0.1422623528031138,0.025,0.0032,0.014226235280311243,0.1246414197126565,1.3886765499296774,0.02621872028826021,0.019387545985916403,0.07923802445251242,0.0015949029561801705
0.1,0.1422623528031138,0.025,0.0048000000000000004,0.014226235280311243,0.1246414197126565,1.3886765499296774,0.02621872028826021,0.019387545985916403,0.07923802445251242,0.003617057340208288
0.1,0.1422623528031138,0.025,0.0064,0.014226235280311243,0.1246414197126565,1.3886765499296774,0.02621872028826021,0.019387545985916403,0.07923802445251242,0.006501321430279741
0.1,0.1422623528031138,0.025,0.008,0.014226235280311243,0.1246414197126565,1.3886765499296774,0.02621872028826021,0.019387545985916403,0.07923802445251242,0.010300943178826615
0.1,0.1422623528031138,0.025,0.009600000000000001,0.014226235280311243,0.1246414197126565,1.3886765499296774,0.02621872028826021,0.019387545985916403,0.07923802445251242,0.015084384238975889
0.1,0.1422623528031138,0.025,0.0112,0.014226235280311243,0.1246414197126565,1.3886765499296774,0.02621872028826021,0.019387545985916403,0.07923802445251242,0.020935319964549396
0.1,0.1422623528031138,0.025,0.0128,0.014226235280311243,0.1246414197126565,1.3886765499296774,0.02621872028826021,0.019387545985916403,0.07923802445251242,0.027952639410063908
0.1,0.1422623528031138,0.025,0.014400000000000001,0.014226235280311243,0.1246414197126565,1.3886765499296774,0.02621872028826021,0.019387545985916403,0.07923802445251242,0.036250445330731004
0.1,0.1422623528031138,0.025,0.016,0.014226235280311243,0.1246414197126565,1.3886765499296774,0.02621872028826021,0.019387545985916403,0.07923802445251242,0.0459580541824572
0.1,0.1422623528031138,0.04666666666666667,0.0,0.014226235280311243,0.1246414197126565,1.3886765499296774,0.02649924980574777,0.019594984749551726,0.0800858387059138,0.0
0.1,0.1422623528031138,0.04666666666666667,0.0016,0.014226235280311243,0.1246414197126565,1.3886765499296774,0.02649924980574777,0.019594984749551726,0.0800858387059138,0.0004010698802392164
0.1,0.1422623528031138,0.04666666666666667,0.0032,0.014226235280311243,0.1246414197126565,1.3886765499296774,0.02649924980574777,0.019594984749551726,0.0800858387059138,0.0016119677614726334
0.1,0.1422623528031138,0.04666666666666667,0.0048000000000000004,0.014226235280311243,0.1246414197126565,1.3886765499296774,0.02649924980574777,0.019594984749551726,0.0800858387059138,0.0036557583652475543
0.1,0.1422623528031138,0.04666666666666667,0.0064,0.014226235280311243,0.1246414197126565,1.3886765499296774,0.02649924980574777,0.019594984749551726,0.0800858387059138,0.006570882894142817
0.1,0.1422623528031138,0.04666666666666667,0.008,0.014226235280311243,0.1246414197126565,1.3886765499296774,0.02649924980574777,0.019594984749551726,0.0800858387059138,0.010411159031768796
0.1,0.1422623528031138,0.04666666666666667,0.009600000000000001,0.014226235280311243,0.1246414197126565,1.3886765499296774,0.02649924980574777,0.019594984749551726,0.0800858387059138,0.015245780942767405
0.1,0.1422623528031138,0.04666666666666667,0.0112,0.014226235280311243,0.1246414197126565,1.3886765499296774,0.02649924980574777,0.019594984749551726,0.0800858387059138,0.02115931927281207
0.1,0.1422623528031138,0.04666666666666667,0.0128,0.014226235280311243,0.1246414197126565,1.3886765499296774,0.02649924980574777,0.019594984749551726,0.0800858387059138,0.028251721148607807
0.1,0.1422623528031138,0.04666666666666667,0.014400000000000001,0.014226235280311243,0.1246414197126565,1.3886765499296774,0.02649924980574777,0.019594984749551726,0.0800858387059138,0.0366383101778911
0.1,0.1422623528031138,0.04666666666666667,0.016,0.014226235280311243,0.1246414197126565,1.3886765499296774,0.02649924980574777,0.019594984749551726,0.0800858387059138,0.04644978644943001
0.1,0.1422623528031138,0.06833333333333333,0.0,0.014226235280311243,0.1246414197126565,1.3886765499296774,0.026779779323235327,0.019802423513187044,0.08093365295931516,0.0
0.1,0.1422623528031138,0.06833333333333333,0.0016,0.014226235280311243,0.1246414197126565,1.3886765499296774,0.026779779323235327,0.019802423513187044,0.08093365295931516,0.0004053157340202504
0.1,0.1422623528031138,0.06833333333333333,0.0032,0.014226235280311243,0.1246414197126565,1.3886765499296774,0.026779779323235327,0.019802423513187044,0.08093365295931516,0.0016290325667650959
0.1,0.1422623528031138,0.06833333333333333,0.0048000000000000004,0.014226235280311243,0.1246414197126565,1.3886765499296774,0.026779779323235327,0.019802423513187044,0.08093365295931516,0.0036944593902868196
0.1,0.1422623528031138,0.06833333333333333,0.0064,0.014226235280311243,0.1246414197126565,1.3886765499296774,0.026779779323235327,0.019802423513187044,0.08093365295931516,0.006640444358005892
0.1,0.1422623528031138,0.06833333333333333,0.008,0.014226235280311243,0.1246414197126565,1.3886765499296774,0.026779779323235327,0.019802423513187044,0.08093365295931516,0.010521374884710971
0.1,0.1422623528031138,0.06833333333333333,0.009600000000000001,0.014226235280311243,0.1246414197126565,1.3886765499296774,0.026779779323235327,0.019802423513187044,0.08093365295931516,0.015407177646558913
0.1,0.1422623528031138,0.06833333333333333,0.0112,0.014226235280311243,0.1246414197126565,1.3886765499296774,0.026779779323235327,0.019802423513187044,0.08093365295931516,0.02138331858107474
0.1,0.1422623528031138,0.06833333333333333,0.0128,0.014226235280311243,0.1246414197126565,1.3886765499296774,0.026779779323235327,0.019802423513187044,0.08093365295931516,0.028550802887151696
0.1,0.1422623528031138,0.06833333333333333,0.014400000000000001,0.014226235280311243,0.1246414197126565,1.3886765499296774,0.026779779323235327,0.019802423513187044,0.08093365295931516,0.03702617502505118
0.1,0.1422623528031138,0.06833333333333333,0.016,0.014226235280311243,0.1246414197126565,1.3886765499296774,0.026779779323235327,0.019802423513187044,0.08093365295931516,0.04694151871640279
0.1,0.1422623528031138,0.09,0.0,0.014226235280311243,0.1246414197126565,1.3886765499296774,0.027060308840722882,0.020009862276822363,0.08178146721271652,0.0
0.1,0.1422623528031138,0.09,0.0016,0.014226235280311243,0.1246414197126565,1.3886765499296774,0.027060308840722882,0.020009862276822363,0.08178146721271652,0.00040956158780128444
0.1,0.1422623528031138,0.09,0.0032,0.014226235280311243,0.1246414197126565,1.3886765499296774,0.027060308840722882,0.020009862276822363,0.08178146721271652,0.0016460973720575584
0.1,0.1422623528031138,0.09,0.0048000000000000004,0.014226235280311243,0.1246414197126565,1.3886765499296774,0.027060308840722882,0.020009862276822363,0.08178146721271652,0.003733160415326085
0.1,0.1422623528031138,0.09,0.0064,0.014226235280311243,0.1246414197126565,1.3886765499296774,0.027060308840722882,0.020009862276822363,0.08178146721271652,0.006710005821868967
0.1,0.1422623528031138,0.09,0.008,0.014226235280311243,0.1246414197126565,1.3886765499296774,0.027060308840722882,0.020009862276822363,0.08178146721271652,0.010631590737653148
0.1,0.1422623528031138,0.09,0.009600000000000001,0.014226235280311243,0.1246414197126565,1.3886765499296774,0.027060308840722882,0.020009862276822363,0.08178146721271652,0.015568574350350422
0.1,0.1422623528031138,0.09,0.0112,0.014226235280311243,0.1246414197126565,1.3886765499296774,0.027060308840722882,0.020009862276822363,0.08178146721271652,0.021607317889337403
0.1,0.1422623528031138,0.09,0.0128,0.014226235280311243,0.1246414197126565,1.3886765499296774,0.027060308840722882,0.020009862276822363,0.08178146721271652,0.02884988462569559
0.1,0.1422623528031138,0.09,0.014400000000000001,0.014226235280311243,0.1246414197126565,1.3886765499296774,0.027060308840722882,0.020009862276822363,0.08178146721271652,0.037414039872211265
0.1,0.1422623528031138,0.09,0.016,0.014226235280311243,0.1246414197126565,1.3886765499296774,0.027060308840722882,0.020009862276822363,0.08178146721271652,0.047433250983375586
0.12,0.1422623528031138,0.025,0.0,0.01707148233637349,0.1495697036551878,1.3886765499296774,0.03146246434591225,0.023265055183099684,0.0950856293430149,0.0
0.12,0.1422623528031138,0.025,0.0016,0.01707148233637349,0.1495697036551878,1.3886765499296774,0.03146246434591225,0.023265055183099684,0.0950856293430149,0.0004761888317498187
0.12,0.1422623528031138,0.025,0.0032,0.01707148233637349,0.1495697036551878,1.3886765499296774,0.03146246434591225,0.023265055183099684,0.0950856293430149,0.0019138835474162043
0.12,0.1422623528031138,0.025,0.0048000000000000004,0.01707148233637349,0.1495697036551878,1.3886765499296774,0.03146246434591225,0.023265055183099684,0.0950856293430149,0.004340468808249945
0.12,0.1422623528031138,0.025,0.0064,0.01707148233637349,0.1495697036551878,1.3886765499296774,0.03146246434591225,0.023265055183099684,0.0950856293430149,0.007801585716335688
0.12,0.1422623528031138,0.025,0.008,0.01707148233637349,0.1495697036551878,1.3886765499296774,0.03146246434591225,0.023265055183099684,0.0950856293430149,0.012361131814591936
0.12,0.1422623528031138,0.025,0.009600000000000001,0.01707148233637349,0.1495697036551878,1.3886765499296774,0.03146246434591225,0.023265055183099684,0.0950856293430149,0.018101261086771066
0.12,0.1422623528031138,0.025,0.0112,0.01707148233637349,0.1495697036551878,1.3886765499296774,0.03146246434591225,0.023265055183099684,0.0950856293430149,0.025122383957459277
0.12,0.1422623528031138,0.025,0.0128,0.01707148233637349,0.1495697036551878,1.3886765499296774,0.03146246434591225,0.023265055183099684,0.0950856293430149,0.03354316729207669
0.12,0.1422623528031138,0.025,0.014400000000000001,0.01707148233637349,0.1495697036551878,1.3886765499296774,0.03146246434591225,0.023265055183099684,0.0950856293430149,0.043500534396877205
0.12,0.1422623528031138,0.025,0.016,0.01707148233637349,0.1495697036551878,1.3886765499296774,0.03146246434591225,0.023265055183099684,0.0950856293430149,0.05514966501894864
0.12,0.1422623528031138,0.04666666666666667,0.0,0.01707148233637349,0.1495697036551878,1.3886765499296774,0.03179909976689733,0.02351398169946207,0.09610300644709656,0.0
0.12,0.1422623528031138,0.04666666666666667,0.0016,0.01707148233637349,0.1495697036551878,1.3886765499296774,0.03179909976689733,0.02351398169946207,0.09610300644709656,0.00048128385628705964
0.12,0.1422623528031138,0.04666666666666667,0.0032,0.01707148233637349,0.1495697036551878,1.3886765499296774,0.03179909976689733,0.02351398169946207,0.09610300644709656,0.00193436131376716
0.12,0.1422623528031138,0.04666666666666667,0.0048000000000000004,0.01707148233637349,0.1495697036551878,1.3886765499296774,0.03179909976689733,0.02351398169946207,0.09610300644709656,0.004386910038297065
0.12,0.1422623528031138,0.04666666666666667,0.0064,0.01707148233637349,0.1495697036551878,1.3886765499296774,0.03179909976689733,0.02351398169946207,0.09610300644709656,0.00788505947297138
0.12,0.1422623528031138,0.04666666666666667,0.008,0.01707148233637349,0.1495697036551878,1.3886765499296774,0.03179909976689733,0.02351398169946207,0.09610300644709656,0.012493390838122552
0.12,0.1422623528031138,0.04666666666666667,0.009600000000000001,0.01707148233637349,0.1495697036551878,1.3886765499296774,0.03179909976689733,0.02351398169946207,0.09610300644709656,0.018294937131320882
0.12,0.1422623528031138,0.04666666666666667,0.0112,0.01707148233637349,0.1495697036551878,1.3886765499296774,0.03179909976689733,0.02351398169946207,0.09610300644709656,0.025391183127374484
0.12,0.1422623528031138,0.04666666666666667,0.0128,0.01707148233637349,0.1495697036551878,1.3886765499296774,0.03179909976689733,0.02351398169946207,0.09610300644709656,0.03390206537832936
0.12,0.1422623528031138,0.04666666666666667,0.014400000000000001,0.01707148233637349,0.1495697036551878,1.3886765499296774,0.03179909976689733,0.02351398169946207,0.09610300644709656,0.04396597221346932
0.12,0.1422623528031138,0.04666666666666667,0.016,0.01707148233637349,0.1495697036551878,1.3886765499296774,0.03179909976689733,0.02351398169946207,0.09610300644709656,0.055739743739316006
0.12,0.1422623528031138,0.06833333333333333,0.0,0.01707148233637349,0.1495697036551878,1.3886765499296774,0.032135735187882396,0.02376290821582445,0.09712038355117819,0.0
0.12,0.1422623528031138,0.06833333333333333,0.0016,0.01707148233637349,0.1495697036551878,1.3886765499296774,0.032135735187882396,0.02376290821582445,0.09712038355117819,0.00048637888082430047
0.12,0.1422623528031138,0.06833333333333333,0.0032,0.01707148233637349,0.1495697036551878,1.3886765499296774,0.032135735187882396,0.02376290821582445,0.09712038355117819,0.001954839080118115
0.12,0.1422623528031138,0.06833333333333333,0.0048000000000000004,0.01707148233637349,0.1495697036551878,1.3886765499296774,0.032135735187882396,0.02376290821582445,0.09712038355117819,0.004433351268344183
0.12,0.1422623528031138,0.06833333333333333,0.0064,0.01707148233637349,0.1495697036551878,1.3886765499296774,0.032135735187882396,0.02376290821582445,0.09712038355117819,0.00796853322960707
0.12,0.1422623528031138,0.06833333333333333,0.008,0.01707148233637349,0.1495697036551878,1.3886765499296774,0.032135735187882396,0.02376290821582445,0.09712038355117819,0.012625649861653165
0.12,0.1422623528031138,0.06833333333333333,0.009600000000000001,0.01707148233637349,0.1495697036551878,1.3886765499296774,0.032135735187882396,0.02376290821582445,0.09712038355117819,0.018488613175870697
0.12,0.1422623528031138,0.06833333333333333,0.0112,0.01707148233637349,0.1495697036551878,1.3886765499296774,0.032135735187882396,0.02376290821582445,0.09712038355117819,0.025659982297289684
0.12,0.1422623528031138,0.06833333333333333,0.0128,0.01707148233637349,0.1495697036551878,1.3886765499296774,0.032135735187882396,0.02376290821582445,0.09712038355117819,0.03426096346458203
0.12,0.1422623528031138,0.06833333333333333,0.014400000000000001,0.01707148233637349,0.1495697036551878,1.3886765499296774,0.032135735187882396,0.02376290821582445,0.09712038355117819,0.04443141003006141
0.12,0.1422623528031138,0.06833333333333333,0.016,0.01707148233637349,0.1495697036551878,1.3886765499296774,0.032135735187882396,0.02376290821582445,0.09712038355117819,0.05632982245968335
0.12,0.1422623528031138,0.09,0.0,0.01707148233637349,0.1495697036551878,1.3886765499296774,0.03247237060886746,0.024011834732186835,0.09813776065525982,0.0
0.12,0.1422623528031138,0.09,0.0016,0.01707148233637349,0.1495697036551878,1.3886765499296774,0.03247237060886746,0.024011834732186835,0.09813776065525982,0.0004914739053615412
0.12,0.1422623528031138,0.09,0.0032,0.01707148233637349,0.1495697036551878,1.3886765499296774,0.03247237060886746,0.024011834732186835,0.09813776065525982,0.00197531684646907
0.12,0.1422623528031138,0.09,0.0048000000000000004,0.01707148233637349,0.1495697036551878,1.3886765499296774,0.03247237060886746,0.024011834732186835,0.09813776065525982,0.004479792498391302
0.12,0.1422623528031138,0.09,0.0064,0.01707148233637349,0.1495697036551878,1.3886765499296774,0.03247237060886746,0.024011834732186835,0.09813776065525982,0.00805200698624276
0.12,0.1422623528031138,0.09,0.008,0.01707148233637349,0.1495697036551878,1.3886765499296774,0.03247237060886746,0.024011834732186835,0.09813776065525982,0.012757908885183777
0.12,0.1422623528031138,0.09,0.009600000000000001,0.01707148233637349,0.1495697036551878,1.3886765499296774,0.03247237060886746,0.024011834732186835,0.09813776065525982,0.01868228922042051
0.12,0.1422623528031138,0.09,0.0112,0.01707148233637349,0.1495697036551878,1.3886765499296774,0.03247237060886746,0.024011834732186835,0.09813776065525982,0.025928781467204884
0.12,0.1422623528031138,0.09,0.0128,0.01707148233637349,0.1495697036551878,1.3886765499296774,0.03247237060886746,0.024011834732186835,0.09813776065525982,0.0346198615508347
0.12,0.1422623528031138,0.09,0.014400000000000001,0.01707148233637349,0.1495697036551878,1.3886765499296774,0.03247237060886746,0.024011834732186835,0.09813776065525982,0.04489684784665351
0.12,0.1422623528031138,0.09,0.016,0.01707148233637349,0.1495697036551878,1.3886765499296774,0.03247237060886746,0.024011834732186835,0.09813776065525982,0.0569199011800507
0.14,0.1422623528031138,0.025,0.0,0.01991672939243574,0.17449798759771912,1.3886765499296774,0.0367062084035643,0.02714256438028297,0.11093323423351739,0.0
0.14,0.1422623528031138,0.025,0.0016,0.01991672939243574,0.17449798759771912,1.3886765499296774,0.0367062084035643,0.02714256438028297,0.11093323423351739,0.0005555536370414551
0.14,0.1422623528031138,0.025,0.0032,0.01991672939243574,0.17449798759771912,1.3886765499296774,0.0367062084035643,0.02714256438028297,0.11093323423351739,0.0022328641386522383
0.14,0.1422623528031138,0.025,0.0048000000000000004,0.01991672939243574,0.17449798759771912,1.3886765499296774,0.0367062084035643,0.02714256438028297,0.11093323423351739,0.005063880276291603
0.14,0.1422623528031138,0.025,0.0064,0.01991672939243574,0.17449798759771912,1.3886765499296774,0.0367062084035643,0.02714256438028297,0.11093323423351739,0.009101850002391637
0.14,0.1422623528031138,0.025,0.008,0.01991672939243574,0.17449798759771912,1.3886765499296774,0.0367062084035643,0.02714256438028297,0.11093323423351739,0.014421320450357262
0.14,0.1422623528031138,0.025,0.009600000000000001,0.01991672939243574,0.17449798759771912,1.3886765499296774,0.0367062084035643,0.02714256438028297,0.11093323423351739,0.021118137934566246
0.14,0.1422623528031138,0.025,0.0112,0.01991672939243574,0.17449798759771912,1.3886765499296774,0.0367062084035643,0.02714256438028297,0.11093323423351739,0.02930944795036916
0.14,0.1422623528031138,0.025,0.0128,0.01991672939243574,0.17449798759771912,1.3886765499296774,0.0367062084035643,0.02714256438028297,0.11093323423351739,0.03913369517408947
0.14,0.1422623528031138,0.025,0.014400000000000001,0.01991672939243574,0.17449798759771912,1.3886765499296774,0.0367062084035643,0.02714256438028297,0.11093323423351739,0.050750623463023406
0.14,0.1422623528031138,0.025,0.016,0.01991672939243574,0.17449798759771912,1.3886765499296774,0.0367062084035643,0.02714256438028297,0.11093323423351739,0.06434127585544008
0.14,0.1422623528031138,0.04666666666666667,0.0,0.01991672939243574,0.17449798759771912,1.3886765499296774,0.03709894972804688,0.02743297864937242,0.11212017418827933,0.0
0.14,0.1422623528031138,0.04666666666666667,0.0016,0.01991672939243574,0.17449798759771912,1.3886765499296774,0.03709894972804688,0.02743297864937242,0.11212017418827933,0.000561497832334903
0.14,0.1422623528031138,0.04666666666666667,0.0032,0.01991672939243574,0.17449798759771912,1.3886765499296774,0.03709894972804688,0.02743297864937242,0.11212017418827933,0.002256754866061687
0.14,0.1422623528031138,0.04666666666666667,0.0048000000000000004,0.01991672939243574,0.17449798759771912,1.3886765499296774,0.03709894972804688,0.02743297864937242,0.11212017418827933,0.0051180617113465755
0.14,0.1422623528031138,0.04666666666666667,0.0064,0.01991672939243574,0.17449798759771912,1.3886765499296774,0.03709894972804688,0.02743297864937242,0.11212017418827933,0.009199236051799944
0.14,0.1422623528031138,0.04666666666666667,0.008,0.01991672939243574,0.17449798759771912,1.3886765499296774,0.03709894972804688,0.02743297864937242,0.11212017418827933,0.014575622644476312
0.14,0.1422623528031138,0.04666666666666667,0.009600000000000001,0.01991672939243574,0.17449798759771912,1.3886765499296774,0.03709894972804688,0.02743297864937242,0.11212017418827933,0.021344093319874365
0.14,0.1422623528031138,0.04666666666666667,0.0112,0.01991672939243574,0.17449798759771912,1.3886765499296774,0.03709894972804688,0.02743297864937242,0.11212017418827933,0.0296230469819369
0.14,0.1422623528031138,0.04666666666666667,0.0128,0.01991672939243574,0.17449798759771912,1.3886765499296774,0.03709894972804688,0.02743297864937242,0.11212017418827933,0.03955240960805093
0.14,0.1422623528031138,0.04666666666666667,0.014400000000000001,0.01991672939243574,0.17449798759771912,1.3886765499296774,0.03709894972804688,0.02743297864937242,0.11212017418827933,0.05129363424904754
0.14,0.1422623528031138,0.04666666666666667,0.016,0.01991672939243574,0.17449798759771912,1.3886765499296774,0.03709894972804688,0.02743297864937242,0.11212017418827933,0.06502970102920201
0.14,0.1422623528031138,0.06833333333333333,0.0,0.01991672939243574,0.17449798759771912,1.3886765499296774,0.03749169105252946,0.027723392918461865,0.11330711414304123,0.0
0.14,0.1422623528031138,0.06833333333333333,0.0016,0.01991672939243574,0.17449798759771912,1.3886765499296774,0.03749169105252946,0.027723392918461865,0.11330711414304123,0.0005674420276283506
0.14,0.1422623528031138,0.06833333333333333,0.0032,0.01991672939243574,0.17449798759771912,1.3886765499296774,0.03749169105252946,0.027723392918461865,0.11330711414304123,0.002280645593471134
0.14,0.1422623528031138,0.06833333333333333,0.0048000000000000004,0.01991672939243574,0.17449798759771912,1.3886765499296774,0.03749169105252946,0.027723392918461865,0.11330711414304123,0.005172243146401548
0.14,0.1422623528031138,0.06833333333333333,0.0064,0.01991672939243574,0.17449798759771912,1.3886765499296774,0.03749169105252946,0.027723392918461865,0.11330711414304123,0.00929662210120825
0.14,0.1422623528031138,0.06833333333333333,0.008,0.01991672939243574,0.17449798759771912,1.3886765499296774,0.03749169105252946,0.027723392918461865,0.11330711414304123,0.01472992483859536
0.14,0.1422623528031138,0.06833333333333333,0.009600000000000001,0.01991672939243574,0.17449798759771912,1.3886765499296774,0.03749169105252946,0.027723392918461865,0.11330711414304123,0.02157004870518248
0.14,0.1422623528031138,0.06833333333333333,0.0112,0.01991672939243574,0.17449798759771912,1.3886765499296774,0.03749169105252946,0.027723392918461865,0.11330711414304123,0.029936646013504632
0.14,0.1422623528031138,0.06833333333333333,0.0128,0.01991672939243574,0.17449798759771912,1.3886765499296774,0.03749169105252946,0.027723392918461865,0.11330711414304123,0.039971124042012376
0.14,0.1422623528031138,0.06833333333333333,0.014400000000000001,0.01991672939243574,0.17449798759771912,1.3886765499296774,0.03749169105252946,0.027723392918461865,0.11330711414304123,0.05183664503507165
0.14,0.1422623528031138,0.06833333333333333,0.016,0.01991672939243574,0.17449798759771912,1.3886765499296774,0.03749169105252946,0.027723392918461865,0.11330711414304123,0.06571812620296391
0.14,0.1422623528031138,0.09,0.0,0.01991672939243574,0.17449798759771912,1.3886765499296774,0.037884432377012035,0.02801380718755131,0.11449405409780314,0.0
0.14,0.1422623528031138,0.09,0.0016,0.01991672939243574,0.17449798759771912,1.3886765499296774,0.037884432377012035,0.02801380718755131,0.11449405409780314,0.0005733862229217983
0.14,0.1422623528031138,0.09,0.0032,0.01991672939243574,0.17449798759771912,1.3886765499296774,0.037884432377012035,0.02801380718755131,0.11449405409780314,0.002304536320880582
0.14,0.1422623528031138,0.09,0.0048000000000000004,0.01991672939243574,0.17449798759771912,1.3886765499296774,0.037884432377012035,0.02801380718755131,0.11449405409780314,0.005226424581456519
0.14,0.1422623528031138,0.09,0.0064,0.01991672939243574,0.17449798759771912,1.3886765499296774,0.037884432377012035,0.02801380718755131,0.11449405409780314,0.009394008150616553
0.14,0.1422623528031138,0.09,0.008,0.01991672939243574,0.17449798759771912,1.3886765499296774,0.037884432377012035,0.02801380718755131,0.11449405409780314,0.014884227032714407
0.14,0.1422623528031138,0.09,0.009600000000000001,0.01991672939243574,0.17449798759771912,1.3886765499296774,0.037884432377012035,0.02801380718755131,0.11449405409780314,0.02179600409049059
0.14,0.1422623528031138,0.09,0.0112,0.01991672939243574,0.17449798759771912,1.3886765499296774,0.037884432377012035,0.02801380718755131,0.11449405409780314,0.030250245045072368
0.14,0.1422623528031138,0.09,0.0128,0.01991672939243574,0.17449798759771912,1.3886765499296774,0.037884432377012035,0.02801380718755131,0.11449405409780314,0.04038983847597383
0.14,0.1422623528031138,0.09,0.014400000000000001,0.01991672939243574,0.17449798759771912,1.3886765499296774,0.037884432377012035,0.02801380718755131,0.11449405409780314,0.052379655821095765
0.14,0.1422623528031138,0.09,0.016,0.01991672939243574,0.17449798759771912,1.3886765499296774,0.037884432377012035,0.02801380718755131,0.11449405409780314,0.06640655137672583
0.16,0.1422623528031138,0.025,0.0,0.02276197644849799,0.1994262715402504,1.3886765499296774,0.041949952461216335,0.031020073577466247,0.12678083912401988,0.0
0.16,0.1422623528031138,0.025,0.0016,0.02276197644849799,0.1994262715402504,1.3886765499296774,0.041949952461216335,0.031020073577466247,0.12678083912401988,0.0006349184423330918
0.16,0.1422623528031138,0.025,0.0032,0.02276197644849799,0.1994262715402504,1.3886765499296774,0.041949952461216335,0.031020073577466247,0.12678083912401988,0.002551844729888273
0.16,0.1422623528031138,0.025,0.0048000000000000004,0.02276197644849799,0.1994262715402504,1.3886765499296774,0.041949952461216335,0.031020073577466247,0.12678083912401988,0.005787291744333262
0.16,0.1422623528031138,0.025,0.0064,0.02276197644849799,0.1994262715402504,1.3886765499296774,0.041949952461216335,0.031020073577466247,0.12678083912401988,0.010402114288447586
0.16,0.1422623528031138,0.025,0.008,0.02276197644849799,0.1994262715402504,1.3886765499296774,0.041949952461216335,0.031020073577466247,0.12678083912401988,0.016481509086122587
0.16,0.1422623528031138,0.025,0.009600000000000001,0.02276197644849799,0.1994262715402504,1.3886765499296774,0.041949952461216335,0.031020073577466247,0.12678083912401988,0.024135014782361425
0.16,0.1422623528031138,0.025,0.0112,0.02276197644849799,0.1994262715402504,1.3886765499296774,0.041949952461216335,0.031020073577466247,0.12678083912401988,0.03349651194327904
0.16,0.1422623528031138,0.025,0.0128,0.02276197644849799,0.1994262715402504,1.3886765499296774,0.041949952461216335,0.031020073577466247,0.12678083912401988,0.044724223056102255
0.16,0.1422623528031138,0.025,0.014400000000000001,0.02276197644849799,0.1994262715402504,1.3886765499296774,0.041949952461216335,0.031020073577466247,0.12678083912401988,0.058000712529169614
0.16,0.1422623528031138,0.025,0.016,0.02276197644849799,0.1994262715402504,1.3886765499296774,0.041949952461216335,0.031020073577466247,0.12678083912401988,0.07353288669193153
0.16,0.1422623528031138,0.04666666666666667,0.0,0.02276197644849799,0.1994262715402504,1.3886765499296774,0.04239879968919643,0.03135197559928276,0.12813734192946208,0.0
0.16,0.1422623528031138,0.04666666666666667,0.0016,0.02276197644849799,0.1994262715402504,1.3886765499296774,0.04239879968919643,0.03135197559928276,0.12813734192946208,0.0006417118083827463
0.16,0.1422623528031138,0.04666666666666667,0.0032,0.02276197644849799,0.1994262715402504,1.3886765499296774,0.04239879968919643,0.03135197559928276,0.12813734192946208,0.0025791484183562132
0.16,0.1422623528031138,0.04666666666666667,0.0048000000000000004,0.02276197644849799,0.1994262715402504,1.3886765499296774,0.04239879968919643,0.03135197559928276,0.12813734192946208,0.005849213384396087
0.16,0.1422623528031138,0.04666666666666667,0.0064,0.02276197644849799,0.1994262715402504,1.3886765499296774,0.04239879968919643,0.03135197559928276,0.12813734192946208,0.010513412630628508
0.16,0.1422623528031138,0.04666666666666667,0.008,0.02276197644849799,0.1994262715402504,1.3886765499296774,0.04239879968919643,0.03135197559928276,0.12813734192946208,0.01665785445083007
0.16,0.1422623528031138,0.04666666666666667,0.009600000000000001,0.02276197644849799,0.1994262715402504,1.3886765499296774,0.04239879968919643,0.03135197559928276,0.12813734192946208,0.024393249508427847
0.16,0.1422623528031138,0.04666666666666667,0.0112,0.02276197644849799,0.1994262715402504,1.3886765499296774,0.04239879968919643,0.03135197559928276,0.12813734192946208,0.03385491083649931
0.16,0.1422623528031138,0.04666666666666667,0.0128,0.02276197644849799,0.1994262715402504,1.3886765499296774,0.04239879968919643,0.03135197559928276,0.12813734192946208,0.04520275383777249
0.16,0.1422623528031138,0.04666666666666667,0.014400000000000001,0.02276197644849799,0.1994262715402504,1.3886765499296774,0.04239879968919643,0.03135197559928276,0.12813734192946208,0.05862129628462575
0.16,0.1422623528031138,0.04666666666666667,0.016,0.02276197644849799,0.1994262715402504,1.3886765499296774,0.04239879968919643,0.03135197559928276,0.12813734192946208,0.074319658319088
0.16,0.1422623528031138,0.06833333333333333,0.0,0.02276197644849799,0.1994262715402504,1.3886765499296774,0.04284764691717652,0.03168387762109927,0.12949384473490425,0.0
0.16,0.1422623528031138,0.06833333333333333,0.0016,0.02276197644849799,0.1994262715402504,1.3886765499296774,0.04284764691717652,0.03168387762109927,0.12949384473490425,0.0006485051744324006
0.16,0.1422623528031138,0.06833333333333333,0.0032,0.02276197644849799,0.1994262715402504,1.3886765499296774,0.04284764691717652,0.03168387762109927,0.12949384473490425,0.002606452106824153
0.16,0.1422623528031138,0.06833333333333333,0.0048000000000000004,0.02276197644849799,0.1994262715402504,1.3886765499296774,0.04284764691717652,0.03168387762109927,0.12949384473490425,0.00591113502445891
0.16,0.1422623528031138,0.06833333333333333,0.0064,0.02276197644849799,0.1994262715402504,1.3886765499296774,0.04284764691717652,0.03168387762109927,0.12949384473490425,0.010624710972809424
0.16,0.1422623528031138,0.06833333333333333,0.008,0.02276197644849799,0.1994262715402504,1.3886765499296774,0.04284764691717652,0.03168387762109927,0.12949384473490425,0.016834199815537552
0.16,0.1422623528031138,0.06833333333333333,0.009600000000000001,0.02276197644849799,0.1994262715402504,1.3886765499296774,0.04284764691717652,0.03168387762109927,0.12949384473490425,0.02465148423449426
0.16,0.1422623528031138,0.06833333333333333,0.0112,0.02276197644849799,0.1994262715402504,1.3886765499296774,0.04284764691717652,0.03168387762109927,0.12949384473490425,0.034213309729719574
0.16,0.1422623528031138,0.06833333333333333,0.0128,0.02276197644849799,0.1994262715402504,1.3886765499296774,0.04284764691717652,0.03168387762109927,0.12949384473490425,0.04568128461944271
0.16,0.1422623528031138,0.06833333333333333,0.014400000000000001,0.02276197644849799,0.1994262715402504,1.3886765499296774,0.04284764691717652,0.03168387762109927,0.12949384473490425,0.05924188004008188
0.16,0.1422623528031138,0.06833333333333333,0.016,0.02276197644849799,0.1994262715402504,1.3886765499296774,0.04284764691717652,0.03168387762109927,0.12949384473490425,0.07510642994624446
0.16,0.1422623528031138,0.09,0.0,0.02276197644849799,0.1994262715402504,1.3886765499296774,0.04329649414515661,0.03201577964291578,0.13085034754034644,0.0
0.16,0.1422623528031138,0.09,0.0016,0.02276197644849799,0.1994262715402504,1.3886765499296774,0.04329649414515661,0.03201577964291578,0.13085034754034644,0.0006552985404820551
0.16,0.1422623528031138,0.09,0.0032,0.02276197644849799,0.1994262715402504,1.3886765499296774,0.04329649414515661,0.03201577964291578,0.13085034754034644,0.0026337557952920937
0.16,0.1422623528031138,0.09,0.0048000000000000004,0.02276197644849799,0.1994262715402504,1.3886765499296774,0.04329649414515661,0.03201577964291578,0.13085034754034644,0.005973056664521735
0.16,0.1422623528031138,0.09,0.0064,0.02276197644849799,0.1994262715402504,1.3886765499296774,0.04329649414515661,0.03201577964291578,0.13085034754034644,0.010736009314990346
0.16,0.1422623528031138,0.09,0.008,0.02276197644849799,0.1994262715402504,1.3886765499296774,0.04329649414515661,0.03201577964291578,0.13085034754034644,0.017010545180245036
0.16,0.1422623528031138,0.09,0.009600000000000001,0.02276197644849799,0.1994262715402504,1.3886765499296774,0.04329649414515661,0.03201577964291578,0.13085034754034644,0.024909718960560677
0.16,0.1422623528031138,0.09,0.0112,0.02276197644849799,0.1994262715402504,1.3886765499296774,0.04329649414515661,0.03201577964291578,0.13085034754034644,0.03457170862293985
0.16,0.1422623528031138,0.09,0.0128,0.02276197644849799,0.1994262715402504,1.3886765499296774,0.04329649414515661,0.03201577964291578,0.13085034754034644,0.04615981540111294
0.16,0.1422623528031138,0.09,0.014400000000000001,0.02276197644849799,0.1994262715402504,1.3886765499296774,0.04329649414515661,0.03201577964291578,0.13085034754034644,0.059862463795538015
0.16,0.1422623528031138,0.09,0.016,0.02276197644849799,0.1994262715402504,1.3886765499296774,0.04329649414515661,0.03201577964291578,0.13085034754034644,0.07589320157340093
0.18,0.1422623528031138,0.025,0.0,0.025607223504560236,0.2243545554827817,1.3886765499296774,0.04719369651886838,0.03489758277464953,0.14262844401452238,0.0
0.18,0.1422623528031138,0.025,0.0016,0.025607223504560236,0.2243545554827817,1.3886765499296774,0.04719369651886838,0.03489758277464953,0.14262844401452238,0.0007142832476247281
0.18,0.1422623528031138,0.025,0.0032,0.025607223504560236,0.2243545554827817,1.3886765499296774,0.04719369651886838,0.03489758277464953,0.14262844401452238,0.002870825321124307
0.18,0.1422623528031138,0.025,0.0048000000000000004,0.025607223504560236,0.2243545554827817,1.3886765499296774,0.04719369651886838,0.03489758277464953,0.14262844401452238,0.006510703212374919
0.18,0.1422623528031138,0.025,0.0064,0.025607223504560236,0.2243545554827817,1.3886765499296774,0.04719369651886838,0.03489758277464953,0.14262844401452238,0.011702378574503534
0.18,0.1422623528031138,0.025,0.008,0.025607223504560236,0.2243545554827817,1.3886765499296774,0.04719369651886838,0.03489758277464953,0.14262844401452238,0.01854169772188791
0.18,0.1422623528031138,0.025,0.009600000000000001,0.025607223504560236,0.2243545554827817,1.3886765499296774,0.04719369651886838,0.03489758277464953,0.14262844401452238,0.027151891630156605
0.18,0.1422623528031138,0.025,0.0112,0.025607223504560236,0.2243545554827817,1.3886765499296774,0.04719369651886838,0.03489758277464953,0.14262844401452238,0.03768357593618892
0.18,0.1422623528031138,0.025,0.0128,0.025607223504560236,0.2243545554827817,1.3886765499296774,0.04719369651886838,0.03489758277464953,0.14262844401452238,0.050314750938115035
0.18,0.1422623528031138,0.025,0.014400000000000001,0.025607223504560236,0.2243545554827817,1.3886765499296774,0.04719369651886838,0.03489758277464953,0.14262844401452238,0.06525080159531582
0.18,0.1422623528031138,0.025,0.016,0.025607223504560236,0.2243545554827817,1.3886765499296774,0.04719369651886838,0.03489758277464953,0.14262844401452238,0.08272449752842298
0.18,0.1422623528031138,0.04666666666666667,0.0,0.025607223504560236,0.2243545554827817,1.3886765499296774,0.04769864965034599,0.03527097254919311,0.14415450967064486,0.0
0.18,0.1422623528031138,0.04666666666666667,0.0016,0.025607223504560236,0.2243545554827817,1.3886765499296774,0.04769864965034599,0.03527097254919311,0.14415450967064486,0.0007219257844305896
0.18,0.1422623528031138,0.04666666666666667,0.0032,0.025607223504560236,0.2243545554827817,1.3886765499296774,0.04769864965034599,0.03527097254919311,0.14415450967064486,0.0029015419706507404
0.18,0.1422623528031138,0.04666666666666667,0.0048000000000000004,0.025607223504560236,0.2243545554827817,1.3886765499296774,0.04769864965034599,0.03527097254919311,0.14415450967064486,0.006580365057445599
0.18,0.1422623528031138,0.04666666666666667,0.0064,0.025607223504560236,0.2243545554827817,1.3886765499296774,0.04769864965034599,0.03527097254919311,0.14415450967064486,0.011827589209457071
0.18,0.1422623528031138,0.04666666666666667,0.008,0.025607223504560236,0.2243545554827817,1.3886765499296774,0.04769864965034599,0.03527097254919311,0.14415450967064486,0.018740086257183833
0.18,0.1422623528031138,0.04666666666666667,0.009600000000000001,0.025607223504560236,0.2243545554827817,1.3886765499296774,0.04769864965034599,0.03527097254919311,0.14415450967064486,0.02744240569698133
0.18,0.1422623528031138,0.04666666666666667,0.0112,0.025607223504560236,0.2243545554827817,1.3886765499296774,0.04769864965034599,0.03527097254919311,0.14415450967064486,0.038086774691061726
0.18,0.1422623528031138,0.04666666666666667,0.0128,0.025607223504560236,0.2243545554827817,1.3886765499296774,0.04769864965034599,0.03527097254919311,0.14415450967064486,0.05085309806749406
0.18,0.1422623528031138,0.04666666666666667,0.014400000000000001,0.025607223504560236,0.2243545554827817,1.3886765499296774,0.04769864965034599,0.03527097254919311,0.14415450967064486,0.06594895832020398
0.18,0.1422623528031138,0.04666666666666667,0.016,0.025607223504560236,0.2243545554827817,1.3886765499296774,0.04769864965034599,0.03527097254919311,0.14415450967064486,0.08360961560897402
0.18,0.1422623528031138,0.06833333333333333,0.0,0.025607223504560236,0.2243545554827817,1.3886765499296774,0.04820360278182359,0.03564436232373668,0.14568057532676731,0.0
0.18,0.1422623528031138,0.06833333333333333,0.0016,0.025607223504560236,0.2243545554827817,1.3886765499296774,0.04820360278182359,0.03564436232373668,0.14568057532676731,0.000729568321236451
0.18,0.1422623528031138,0.06833333333333333,0.0032,0.025607223504560236,0.2243545554827817,1.3886765499296774,0.04820360278182359,0.03564436232373668,0.14568057532676731,0.002932258620177173
0.18,0.1422623528031138,0.06833333333333333,0.0048000000000000004,0.025607223504560236,0.2243545554827817,1.3886765499296774,0.04820360278182359,0.03564436232373668,0.14568057532676731,0.006650026902516277
0.18,0.1422623528031138,0.06833333333333333,0.0064,0.025607223504560236,0.2243545554827817,1.3886765499296774,0.04820360278182359,0.03564436232373668,0.14568057532676731,0.011952799844410607
0.18,0.1422623528031138,0.06833333333333333,0.008,0.025607223504560236,0.2243545554827817,1.3886765499296774,0.04820360278182359,0.03564436232373668,0.14568057532676731,0.018938474792479752
0.18,0.1422623528031138,0.06833333333333333,0.009600000000000001,0.025607223504560236,0.2243545554827817,1.3886765499296774,0.04820360278182359,0.03564436232373668,0.14568057532676731,0.027732919763806048
0.18,0.1422623528031138,0.06833333333333333,0.0112,0.025607223504560236,0.2243545554827817,1.3886765499296774,0.04820360278182359,0.03564436232373668,0.14568057532676731,0.038489973445934536
0.18,0.1422623528031138,0.06833333333333333,0.0128,0.025607223504560236,0.2243545554827817,1.3886765499296774,0.04820360278182359,0.03564436232373668,0.14568057532676731,0.05139144519687307
0.18,0.1422623528031138,0.06833333333333333,0.014400000000000001,0.025607223504560236,0.2243545554827817,1.3886765499296774,0.04820360278182359,0.03564436232373668,0.14568057532676731,0.06664711504509213
0.18,0.1422623528031138,0.06833333333333333,0.016,0.025607223504560236,0.2243545554827817,1.3886765499296774,0.04820360278182359,0.03564436232373668,0.14568057532676731,0.08449473368952504
0.18,0.1422623528031138,0.09,0.0,0.025607223504560236,0.2243545554827817,1.3886765499296774,0.04870855591330119,0.03601775209828025,0.14720664098288977,0.0
0.18,0.1422623528031138,0.09,0.0016,0.025607223504560236,0.2243545554827817,1.3886765499296774,0.04870855591330119,0.03601775209828025,0.14720664098288977,0.0007372108580423121
0.18,0.1422623528031138,0.09,0.0032,0.025607223504560236,0.2243545554827817,1.3886765499296774,0.04870855591330119,0.03601775209828025,0.14720664098288977,0.002962975269703606
0.18,0.1422623528031138,0.09,0.0048000000000000004,0.025607223504560236,0.2243545554827817,1.3886765499296774,0.04870855591330119,0.03601775209828025,0.14720664098288977,0.006719688747586954
0.18,0.1422623528031138,0.09,0.0064,0.025607223504560236,0.2243545554827817,1.3886765499296774,0.04870855591330119,0.03601775209828025,0.14720664098288977,0.012078010479364142
0.18,0.1422623528031138,0.09,0.008,0.025607223504560236,0.2243545554827817,1.3886765499296774,0.04870855591330119,0.03601775209828025,0.14720664098288977,0.01913686332777567
0.18,0.1422623528031138,0.09,0.009600000000000001,0.025607223504560236,0.2243545554827817,1.3886765499296774,0.04870855591330119,0.03601775209828025,0.14720664098288977,0.02802343383063077
0.18,0.1422623528031138,0.09,0.0112,0.025607223504560236,0.2243545554827817,1.3886765499296774,0.04870855591330119,0.03601775209828025,0.14720664098288977,0.03889317220080734
0.18,0.1422623528031138,0.09,0.0128,0.025607223504560236,0.2243545554827817,1.3886765499296774,0.04870855591330119,0.03601775209828025,0.14720664098288977,0.05192979232625207
0.18,0.1422623528031138,0.09,0.014400000000000001,0.025607223504560236,0.2243545554827817,1.3886765499296774,0.04870855591330119,0.03601775209828025,0.14720664098288977,0.06734527176998027
0.18,0.1422623528031138,0.09,0.016,0.025607223504560236,0.2243545554827817,1.3886765499296774,0.04870855591330119,0.03601775209828025,0.14720664098288977,0.08537985177007607
0.06,0.1897098964529324,0.025,0.0,0.011382593787175883,0.08044446850251055,1.5304510381614407,0.014469911717599097,0.009815489760052087,0.042709786978956776,0.0
0.06,0.1897098964529324,0.025,0.0016,0.011382593787175883,0.08044446850251055,1.5304510381614407,0.014469911717599097,0.009815489760052087,0.042709786978956776,0.00021389061319061555
0.06,0.1897098964529324,0.025,0.0032,0.011382593787175883,0.08044446850251055,1.5304510381614407,0.014469911717599097,0.009815489760052087,0.042709786978956776,0.0008596625923124421
0.06,0.1897098964529324,0.025,0.0048000000000000004,0.011382593787175883,0.08044446850251055,1.5304510381614407,0.014469911717599097,0.009815489760052087,0.042709786978956776,0.0019496163560154196
0.06,0.1897098964529324,0.025,0.0064,0.011382593787175883,0.08044446850251055,1.5304510381614407,0.014469911717599097,0.009815489760052087,0.042709786978956776,0.003504252602049446
0.06,0.1897098964529324,0.025,0.008,0.011382593787175883,0.08044446850251055,1.5304510381614407,0.014469911717599097,0.009815489760052087,0.042709786978956776,0.005552272307264381
0.06,0.1897098964529324,0.025,0.009600000000000001,0.011382593787175883,0.08044446850251055,1.5304510381614407,0.014469911717599097,0.009815489760052087,0.042709786978956776,0.008130576727610046
0.06,0.1897098964529324,0.025,0.0112,0.011382593787175883,0.08044446850251055,1.5304510381614407,0.014469911717599097,0.009815489760052087,0.042709786978956776,0.01128426739813621
0.06,0.1897098964529324,0.025,0.0128,0.011382593787175883,0.08044446850251055,1.5304510381614407,0.014469911717599097,0.009815489760052087,0.042709786978956776,0.015066646132992627
0.06,0.1897098964529324,0.025,0.014400000000000001,0.011382593787175883,0.08044446850251055,1.5304510381614407,0.014469911717599097,0.009815489760052087,0.042709786978956776,0.019539215025428977
0.06,0.1897098964529324,0.025,0.016,0.011382593787175883,0.08044446850251055,1.5304510381614407,0.014469911717599097,0.009815489760052087,0.042709786978956776,0.02477167644779493
0.06,0.1897098964529324,0.04666666666666667,0.0,0.011382593787175883,0.08044446850251055,1.5304510381614407,0.01462473381828123,0.00992051146118845,0.043166764123587595,0.0
0.06,0.1897098964529324,0.04666666666666667,0.0016,0.011382593787175883,0.08044446850251055,1.5304510381614407,0.01462473381828123,0.00992051146118845,0.043166764123587595,0.0002161791547309267
0.06,0.1897098964529324,0.04666666666666667,0.0032,0.011382593787175883,0.08044446850251055,1.5304510381614407,0.01462473381828123,0.00992051146118845,0.043166764123587595,0.0008688606282795712
0.06,0.1897098964529324,0.04666666666666667,0.0048000000000000004,0.011382593787175883,0.08044446850251055,1.5304510381614407,0.01462473381828123,0.00992051146118845,0.043166764123587595,0.001970476448713527
0.06,0.1897098964529324,0.04666666666666667,0.0064,0.011382593787175883,0.08044446850251055,1.5304510381614407,0.01462473381828123,0.00992051146118845,0.043166764123587595,0.0035417466628121157
0.06,0.1897098964529324,0.04666666666666667,0.008,0.011382593787175883,0.08044446850251055,1.5304510381614407,0.01462473381828123,0.00992051146118845,0.043166764123587595,0.005611679336066387
0.06,0.1897098964529324,0.04666666666666667,0.009600000000000001,0.011382593787175883,0.08044446850251055,1.5304510381614407,0.01462473381828123,0.00992051146118845,0.043166764123587595,0.008217570552679125
0.06,0.1897098964529324,0.04666666666666667,0.0112,0.011382593787175883,0.08044446850251055,1.5304510381614407,0.01462473381828123,0.00992051146118845,0.043166764123587595,0.01140500441556483
0.06,0.1897098964529324,0.04666666666666667,0.0128,0.011382593787175883,0.08044446850251055,1.5304510381614407,0.01462473381828123,0.00992051146118845,0.043166764123587595,0.015227853046349752
0.06,0.1897098964529324,0.04666666666666667,0.014400000000000001,0.011382593787175883,0.08044446850251055,1.5304510381614407,0.01462473381828123,0.00992051146118845,0.043166764123587595,0.019748276585371843
0.06,0.1897098964529324,0.04666666666666667,0.016,0.011382593787175883,0.08044446850251055,1.5304510381614407,0.01462473381828123,0.00992051146118845,0.043166764123587595,0.025036723191680807
0.06,0.1897098964529324,0.06833333333333333,0.0,0.011382593787175883,0.08044446850251055,1.5304510381614407,0.014779555918963358,0.010025533162324808,0.043623741268218406,0.0
0.06,0.1897098964529324,0.06833333333333333,0.0016,0.011382593787175883,0.08044446850251055,1.5304510381614407,0.014779555918963358,0.010025533162324808,0.043623741268218406,0.00021846769627123782
0.06,0.1897098964529324,0.06833333333333333,0.0032,0.011382593787175883,0.08044446850251055,1.5304510381614407,0.014779555918963358,0.010025533162324808,0.043623741268218406,0.0008780586642467002
0.06,0.1897098964529324,0.06833333333333333,0.0048000000000000004,0.011382593787175883,0.08044446850251055,1.5304510381614407,0.014779555918963358,0.010025533162324808,0.043623741268218406,0.001991336541411634
0.06,0.1897098964529324,0.06833333333333333,0.0064,0.011382593787175883,0.08044446850251055,1.5304510381614407,0.014779555918963358,0.010025533162324808,0.043623741268218406,0.0035792407235747843
0.06,0.1897098964529324,0.06833333333333333,0.008,0.011382593787175883,0.08044446850251055,1.5304510381614407,0.014779555918963358,0.010025533162324808,0.043623741268218406,0.005671086364868393
0.06,0.1897098964529324,0.06833333333333333,0.009600000000000001,0.011382593787175883,0.08044446850251055,1.5304510381614407,0.014779555918963358,0.010025533162324808,0.043623741268218406,0.008304564377748203
0.06,0.1897098964529324,0.06833333333333333,0.0112,0.011382593787175883,0.08044446850251055,1.5304510381614407,0.014779555918963358,0.010025533162324808,0.043623741268218406,0.011525741432993447
0.06,0.1897098964529324,0.06833333333333333,0.0128,0.011382593787175883,0.08044446850251055,1.5304510381614407,0.014779555918963358,0.010025533162324808,0.043623741268218406,0.015389059959706873
0.06,0.1897098964529324,0.06833333333333333,0.014400000000000001,0.011382593787175883,0.08044446850251055,1.5304510381614407,0.014779555918963358,0.010025533162324808,0.043623741268218406,0.019957338145314703
0.06,0.1897098964529324,0.06833333333333333,0.016,0.011382593787175883,0.08044446850251055,1.5304510381614407,0.014779555918963358,0.010025533162324808,0.043623741268218406,0.025301769935566674
0.06,0.1897098964529324,0.09,0.0,0.011382593787175883,0.08044446850251055,1.5304510381614407,0.014934378019645488,0.010130554863461167,0.04408071841284922,0.0
0.06,0.1897098964529324,0.09,0.0016,0.011382593787175883,0.08044446850251055,1.5304510381614407,0.014934378019645488,0.010130554863461167,0.04408071841284922,0.00022075623781154892
0.06,0.1897098964529324,0.09,0.0032,0.011382593787175883,0.08044446850251055,1.5304510381614407,0.014934378019645488,0.010130554863461167,0.04408071841284922,0.0008872567002138293
0.06,0.1897098964529324,0.09,0.0048000000000000004,0.011382593787175883,0.08044446850251055,1.5304510381614407,0.014934378019645488,0.010130554863461167,0.04408071841284922,0.0020121966341097417
0.06,0.1897098964529324,0.09,0.0064,0.011382593787175883,0.08044446850251055,1.5304510381614407,0.014934378019645488,0.010130554863461167,0.04408071841284922,0.0036167347843374534
0.06,0.1897098964529324,0.09,0.008,0.011382593787175883,0.08044446850251055,1.5304510381614407,0.014934378019645488,0.010130554863461167,0.04408071841284922,0.005730493393670398
0.06,0.1897098964529324,0.09,0.009600000000000001,0.011382593787175883,0.08044446850251055,1.5304510381614407,0.014934378019645488,0.010130554863461167,0.04408071841284922,0.008391558202817282
0.06,0.1897098964529324,0.09,0.0112,0.011382593787175883,0.08044446850251055,1.5304510381614407,0.014934378019645488,0.010130554863461167,0.04408071841284922,0.011646478450422064
0.06,0.1897098964529324,0.09,0.0128,0.011382593787175883,0.08044446850251055,1.5304510381614407,0.014934378019645488,0.010130554863461167,0.04408071841284922,0.015550266873063996
0.06,0.1897098964529324,0.09,0.014400000000000001,0.011382593787175883,0.08044446850251055,1.5304510381614407,0.014934378019645488,0.010130554863461167,0.04408071841284922,0.020166399705257566
0.06,0.1897098964529324,0.09,0.016,0.011382593787175883,0.08044446850251055,1.5304510381614407,0.014934378019645488,0.010130554863461167,0.04408071841284922,0.025566816679452545
0.08,0.1897098964529324,0.025,0.0,0.015176791716234513,0.10725929133668075,1.5304510381614407,0.019293215623465462,0.013087319680069449,0.05694638263860904,0.0
0.08,0.1897098964529324,0.025,0.0016,0.015176791716234513,0.10725929133668075,1.5304510381614407,0.019293215623465462,0.013087319680069449,0.05694638263860904,0.00028518748425415414
0.08,0.1897098964529324,0.025,0.0032,0.015176791716234513,0.10725929133668075,1.5304510381614407,0.019293215623465462,0.013087319680069449,0.05694638263860904,0.001146216789749923
0.08,0.1897098964529324,0.025,0.0048000000000000004,0.015176791716234513,0.10725929133668075,1.5304510381614407,0.019293215623465462,0.013087319680069449,0.05694638263860904,0.0025994884746872262
0.08,0.1897098964529324,0.025,0.0064,0.015176791716234513,0.10725929133668075,1.5304510381614407,0.019293215623465462,0.013087319680069449,0.05694638263860904,0.004672336802732596
0.08,0.1897098964529324,0.025,0.008,0.015176791716234513,0.10725929133668075,1.5304510381614407,0.019293215623465462,0.013087319680069449,0.05694638263860904,0.007403029743019175
0.08,0.1897098964529324,0.025,0.009600000000000001,0.015176791716234513,0.10725929133668075,1.5304510381614407,0.019293215623465462,0.013087319680069449,0.05694638263860904,0.010840768970146727
0.08,0.1897098964529324,0.025,0.0112,0.015176791716234513,0.10725929133668075,1.5304510381614407,0.019293215623465462,0.013087319680069449,0.05694638263860904,0.015045689864181614
0.08,0.1897098964529324,0.025,0.0128,0.015176791716234513,0.10725929133668075,1.5304510381614407,0.019293215623465462,0.013087319680069449,0.05694638263860904,0.020088861510656836
0.08,0.1897098964529324,0.025,0.014400000000000001,0.015176791716234513,0.10725929133668075,1.5304510381614407,0.019293215623465462,0.013087319680069449,0.05694638263860904,0.026052286700571973
0.08,0.1897098964529324,0.025,0.016,0.015176791716234513,0.10725929133668075,1.5304510381614407,0.019293215623465462,0.013087319680069449,0.05694638263860904,0.03302890193039324
0.08,0.1897098964529324,0.04666666666666667,0.0,0.015176791716234513,0.10725929133668075,1.5304510381614407,0.01949964509104164,0.01322734861491793,0.05755568549811679,0.0
0.08,0.1897098964529324,0.04666666666666667,0.0016,0.015176791716234513,0.10725929133668075,1.5304510381614407,0.01949964509104164,0.01322734861491793,0.05755568549811679,0.00028823887297456895
0.08,0.1897098964529324,0.04666666666666667,0.0032,0.015176791716234513,0.10725929133668075,1.5304510381614407,0.01949964509104164,0.01322734861491793,0.05755568549811679,0.0011584808377060952
0.08,0.1897098964529324,0.04666666666666667,0.0048000000000000004,0.015176791716234513,0.10725929133668075,1.5304510381614407,0.01949964509104164,0.01322734861491793,0.05755568549811679,0.002627301931618036
0.08,0.1897098964529324,0.04666666666666667,0.0064,0.015176791716234513,0.10725929133668075,1.5304510381614407,0.01949964509104164,0.01322734861491793,0.05755568549811679,0.004722328883749488
0.08,0.1897098964529324,0.04666666666666667,0.008,0.015176791716234513,0.10725929133668075,1.5304510381614407,0.01949964509104164,0.01322734861491793,0.05755568549811679,0.007482239114755183
0.08,0.1897098964529324,0.04666666666666667,0.009600000000000001,0.015176791716234513,0.10725929133668075,1.5304510381614407,0.01949964509104164,0.01322734861491793,0.05755568549811679,0.010956760736905501
0.08,0.1897098964529324,0.04666666666666667,0.0112,0.015176791716234513,0.10725929133668075,1.5304510381614407,0.01949964509104164,0.01322734861491793,0.05755568549811679,0.01520667255408644
0.08,0.1897098964529324,0.04666666666666667,0.0128,0.015176791716234513,0.10725929133668075,1.5304510381614407,0.01949964509104164,0.01322734861491793,0.05755568549811679,0.02030380406179967
0.08,0.1897098964529324,0.04666666666666667,0.014400000000000001,0.015176791716234513,0.10725929133668075,1.5304510381614407,0.01949964509104164,0.01322734861491793,0.05755568549811679,0.026331035447162456
0.08,0.1897098964529324,0.04666666666666667,0.016,0.015176791716234513,0.10725929133668075,1.5304510381614407,0.01949964509104164,0.01322734861491793,0.05755568549811679,0.03338229758890774
0.08,0.1897098964529324,0.06833333333333333,0.0,0.015176791716234513,0.10725929133668075,1.5304510381614407,0.01970607455861781,0.01336737754976641,0.05816498835762454,0.0
0.08,0.1897098964529324,0.06833333333333333,0.0016,0.015176791716234513,0.10725929133668075,1.5304510381614407,0.01970607455861781,0.01336737754976641,0.05816498835762454,0.00029129026169498376
0.08,0.1897098964529324,0.06833333333333333,0.0032,0.015176791716234513,0.10725929133668075,1.5304510381614407,0.01970607455861781,0.01336737754976641,0.05816498835762454,0.001170744885662267
0.08,0.1897098964529324,0.06833333333333333,0.0048000000000000004,0.015176791716234513,0.10725929133668075,1.5304510381614407,0.01970607455861781,0.01336737754976641,0.05816498835762454,0.002655115388548846
0.08,0.1897098964529324,0.06833333333333333,0.0064,0.015176791716234513,0.10725929133668075,1.5304510381614407,0.01970607455861781,0.01336737754976641,0.05816498835762454,0.00477232096476638
0.08,0.1897098964529324,0.06833333333333333,0.008,0.015176791716234513,0.10725929133668075,1.5304510381614407,0.01970607455861781,0.01336737754976641,0.05816498835762454,0.00756144848649119
0.08,0.1897098964529324,0.06833333333333333,0.009600000000000001,0.015176791716234513,0.10725929133668075,1.5304510381614407,0.01970607455861781,0.01336737754976641,0.05816498835762454,0.011072752503664272
0.08,0.1897098964529324,0.06833333333333333,0.0112,0.015176791716234513,0.10725929133668075,1.5304510381614407,0.01970607455861781,0.01336737754976641,0.05816498835762454,0.015367655243991262
0.08,0.1897098964529324,0.06833333333333333,0.0128,0.015176791716234513,0.10725929133668075,1.5304510381614407,0.01970607455861781,0.01336737754976641,0.05816498835762454,0.0205187466129425
0.08,0.1897098964529324,0.06833333333333333,0.014400000000000001,0.015176791716234513,0.10725929133668075,1.5304510381614407,0.01970607455861781,0.01336737754976641,0.05816498835762454,0.026609784193752938
0.08,0.1897098964529324,0.06833333333333333,0.016,0.015176791716234513,0.10725929133668075,1.5304510381614407,0.01970607455861781,0.01336737754976641,0.05816498835762454,0.03373569324742223
0.08,0.1897098964529324,0.09,0.0,0.015176791716234513,0.10725929133668075,1.5304510381614407,0.019912504026193982,0.013507406484614888,0.058774291217132284,0.0
0.08,0.1897098964529324,0.09,0.0016,0.015176791716234513,0.10725929133668075,1.5304510381614407,0.019912504026193982,0.013507406484614888,0.058774291217132284,0.00029434165041539856
0.08,0.1897098964529324,0.09,0.0032,0.015176791716234513,0.10725929133668075,1.5304510381614407,0.019912504026193982,0.013507406484614888,0.058774291217132284,0.001183008933618439
0.08,0.1897098964529324,0.09,0.0048000000000000004,0.015176791716234513,0.10725929133668075,1.5304510381614407,0.019912504026193982,0.013507406484614888,0.058774291217132284,0.0026829288454796553
0.08,0.1897098964529324,0.09,0.0064,0.015176791716234513,0.10725929133668075,1.5304510381614407,0.019912504026193982,0.013507406484614888,0.058774291217132284,0.004822313045783271
0.08,0.1897098964529324,0.09,0.008,0.015176791716234513,0.10725929133668075,1.5304510381614407,0.019912504026193982,0.013507406484614888,0.058774291217132284,0.007640657858227197
0.08,0.1897098964529324,0.09,0.009600000000000001,0.015176791716234513,0.10725929133668075,1.5304510381614407,0.019912504026193982,0.013507406484614888,0.058774291217132284,0.011188744270423042
0.08,0.1897098964529324,0.09,0.0112,0.015176791716234513,0.10725929133668075,1.5304510381614407,0.019912504026193982,0.013507406484614888,0.058774291217132284,0.015528637933896083
0.08,0.1897098964529324,0.09,0.0128,0.015176791716234513,0.10725929133668075,1.5304510381614407,0.019912504026193982,0.013507406484614888,0.058774291217132284,0.020733689164085328
0.08,0.1897098964529324,0.09,0.014400000000000001,0.015176791716234513,0.10725929133668075,1.5304510381614407,0.019912504026193982,0.013507406484614888,0.058774291217132284,0.026888532940343414
0.08,0.1897098964529324,0.09,0.016,0.015176791716234513,0.10725929133668075,1.5304510381614407,0.019912504026193982,0.013507406484614888,0.058774291217132284,0.034089088905936725
0.1,0.1897098964529324,0.025,0.0,0.018970989645293142,0.13407411417085094,1.5304510381614407,0.02411651952933183,0.016359149600086813,0.0711829782982613,0.0
0.1,0.1897098964529324,0.025,0.0016,0.018970989645293142,0.13407411417085094,1.5304510381614407,0.02411651952933183,0.016359149600086813,0.0711829782982613,0.00035648435531769265
0.1,0.1897098964529324,0.025,0.0032,0.018970989645293142,0.13407411417085094,1.5304510381614407,0.02411651952933183,0.016359149600086813,0.0711829782982613,0.0014327709871874035
0.1,0.1897098964529324,0.025,0.0048000000000000004,0.018970989645293142,0.13407411417085094,1.5304510381614407,0.02411651952933183,0.016359149600086813,0.0711829782982613,0.0032493605933590327
0.1,0.1897098964529324,0.025,0.0064,0.018970989645293142,0.13407411417085094,1.5304510381614407,0.02411651952933183,0.016359149600086813,0.0711829782982613,0.0058404210034157435
0.1,0.1897098964529324,0.025,0.008,0.018970989645293142,0.13407411417085094,1.5304510381614407,0.02411651952933183,0.016359149600086813,0.0711829782982613,0.009253787178773969
0.1,0.1897098964529324,0.025,0.009600000000000001,0.018970989645293142,0.13407411417085094,1.5304510381614407,0.02411651952933183,0.016359149600086813,0.0711829782982613,0.013550961212683411
0.1,0.1897098964529324,0.025,0.0112,0.018970989645293142,0.13407411417085094,1.5304510381614407,0.02411651952933183,0.016359149600086813,0.0711829782982613,0.018807112330227017
0.1,0.1897098964529324,0.025,0.0128,0.018970989645293142,0.13407411417085094,1.5304510381614407,0.02411651952933183,0.016359149600086813,0.0711829782982613,0.025111076888321045
0.1,0.1897098964529324,0.025,0.014400000000000001,0.018970989645293142,0.13407411417085094,1.5304510381614407,0.02411651952933183,0.016359149600086813,0.0711829782982613,0.03256535837571497
0.1,0.1897098964529324,0.025,0.016,0.018970989645293142,0.13407411417085094,1.5304510381614407,0.02411651952933183,0.016359149600086813,0.0711829782982613,0.04128612741299155
0.1,0.1897098964529324,0.04666666666666667,0.0,0.018970989645293142,0.13407411417085094,1.5304510381614407,0.02437455636380205,0.016534185768647413,0.07194460687264599,0.0
0.1,0.1897098964529324,0.04666666666666667,0.0016,0.018970989645293142,0.13407411417085094,1.5304510381614407,0.02437455636380205,0.016534185768647413,0.07194460687264599,0.0003602985912182112
0.1,0.1897098964529324,0.04666666666666667,0.0032,0.018970989645293142,0.13407411417085094,1.5304510381614407,0.02437455636380205,0.016534185768647413,0.07194460687264599,0.0014481010471326188
0.1,0.1897098964529324,0.04666666666666667,0.0048000000000000004,0.018970989645293142,0.13407411417085094,1.5304510381614407,0.02437455636380205,0.016534185768647413,0.07194460687264599,0.003284127414522545
0.1,0.1897098964529324,0.04666666666666667,0.0064,0.018970989645293142,0.13407411417085094,1.5304510381614407,0.02437455636380205,0.016534185768647413,0.07194460687264599,0.005902911104686859
0.1,0.1897098964529324,0.04666666666666667,0.008,0.018970989645293142,0.13407411417085094,1.5304510381614407,0.02437455636380205,0.016534185768647413,0.07194460687264599,0.00935279889344398
0.1,0.1897098964529324,0.04666666666666667,0.009600000000000001,0.018970989645293142,0.13407411417085094,1.5304510381614407,0.02437455636380205,0.016534185768647413,0.07194460687264599,0.013695950921131876
0.1,0.1897098964529324,0.04666666666666667,0.0112,0.018970989645293142,0.13407411417085094,1.5304510381614407,0.02437455636380205,0.016534185768647413,0.07194460687264599,0.01900834069260805
0.1,0.1897098964529324,0.04666666666666667,0.0128,0.018970989645293142,0.13407411417085094,1.5304510381614407,0.02437455636380205,0.016534185768647413,0.07194460687264599,0.025379755077249586
0.1,0.1897098964529324,0.04666666666666667,0.014400000000000001,0.018970989645293142,0.13407411417085094,1.5304510381614407,0.02437455636380205,0.016534185768647413,0.07194460687264599,0.03291379430895307
0.1,0.1897098964529324,0.04666666666666667,0.016,0.018970989645293142,0.13407411417085094,1.5304510381614407,0.02437455636380205,0.016534185768647413,0.07194460687264599,0.041727871986134674
0.1,0.1897098964529324,0.06833333333333333,0.0,0.018970989645293142,0.13407411417085094,1.5304510381614407,0.024632593198272264,0.016709221937208012,0.07270623544703068,0.0
0.1,0.1897098964529324,0.06833333333333333,0.0016,0.018970989645293142,0.13407411417085094,1.5304510381614407,0.024632593198272264,0.016709221937208012,0.07270623544703068,0.0003641128271187297
0.1,0.1897098964529324,0.06833333333333333,0.0032,0.018970989645293142,0.13407411417085094,1.5304510381614407,0.024632593198272264,0.016709221937208012,0.07270623544703068,0.0014634311070778339
0.1,0.1897098964529324,0.06833333333333333,0.0048000000000000004,0.018970989645293142,0.13407411417085094,1.5304510381614407,0.024632593198272264,0.016709221937208012,0.07270623544703068,0.0033188942356860577
0.1,0.1897098964529324,0.06833333333333333,0.0064,0.018970989645293142,0.13407411417085094,1.5304510381614407,0.024632593198272264,0.016709221937208012,0.07270623544703068,0.005965401205957974
0.1,0.1897098964529324,0.06833333333333333,0.008,0.018970989645293142,0.13407411417085094,1.5304510381614407,0.024632593198272264,0.016709221937208012,0.07270623544703068,0.00945181060811399
0.1,0.1897098964529324,0.06833333333333333,0.009600000000000001,0.018970989645293142,0.13407411417085094,1.5304510381614407,0.024632593198272264,0.016709221937208012,0.07270623544703068,0.013840940629580342
0.1,0.1897098964529324,0.06833333333333333,0.0112,0.018970989645293142,0.13407411417085094,1.5304510381614407,0.024632593198272264,0.016709221937208012,0.07270623544703068,0.01920956905498908
0.1,0.1897098964529324,0.06833333333333333,0.0128,0.018970989645293142,0.13407411417085094,1.5304510381614407,0.024632593198272264,0.016709221937208012,0.07270623544703068,0.025648433266178123
0.1,0.1897098964529324,0.06833333333333333,0.014400000000000001,0.018970989645293142,0.13407411417085094,1.5304510381614407,0.024632593198272264,0.016709221937208012,0.07270623544703068,0.033262230242191174
0.1,0.1897098964529324,0.06833333333333333,0.016,0.018970989645293142,0.13407411417085094,1.5304510381614407,0.024632593198272264,0.016709221937208012,0.07270623544703068,0.0421696165592778
0.1,0.1897098964529324,0.09,0.0,0.018970989645293142,0.13407411417085094,1.5304510381614407,0.02489063003274248,0.016884258105768612,0.07346786402141536,0.0
0.1,0.1897098964529324,0.09,0.0016,0.018970989645293142,0.13407411417085094,1.5304510381614407,0.02489063003274248,0.016884258105768612,0.07346786402141536,0.00036792706301924823
0.1,0.1897098964529324,0.09,0.0032,0.018970989645293142,0.13407411417085094,1.5304510381614407,0.02489063003274248,0.016884258105768612,0.07346786402141536,0.001478761167023049
0.1,0.1897098964529324,0.09,0.0048000000000000004,0.018970989645293142,0.13407411417085094,1.5304510381614407,0.02489063003274248,0.016884258105768612,0.07346786402141536,0.0033536610568495697
0.1,0.1897098964529324,0.09,0.0064,0.018970989645293142,0.13407411417085094,1.5304510381614407,0.02489063003274248,0.016884258105768612,0.07346786402141536,0.006027891307229089
0.1,0.1897098964529324,0.09,0.008,0.018970989645293142,0.13407411417085094,1.5304510381614407,0.02489063003274248,0.016884258105768612,0.07346786402141536,0.009550822322783998
0.1,0.1897098964529324,0.09,0.009600000000000001,0.018970989645293142,0.13407411417085094,1.5304510381614407,0.02489063003274248,0.016884258105768612,0.07346786402141536,0.013985930338028805
0.1,0.1897098964529324,0.09,0.0112,0.018970989645293142,0.13407411417085094,1.5304510381614407,0.02489063003274248,0.016884258105768612,0.07346786402141536,0.019410797417370108
0.1,0.1897098964529324,0.09,0.0128,0.018970989645293142,0.13407411417085094,1.5304510381614407,0.02489063003274248,0.016884258105768612,0.07346786402141536,0.02591711145510666
0.1,0.1897098964529324,0.09,0.014400000000000001,0.018970989645293142,0.13407411417085094,1.5304510381614407,0.02489063003274248,0.016884258105768612,0.07346786402141536,0.03361066617542927
0.1,0.1897098964529324,0.09,0.016,0.018970989645293142,0.13407411417085094,1.5304510381614407,0.02489063003274248,0.016884258105768612,0.07346786402141536,0.04261136113242091
0.12,0.1897098964529324,0.025,0.0,0.022765187574351767,0.1608889370050211,1.5304510381614407,0.028939823435198193,0.019630979520104175,0.08541957395791355,0.0
0.12,0.1897098964529324,0.025,0.0016,0.022765187574351767,0.1608889370050211,1.5304510381614407,0.028939823435198193,0.019630979520104175,0.08541957395791355,0.0004277812263812311
0.12,0.1897098964529324,0.025,0.0032,0.022765187574351767,0.1608889370050211,1.5304510381614407,0.028939823435198193,0.019630979520104175,0.08541957395791355,0.0017193251846248842
0.12,0.1897098964529324,0.025,0.0048000000000000004,0.022765187574351767,0.1608889370050211,1.5304510381614407,0.028939823435198193,0.019630979520104175,0.08541957395791355,0.003899232712030839
0.12,0.1897098964529324,0.025,0.0064,0.022765187574351767,0.1608889370050211,1.5304510381614407,0.028939823435198193,0.019630979520104175,0.08541957395791355,0.007008505204098892
0.12,0.1897098964529324,0.025,0.008,0.022765187574351767,0.1608889370050211,1.5304510381614407,0.028939823435198193,0.019630979520104175,0.08541957395791355,0.011104544614528762
0.12,0.1897098964529324,0.025,0.009600000000000001,0.022765187574351767,0.1608889370050211,1.5304510381614407,0.028939823435198193,0.019630979520104175,0.08541957395791355,0.01626115345522009
0.12,0.1897098964529324,0.025,0.0112,0.022765187574351767,0.1608889370050211,1.5304510381614407,0.028939823435198193,0.019630979520104175,0.08541957395791355,0.02256853479627242
0.12,0.1897098964529324,0.025,0.0128,0.022765187574351767,0.1608889370050211,1.5304510381614407,0.028939823435198193,0.019630979520104175,0.08541957395791355,0.030133292265985254
0.12,0.1897098964529324,0.025,0.014400000000000001,0.022765187574351767,0.1608889370050211,1.5304510381614407,0.028939823435198193,0.019630979520104175,0.08541957395791355,0.039078430050857954
0.12,0.1897098964529324,0.025,0.016,0.022765187574351767,0.1608889370050211,1.5304510381614407,0.028939823435198193,0.019630979520104175,0.08541957395791355,0.04954335289558986
0.12,0.1897098964529324,0.04666666666666667,0.0,0.022765187574351767,0.1608889370050211,1.5304510381614407,0.02924946763656246,0.0198410229223769,0.08633352824717519,0.0
0.12,0.1897098964529324,0.04666666666666667,0.0016,0.022765187574351767,0.1608889370050211,1.5304510381614407,0.02924946763656246,0.0198410229223769,0.08633352824717519,0.0004323583094618534
0.12,0.1897098964529324,0.04666666666666667,0.0032,0.022765187574351767,0.1608889370050211,1.5304510381614407,0.02924946763656246,0.0198410229223769,0.08633352824717519,0.0017377212565591424
0.12,0.1897098964529324,0.04666666666666667,0.0048000000000000004,0.022765187574351767,0.1608889370050211,1.5304510381614407,0.02924946763656246,0.0198410229223769,0.08633352824717519,0.003940952897427054
0.12,0.1897098964529324,0.04666666666666667,0.0064,0.022765187574351767,0.1608889370050211,1.5304510381614407,0.02924946763656246,0.0198410229223769,0.08633352824717519,0.007083493325624231
0.12,0.1897098964529324,0.04666666666666667,0.008,0.022765187574351767,0.1608889370050211,1.5304510381614407,0.02924946763656246,0.0198410229223769,0.08633352824717519,0.011223358672132774
0.12,0.1897098964529324,0.04666666666666667,0.009600000000000001,0.022765187574351767,0.1608889370050211,1.5304510381614407,0.02924946763656246,0.0198410229223769,0.08633352824717519,0.01643514110535825
0.12,0.1897098964529324,0.04666666666666667,0.0112,0.022765187574351767,0.1608889370050211,1.5304510381614407,0.02924946763656246,0.0198410229223769,0.08633352824717519,0.02281000883112966
0.12,0.1897098964529324,0.04666666666666667,0.0128,0.022765187574351767,0.1608889370050211,1.5304510381614407,0.02924946763656246,0.0198410229223769,0.08633352824717519,0.030455706092699503
0.12,0.1897098964529324,0.04666666666666667,0.014400000000000001,0.022765187574351767,0.1608889370050211,1.5304510381614407,0.02924946763656246,0.0198410229223769,0.08633352824717519,0.03949655317074369
0.12,0.1897098964529324,0.04666666666666667,0.016,0.022765187574351767,0.1608889370050211,1.5304510381614407,0.02924946763656246,0.0198410229223769,0.08633352824717519,0.050073446383361614
0.12,0.1897098964529324,0.06833333333333333,0.0,0.022765187574351767,0.1608889370050211,1.5304510381614407,0.029559111837926717,0.020051066324649616,0.08724748253643681,0.0
0.12,0.1897098964529324,0.06833333333333333,0.0016,0.022765187574351767,0.1608889370050211,1.5304510381614407,0.029559111837926717,0.020051066324649616,0.08724748253643681,0.00043693539254247563
0.12,0.1897098964529324,0.06833333333333333,0.0032,0.022765187574351767,0.1608889370050211,1.5304510381614407,0.029559111837926717,0.020051066324649616,0.08724748253643681,0.0017561173284934004
0.12,0.1897098964529324,0.06833333333333333,0.0048000000000000004,0.022765187574351767,0.1608889370050211,1.5304510381614407,0.029559111837926717,0.020051066324649616,0.08724748253643681,0.003982673082823268
0.12,0.1897098964529324,0.06833333333333333,0.0064,0.022765187574351767,0.1608889370050211,1.5304510381614407,0.029559111837926717,0.020051066324649616,0.08724748253643681,0.007158481447149569
0.12,0.1897098964529324,0.06833333333333333,0.008,0.022765187574351767,0.1608889370050211,1.5304510381614407,0.029559111837926717,0.020051066324649616,0.08724748253643681,0.011342172729736786
0.12,0.1897098964529324,0.06833333333333333,0.009600000000000001,0.022765187574351767,0.1608889370050211,1.5304510381614407,0.029559111837926717,0.020051066324649616,0.08724748253643681,0.016609128755496406
0.12,0.1897098964529324,0.06833333333333333,0.0112,0.022765187574351767,0.1608889370050211,1.5304510381614407,0.029559111837926717,0.020051066324649616,0.08724748253643681,0.023051482865986895
0.12,0.1897098964529324,0.06833333333333333,0.0128,0.022765187574351767,0.1608889370050211,1.5304510381614407,0.029559111837926717,0.020051066324649616,0.08724748253643681,0.030778119919413746
0.12,0.1897098964529324,0.06833333333333333,0.014400000000000001,0.022765187574351767,0.1608889370050211,1.5304510381614407,0.029559111837926717,0.020051066324649616,0.08724748253643681,0.039914676290629406
0.12,0.1897098964529324,0.06833333333333333,0.016,0.022765187574351767,0.1608889370050211,1.5304510381614407,0.029559111837926717,0.020051066324649616,0.08724748253643681,0.05060353987113335
0.12,0.1897098964529324,0.09,0.0,0.022765187574351767,0.1608889370050211,1.5304510381614407,0.029868756039290977,0.020261109726922334,0.08816143682569844,0.0
0.12,0.1897098964529324,0.09,0.0016,0.022765187574351767,0.1608889370050211,1.5304510381614407,0.029868756039290977,0.020261109726922334,0.08816143682569844,0.00044151247562309784
0.12,0.1897098964529324,0.09,0.0032,0.022765187574351767,0.1608889370050211,1.5304510381614407,0.029868756039290977,0.020261109726922334,0.08816143682569844,0.0017745134004276586
0.12,0.1897098964529324,0.09,0.0048000000000000004,0.022765187574351767,0.1608889370050211,1.5304510381614407,0.029868756039290977,0.020261109726922334,0.08816143682569844,0.004024393268219483
0.12,0.1897098964529324,0.09,0.0064,0.022765187574351767,0.1608889370050211,1.5304510381614407,0.029868756039290977,0.020261109726922334,0.08816143682569844,0.007233469568674907
0.12,0.1897098964529324,0.09,0.008,0.022765187574351767,0.1608889370050211,1.5304510381614407,0.029868756039290977,0.020261109726922334,0.08816143682569844,0.011460986787340796
0.12,0.1897098964529324,0.09,0.009600000000000001,0.022765187574351767,0.1608889370050211,1.5304510381614407,0.029868756039290977,0.020261109726922334,0.08816143682569844,0.016783116405634565
0.12,0.1897098964529324,0.09,0.0112,0.022765187574351767,0.1608889370050211,1.5304510381614407,0.029868756039290977,0.020261109726922334,0.08816143682569844,0.02329295690084413
0.12,0.1897098964529324,0.09,0.0128,0.022765187574351767,0.1608889370050211,1.5304510381614407,0.029868756039290977,0.020261109726922334,0.08816143682569844,0.031100533746127992
0.12,0.1897098964529324,0.09,0.014400000000000001,0.022765187574351767,0.1608889370050211,1.5304510381614407,0.029868756039290977,0.020261109726922334,0.08816143682569844,0.04033279941051513
0.12,0.1897098964529324,0.09,0.016,0.022765187574351767,0.1608889370050211,1.5304510381614407,0.029868756039290977,0.020261109726922334,0.08816143682569844,0.05113363335890509
0.14,0.1897098964529324,0.025,0.0,0.026559385503410398,0.18770375983919133,1.5304510381614407,0.03376312734106457,0.022902809440121543,0.09965616961756583,0.0
0.14,0.1897098964529324,0.025,0.0016,0.026559385503410398,0.18770375983919133,1.5304510381614407,0.03376312734106457,0.022902809440121543,0.09965616961756583,0.0004990780974447698
0.14,0.1897098964529324,0.025,0.0032,0.026559385503410398,0.18770375983919133,1.5304510381614407,0.03376312734106457,0.022902809440121543,0.09965616961756583,0.0020058793820623656
0.14,0.1897098964529324,0.025,0.0048000000000000004,0.026559385503410398,0.18770375983919133,1.5304510381614407,0.03376312734106457,0.022902809440121543,0.09965616961756583,0.004549104830702646
0.14,0.1897098964529324,0.025,0.0064,0.026559385503410398,0.18770375983919133,1.5304510381614407,0.03376312734106457,0.022902809440121543,0.09965616961756583,0.008176589404782043
0.14,0.1897098964529324,0.025,0.008,0.026559385503410398,0.18770375983919133,1.5304510381614407,0.03376312734106457,0.022902809440121543,0.09965616961756583,0.012955302050283559
0.14,0.1897098964529324,0.025,0.009600000000000001,0.026559385503410398,0.18770375983919133,1.5304510381614407,0.03376312734106457,0.022902809440121543,0.09965616961756583,0.018971345697756777
0.14,0.1897098964529324,0.025,0.0112,0.026559385503410398,0.18770375983919133,1.5304510381614407,0.03376312734106457,0.022902809440121543,0.09965616961756583,0.026329957262317828
0.14,0.1897098964529324,0.025,0.0128,0.026559385503410398,0.18770375983919133,1.5304510381614407,0.03376312734106457,0.022902809440121543,0.09965616961756583,0.03515550764364947
0.14,0.1897098964529324,0.025,0.014400000000000001,0.026559385503410398,0.18770375983919133,1.5304510381614407,0.03376312734106457,0.022902809440121543,0.09965616961756583,0.04559150172600096
0.14,0.1897098964529324,0.025,0.016,0.026559385503410398,0.18770375983919133,1.5304510381614407,0.03376312734106457,0.022902809440121543,0.09965616961756583,0.05780057837818818
0.14,0.1897098964529324,0.04666666666666667,0.0,0.026559385503410398,0.18770375983919133,1.5304510381614407,0.03412437890932288,0.023147860076106388,0.10072244962170442,0.0
0.14,0.1897098964529324,0.04666666666666667,0.0016,0.026559385503410398,0.18770375983919133,1.5304510381614407,0.03412437890932288,0.023147860076106388,0.10072244962170442,0.0005044180277054959
0.14,0.1897098964529324,0.04666666666666667,0.0032,0.026559385503410398,0.18770375983919133,1.5304510381614407,0.03412437890932288,0.023147860076106388,0.10072244962170442,0.002027341465985667
0.14,0.1897098964529324,0.04666666666666667,0.0048000000000000004,0.026559385503410398,0.18770375983919133,1.5304510381614407,0.03412437890932288,0.023147860076106388,0.10072244962170442,0.004597778380331564
0.14,0.1897098964529324,0.04666666666666667,0.0064,0.026559385503410398,0.18770375983919133,1.5304510381614407,0.03412437890932288,0.023147860076106388,0.10072244962170442,0.008264075546561606
0.14,0.1897098964529324,0.04666666666666667,0.008,0.026559385503410398,0.18770375983919133,1.5304510381614407,0.03412437890932288,0.023147860076106388,0.10072244962170442,0.013093918450821574
0.14,0.1897098964529324,0.04666666666666667,0.009600000000000001,0.026559385503410398,0.18770375983919133,1.5304510381614407,0.03412437890932288,0.023147860076106388,0.10072244962170442,0.01917433128958463
0.14,0.1897098964529324,0.04666666666666667,0.0112,0.026559385503410398,0.18770375983919133,1.5304510381614407,0.03412437890932288,0.023147860076106388,0.10072244962170442,0.026611676969651277
0.14,0.1897098964529324,0.04666666666666667,0.0128,0.026559385503410398,0.18770375983919133,1.5304510381614407,0.03412437890932288,0.023147860076106388,0.10072244962170442,0.03553165710814943
0.14,0.1897098964529324,0.04666666666666667,0.014400000000000001,0.026559385503410398,0.18770375983919133,1.5304510381614407,0.03412437890932288,0.023147860076106388,0.10072244962170442,0.04607931203253431
0.14,0.1897098964529324,0.04666666666666667,0.016,0.026559385503410398,0.18770375983919133,1.5304510381614407,0.03412437890932288,0.023147860076106388,0.10072244962170442,0.05841902078058856
0.14,0.1897098964529324,0.06833333333333333,0.0,0.026559385503410398,0.18770375983919133,1.5304510381614407,0.03448563047758118,0.023392910712091226,0.10178872962584297,0.0
0.14,0.1897098964529324,0.06833333333333333,0.0016,0.026559385503410398,0.18770375983919133,1.5304510381614407,0.03448563047758118,0.023392910712091226,0.10178872962584297,0.0005097579579662218
0.14,0.1897098964529324,0.06833333333333333,0.0032,0.026559385503410398,0.18770375983919133,1.5304510381614407,0.03448563047758118,0.023392910712091226,0.10178872962584297,0.002048803549908968
0.14,0.1897098964529324,0.06833333333333333,0.0048000000000000004,0.026559385503410398,0.18770375983919133,1.5304510381614407,0.03448563047758118,0.023392910712091226,0.10178872962584297,0.004646451929960481
0.14,0.1897098964529324,0.06833333333333333,0.0064,0.026559385503410398,0.18770375983919133,1.5304510381614407,0.03448563047758118,0.023392910712091226,0.10178872962584297,0.008351561688341166
0.14,0.1897098964529324,0.06833333333333333,0.008,0.026559385503410398,0.18770375983919133,1.5304510381614407,0.03448563047758118,0.023392910712091226,0.10178872962584297,0.013232534851359586
0.14,0.1897098964529324,0.06833333333333333,0.009600000000000001,0.026559385503410398,0.18770375983919133,1.5304510381614407,0.03448563047758118,0.023392910712091226,0.10178872962584297,0.01937731688141248
0.14,0.1897098964529324,0.06833333333333333,0.0112,0.026559385503410398,0.18770375983919133,1.5304510381614407,0.03448563047758118,0.023392910712091226,0.10178872962584297,0.026893396676984715
0.14,0.1897098964529324,0.06833333333333333,0.0128,0.026559385503410398,0.18770375983919133,1.5304510381614407,0.03448563047758118,0.023392910712091226,0.10178872962584297,0.03590780657264938
0.14,0.1897098964529324,0.06833333333333333,0.014400000000000001,0.026559385503410398,0.18770375983919133,1.5304510381614407,0.03448563047758118,0.023392910712091226,0.10178872962584297,0.04656712233906765
0.14,0.1897098964529324,0.06833333333333333,0.016,0.026559385503410398,0.18770375983919133,1.5304510381614407,0.03448563047758118,0.023392910712091226,0.10178872962584297,0.05903746318298892
0.14,0.1897098964529324,0.09,0.0,0.026559385503410398,0.18770375983919133,1.5304510381614407,0.03484688204583948,0.023637961348076064,0.10285500962998154,0.0
0.14,0.1897098964529324,0.09,0.0016,0.026559385503410398,0.18770375983919133,1.5304510381614407,0.03484688204583948,0.023637961348076064,0.10285500962998154,0.0005150978882269477
0.14,0.1897098964529324,0.09,0.0032,0.026559385503410398,0.18770375983919133,1.5304510381614407,0.03484688204583948,0.023637961348076064,0.10285500962998154,0.0020702656338322687
0.14,0.1897098964529324,0.09,0.0048000000000000004,0.026559385503410398,0.18770375983919133,1.5304510381614407,0.03484688204583948,0.023637961348076064,0.10285500962998154,0.004695125479589399
0.14,0.1897098964529324,0.09,0.0064,0.026559385503410398,0.18770375983919133,1.5304510381614407,0.03484688204583948,0.023637961348076064,0.10285500962998154,0.008439047830120727
0.14,0.1897098964529324,0.09,0.008,0.026559385503410398,0.18770375983919133,1.5304510381614407,0.03484688204583948,0.023637961348076064,0.10285500962998154,0.0133711512518976
0.14,0.1897098964529324,0.09,0.009600000000000001,0.026559385503410398,0.18770375983919133,1.5304510381614407,0.03484688204583948,0.023637961348076064,0.10285500962998154,0.019580302473240333
0.14,0.1897098964529324,0.09,0.0112,0.026559385503410398,0.18770375983919133,1.5304510381614407,0.03484688204583948,0.023637961348076064,0.10285500962998154,0.027175116384318156
0.14,0.1897098964529324,0.09,0.0128,0.026559385503410398,0.18770375983919133,1.5304510381614407,0.03484688204583948,0.023637961348076064,0.10285500962998154,0.03628395603714933
0.14,0.1897098964529324,0.09,0.014400000000000001,0.026559385503410398,0.18770375983919133,1.5304510381614407,0.03484688204583948,0.023637961348076064,0.10285500962998154,0.047054932645601
0.14,0.1897098964529324,0.09,0.016,0.026559385503410398,0.18770375983919133,1.5304510381614407,0.03484688204583948,0.023637961348076064,0.10285500962998154,0.05965590558538929
0.16,0.1897098964529324,0.025,0.0,0.030353583432469026,0.2145185826733615,1.5304510381614407,0.038586431246930925,0.026174639360138897,0.11389276527721807,0.0
0.16,0.1897098964529324,0.025,0.0016,0.030353583432469026,0.2145185826733615,1.5304510381614407,0.038586431246930925,0.026174639360138897,0.11389276527721807,0.0005703749685083083
0.16,0.1897098964529324,0.025,0.0032,0.030353583432469026,0.2145185826733615,1.5304510381614407,0.038586431246930925,0.026174639360138897,0.11389276527721807,0.002292433579499846
0.16,0.1897098964529324,0.025,0.0048000000000000004,0.030353583432469026,0.2145185826733615,1.5304510381614407,0.038586431246930925,0.026174639360138897,0.11389276527721807,0.0051989769493744524
0.16,0.1897098964529324,0.025,0.0064,0.030353583432469026,0.2145185826733615,1.5304510381614407,0.038586431246930925,0.026174639360138897,0.11389276527721807,0.009344673605465191
0.16,0.1897098964529324,0.025,0.008,0.030353583432469026,0.2145185826733615,1.5304510381614407,0.038586431246930925,0.026174639360138897,0.11389276527721807,0.01480605948603835
0.16,0.1897098964529324,0.025,0.009600000000000001,0.030353583432469026,0.2145185826733615,1.5304510381614407,0.038586431246930925,0.026174639360138897,0.11389276527721807,0.021681537940293455
0.16,0.1897098964529324,0.025,0.0112,0.030353583432469026,0.2145185826733615,1.5304510381614407,0.038586431246930925,0.026174639360138897,0.11389276527721807,0.03009137972836323
0.16,0.1897098964529324,0.025,0.0128,0.030353583432469026,0.2145185826733615,1.5304510381614407,0.038586431246930925,0.026174639360138897,0.11389276527721807,0.04017772302131367
0.16,0.1897098964529324,0.025,0.014400000000000001,0.030353583432469026,0.2145185826733615,1.5304510381614407,0.038586431246930925,0.026174639360138897,0.11389276527721807,0.052104573401143946
0.16,0.1897098964529324,0.025,0.016,0.030353583432469026,0.2145185826733615,1.5304510381614407,0.038586431246930925,0.026174639360138897,0.11389276527721807,0.06605780386078648
0.16,0.1897098964529324,0.04666666666666667,0.0,0.030353583432469026,0.2145185826733615,1.5304510381614407,0.03899929018208328,0.02645469722983586,0.11511137099623359,0.0
0.16,0.1897098964529324,0.04666666666666667,0.0016,0.030353583432469026,0.2145185826733615,1.5304510381614407,0.03899929018208328,0.02645469722983586,0.11511137099623359,0.0005764777459491379
0.16,0.1897098964529324,0.04666666666666667,0.0032,0.030353583432469026,0.2145185826733615,1.5304510381614407,0.03899929018208328,0.02645469722983586,0.11511137099623359,0.0023169616754121903
0.16,0.1897098964529324,0.04666666666666667,0.0048000000000000004,0.030353583432469026,0.2145185826733615,1.5304510381614407,0.03899929018208328,0.02645469722983586,0.11511137099623359,0.005254603863236072
0.16,0.1897098964529324,0.04666666666666667,0.0064,0.030353583432469026,0.2145185826733615,1.5304510381614407,0.03899929018208328,0.02645469722983586,0.11511137099623359,0.009444657767498976
0.16,0.1897098964529324,0.04666666666666667,0.008,0.030353583432469026,0.2145185826733615,1.5304510381614407,0.03899929018208328,0.02645469722983586,0.11511137099623359,0.014964478229510365
0.16,0.1897098964529324,0.04666666666666667,0.009600000000000001,0.030353583432469026,0.2145185826733615,1.5304510381614407,0.03899929018208328,0.02645469722983586,0.11511137099623359,0.021913521473811003
0.16,0.1897098964529324,0.04666666666666667,0.0112,0.030353583432469026,0.2145185826733615,1.5304510381614407,0.03899929018208328,0.02645469722983586,0.11511137099623359,0.03041334510817288
0.16,0.1897098964529324,0.04666666666666667,0.0128,0.030353583432469026,0.2145185826733615,1.5304510381614407,0.03899929018208328,0.02645469722983586,0.11511137099623359,0.04060760812359934
0.16,0.1897098964529324,0.04666666666666667,0.014400000000000001,0.030353583432469026,0.2145185826733615,1.5304510381614407,0.03899929018208328,0.02645469722983586,0.11511137099623359,0.05266207089432491
0.16,0.1897098964529324,0.04666666666666667,0.016,0.030353583432469026,0.2145185826733615,1.5304510381614407,0.03899929018208328,0.02645469722983586,0.11511137099623359,0.06676459517781548
0.16,0.1897098964529324,0.06833333333333333,0.0,0.030353583432469026,0.2145185826733615,1.5304510381614407,0.03941214911723562,0.02673475509953282,0.11632997671524908,0.0
0.16,0.1897098964529324,0.06833333333333333,0.0016,0.030353583432469026,0.2145185826733615,1.5304510381614407,0.03941214911723562,0.02673475509953282,0.11632997671524908,0.0005825805233899675
0.16,0.1897098964529324,0.06833333333333333,0.0032,0.030353583432469026,0.2145185826733615,1.5304510381614407,0.03941214911723562,0.02673475509953282,0.11632997671524908,0.002341489771324534
0.16,0.1897098964529324,0.06833333333333333,0.0048000000000000004,0.030353583432469026,0.2145185826733615,1.5304510381614407,0.03941214911723562,0.02673475509953282,0.11632997671524908,0.005310230777097692
0.16,0.1897098964529324,0.06833333333333333,0.0064,0.030353583432469026,0.2145185826733615,1.5304510381614407,0.03941214911723562,0.02673475509953282,0.11632997671524908,0.00954464192953276
0.16,0.1897098964529324,0.06833333333333333,0.008,0.030353583432469026,0.2145185826733615,1.5304510381614407,0.03941214911723562,0.02673475509953282,0.11632997671524908,0.01512289697298238
0.16,0.1897098964529324,0.06833333333333333,0.009600000000000001,0.030353583432469026,0.2145185826733615,1.5304510381614407,0.03941214911723562,0.02673475509953282,0.11632997671524908,0.022145505007328543
0.16,0.1897098964529324,0.06833333333333333,0.0112,0.030353583432469026,0.2145185826733615,1.5304510381614407,0.03941214911723562,0.02673475509953282,0.11632997671524908,0.030735310487982524
0.16,0.1897098964529324,0.06833333333333333,0.0128,0.030353583432469026,0.2145185826733615,1.5304510381614407,0.03941214911723562,0.02673475509953282,0.11632997671524908,0.041037493225885
0.16,0.1897098964529324,0.06833333333333333,0.014400000000000001,0.030353583432469026,0.2145185826733615,1.5304510381614407,0.03941214911723562,0.02673475509953282,0.11632997671524908,0.053219568387505876
0.16,0.1897098964529324,0.06833333333333333,0.016,0.030353583432469026,0.2145185826733615,1.5304510381614407,0.03941214911723562,0.02673475509953282,0.11632997671524908,0.06747138649484447
0.16,0.1897098964529324,0.09,0.0,0.030353583432469026,0.2145185826733615,1.5304510381614407,0.039825008052387964,0.027014812969229775,0.11754858243426457,0.0
0.16,0.1897098964529324,0.09,0.0016,0.030353583432469026,0.2145185826733615,1.5304510381614407,0.039825008052387964,0.027014812969229775,0.11754858243426457,0.0005886833008307971
0.16,0.1897098964529324,0.09,0.0032,0.030353583432469026,0.2145185826733615,1.5304510381614407,0.039825008052387964,0.027014812969229775,0.11754858243426457,0.002366017867236878
0.16,0.1897098964529324,0.09,0.0048000000000000004,0.030353583432469026,0.2145185826733615,1.5304510381614407,0.039825008052387964,0.027014812969229775,0.11754858243426457,0.0053658576909593105
0.16,0.1897098964529324,0.09,0.0064,0.030353583432469026,0.2145185826733615,1.5304510381614407,0.039825008052387964,0.027014812969229775,0.11754858243426457,0.009644626091566542
0.16,0.1897098964529324,0.09,0.008,0.030353583432469026,0.2145185826733615,1.5304510381614407,0.039825008052387964,0.027014812969229775,0.11754858243426457,0.015281315716454394
0.16,0.1897098964529324,0.09,0.009600000000000001,0.030353583432469026,0.2145185826733615,1.5304510381614407,0.039825008052387964,0.027014812969229775,0.11754858243426457,0.022377488540846084
0.16,0.1897098964529324,0.09,0.0112,0.030353583432469026,0.2145185826733615,1.5304510381614407,0.039825008052387964,0.027014812969229775,0.11754858243426457,0.031057275867792167
0.16,0.1897098964529324,0.09,0.0128,0.030353583432469026,0.2145185826733615,1.5304510381614407,0.039825008052387964,0.027014812969229775,0.11754858243426457,0.041467378328170656
0.16,0.1897098964529324,0.09,0.014400000000000001,0.030353583432469026,0.2145185826733615,1.5304510381614407,0.039825008052387964,0.027014812969229775,0.11754858243426457,0.05377706588068683
0.16,0.1897098964529324,0.09,0.016,0.030353583432469026,0.2145185826733615,1.5304510381614407,0.039825008052387964,0.027014812969229775,0.11754858243426457,0.06817817781187345
0.18,0.1897098964529324,0.025,0.0,0.03414778136152765,0.24133340550753168,1.5304510381614407,0.0434097351527973,0.02944646928015627,0.12812936093687036,0.0
0.18,0.1897098964529324,0.025,0.0016,0.03414778136152765,0.24133340550753168,1.5304510381614407,0.0434097351527973,0.02944646928015627,0.12812936093687036,0.000641671839571847
0.18,0.1897098964529324,0.025,0.0032,0.03414778136152765,0.24133340550753168,1.5304510381614407,0.0434097351527973,0.02944646928015627,0.12812936093687036,0.0025789877769373274
0.18,0.1897098964529324,0.025,0.0048000000000000004,0.03414778136152765,0.24133340550753168,1.5304510381614407,0.0434097351527973,0.02944646928015627,0.12812936093687036,0.005848849068046259
0.18,0.1897098964529324,0.025,0.0064,0.03414778136152765,0.24133340550753168,1.5304510381614407,0.0434097351527973,0.02944646928015627,0.12812936093687036,0.010512757806148342
0.18,0.1897098964529324,0.025,0.008,0.03414778136152765,0.24133340550753168,1.5304510381614407,0.0434097351527973,0.02944646928015627,0.12812936093687036,0.016656816921793147
0.18,0.1897098964529324,0.025,0.009600000000000001,0.03414778136152765,0.24133340550753168,1.5304510381614407,0.0434097351527973,0.02944646928015627,0.12812936093687036,0.024391730182830144
0.18,0.1897098964529324,0.025,0.0112,0.03414778136152765,0.24133340550753168,1.5304510381614407,0.0434097351527973,0.02944646928015627,0.12812936093687036,0.033852802194408636
0.18,0.1897098964529324,0.025,0.0128,0.03414778136152765,0.24133340550753168,1.5304510381614407,0.0434097351527973,0.02944646928015627,0.12812936093687036,0.045199938398977894
0.18,0.1897098964529324,0.025,0.014400000000000001,0.03414778136152765,0.24133340550753168,1.5304510381614407,0.0434097351527973,0.02944646928015627,0.12812936093687036,0.05861764507628695
0.18,0.1897098964529324,0.025,0.016,0.03414778136152765,0.24133340550753168,1.5304510381614407,0.0434097351527973,0.02944646928015627,0.12812936093687036,0.07431502934338481
0.18,0.1897098964529324,0.04666666666666667,0.0,0.03414778136152765,0.24133340550753168,1.5304510381614407,0.04387420145484369,0.029761534383565352,0.1295002923707628,0.0
0.18,0.1897098964529324,0.04666666666666667,0.0016,0.03414778136152765,0.24133340550753168,1.5304510381614407,0.04387420145484369,0.029761534383565352,0.1295002923707628,0.0006485374641927802
0.18,0.1897098964529324,0.04666666666666667,0.0032,0.03414778136152765,0.24133340550753168,1.5304510381614407,0.04387420145484369,0.029761534383565352,0.1295002923707628,0.0026065818848387138
0.18,0.1897098964529324,0.04666666666666667,0.0048000000000000004,0.03414778136152765,0.24133340550753168,1.5304510381614407,0.04387420145484369,0.029761534383565352,0.1295002923707628,0.005911429346140582
0.18,0.1897098964529324,0.04666666666666667,0.0064,0.03414778136152765,0.24133340550753168,1.5304510381614407,0.04387420145484369,0.029761534383565352,0.1295002923707628,0.010625239988436348
0.18,0.1897098964529324,0.04666666666666667,0.008,0.03414778136152765,0.24133340550753168,1.5304510381614407,0.04387420145484369,0.029761534383565352,0.1295002923707628,0.016835038008199164
0.18,0.1897098964529324,0.04666666666666667,0.009600000000000001,0.03414778136152765,0.24133340550753168,1.5304510381614407,0.04387420145484369,0.029761534383565352,0.1295002923707628,0.02465271165803738
0.18,0.1897098964529324,0.04666666666666667,0.0112,0.03414778136152765,0.24133340550753168,1.5304510381614407,0.04387420145484369,0.029761534383565352,0.1295002923707628,0.03421501324669449
0.18,0.1897098964529324,0.04666666666666667,0.0128,0.03414778136152765,0.24133340550753168,1.5304510381614407,0.04387420145484369,0.029761534383565352,0.1295002923707628,0.04568355913904926
0.18,0.1897098964529324,0.04666666666666667,0.014400000000000001,0.03414778136152765,0.24133340550753168,1.5304510381614407,0.04387420145484369,0.029761534383565352,0.1295002923707628,0.05924482975611553
0.18,0.1897098964529324,0.04666666666666667,0.016,0.03414778136152765,0.24133340550753168,1.5304510381614407,0.04387420145484369,0.029761534383565352,0.1295002923707628,0.07511016957504242
0.18,0.1897098964529324,0.06833333333333333,0.0,0.03414778136152765,0.24133340550753168,1.5304510381614407,0.044338667756890084,0.03007659948697443,0.13087122380465524,0.0
0.18,0.1897098964529324,0.06833333333333333,0.0016,0.03414778136152765,0.24133340550753168,1.5304510381614407,0.044338667756890084,0.03007659948697443,0.13087122380465524,0.0006554030888137136
0.18,0.1897098964529324,0.06833333333333333,0.0032,0.03414778136152765,0.24133340550753168,1.5304510381614407,0.044338667756890084,0.03007659948697443,0.13087122380465524,0.002634175992740101
0.18,0.1897098964529324,0.06833333333333333,0.0048000000000000004,0.03414778136152765,0.24133340550753168,1.5304510381614407,0.044338667756890084,0.03007659948697443,0.13087122380465524,0.005974009624234904
0.18,0.1897098964529324,0.06833333333333333,0.0064,0.03414778136152765,0.24133340550753168,1.5304510381614407,0.044338667756890084,0.03007659948697443,0.13087122380465524,0.010737722170724355
0.18,0.1897098964529324,0.06833333333333333,0.008,0.03414778136152765,0.24133340550753168,1.5304510381614407,0.044338667756890084,0.03007659948697443,0.13087122380465524,0.01701325909460518
0.18,0.1897098964529324,0.06833333333333333,0.009600000000000001,0.03414778136152765,0.24133340550753168,1.5304510381614407,0.044338667756890084,0.03007659948697443,0.13087122380465524,0.024913693133244617
0.18,0.1897098964529324,0.06833333333333333,0.0112,0.03414778136152765,0.24133340550753168,1.5304510381614407,0.044338667756890084,0.03007659948697443,0.13087122380465524,0.03457722429898035
0.18,0.1897098964529324,0.06833333333333333,0.0128,0.03414778136152765,0.24133340550753168,1.5304510381614407,0.044338667756890084,0.03007659948697443,0.13087122380465524,0.046167179879120626
0.18,0.1897098964529324,0.06833333333333333,0.014400000000000001,0.03414778136152765,0.24133340550753168,1.5304510381614407,0.044338667756890084,0.03007659948697443,0.13087122380465524,0.059872014435944115
0.18,0.1897098964529324,0.06833333333333333,0.016,0.03414778136152765,0.24133340550753168,1.5304510381614407,0.044338667756890084,0.03007659948697443,0.13087122380465524,0.07590530980670004
0.18,0.1897098964529324,0.09,0.0,0.03414778136152765,0.24133340550753168,1.5304510381614407,0.04480313405893647,0.030391664590383505,0.13224215523854768,0.0
0.18,0.1897098964529324,0.09,0.0016,0.03414778136152765,0.24133340550753168,1.5304510381614407,0.04480313405893647,0.030391664590383505,0.13224215523854768,0.0006622687134346469
0.18,0.1897098964529324,0.09,0.0032,0.03414778136152765,0.24133340550753168,1.5304510381614407,0.04480313405893647,0.030391664590383505,0.13224215523854768,0.002661770100641488
0.18,0.1897098964529324,0.09,0.0048000000000000004,0.03414778136152765,0.24133340550753168,1.5304510381614407,0.04480313405893647,0.030391664590383505,0.13224215523854768,0.006036589902329226
0.18,0.1897098964529324,0.09,0.0064,0.03414778136152765,0.24133340550753168,1.5304510381614407,0.04480313405893647,0.030391664590383505,0.13224215523854768,0.010850204353012363
0.18,0.1897098964529324,0.09,0.008,0.03414778136152765,0.24133340550753168,1.5304510381614407,0.04480313405893647,0.030391664590383505,0.13224215523854768,0.017191480181011198
0.18,0.1897098964529324,0.09,0.009600000000000001,0.03414778136152765,0.24133340550753168,1.5304510381614407,0.04480313405893647,0.030391664590383505,0.13224215523854768,0.025174674608451852
0.18,0.1897098964529324,0.09,0.0112,0.03414778136152765,0.24133340550753168,1.5304510381614407,0.04480313405893647,0.030391664590383505,0.13224215523854768,0.0349394353512662
0.18,0.1897098964529324,0.09,0.0128,0.03414778136152765,0.24133340550753168,1.5304510381614407,0.04480313405893647,0.030391664590383505,0.13224215523854768,0.046650800619191995
0.18,0.1897098964529324,0.09,0.014400000000000001,0.03414778136152765,0.24133340550753168,1.5304510381614407,0.04480313405893647,0.030391664590383505,0.13224215523854768,0.06049919911577271
0.18,0.1897098964529324,0.09,0.016,0.03414778136152765,0.24133340550753168,1.5304510381614407,0.04480313405893647,0.030391664590383505,0.13224215523854768,0.07670045003835765
0.06,0.25298221281347033,0.025,0.0,0.015178932768808173,0.08842948024089495,1.726806883495052,0.0130616444744656,0.007952841230208046,0.037715721194066285,0.0
0.06,0.25298221281347033,0.025,0.0016,0.015178932768808173,0.08842948024089495,1.726806883495052,0.0130616444744656,0.007952841230208046,0.037715721194066285,0.00018888033173988398
0.06,0.25298221281347033,0.025,0.0032,0.015178932768808173,0.08842948024089495,1.726806883495052,0.0130616444744656,0.007952841230208046,0.037715721194066285,0.0007591420361941663
0.06,0.25298221281347033,0.025,0.0048000000000000004,0.015178932768808173,0.08842948024089495,1.726806883495052,0.0130616444744656,0.007952841230208046,0.037715721194066285,0.0017216472410667384
0.06,0.25298221281347033,0.025,0.0064,0.015178932768808173,0.08842948024089495,1.726806883495052,0.0130616444744656,0.007952841230208046,0.037715721194066285,0.003094499492530751
0.06,0.25298221281347033,0.025,0.008,0.015178932768808173,0.08842948024089495,1.726806883495052,0.0130616444744656,0.007952841230208046,0.037715721194066285,0.004903043755228617
0.06,0.25298221281347033,0.025,0.009600000000000001,0.015178932768808173,0.08842948024089495,1.726806883495052,0.0130616444744656,0.007952841230208046,0.037715721194066285,0.0071798664122720126
0.06,0.25298221281347033,0.025,0.0112,0.015178932768808173,0.08842948024089495,1.726806883495052,0.0130616444744656,0.007952841230208046,0.037715721194066285,0.009964795265241863
0.06,0.25298221281347033,0.025,0.0128,0.015178932768808173,0.08842948024089495,1.726806883495052,0.0130616444744656,0.007952841230208046,0.037715721194066285,0.013304899534188378
0.06,0.25298221281347033,0.025,0.014400000000000001,0.015178932768808173,0.08842948024089495,1.726806883495052,0.0130616444744656,0.007952841230208046,0.037715721194066285,0.017254489857631
0.06,0.25298221281347033,0.025,0.016,0.015178932768808173,0.08842948024089495,1.726806883495052,0.0130616444744656,0.007952841230208046,0.037715721194066285,0.021875118292558445
0.06,0.25298221281347033,0.04666666666666667,0.0,0.015178932768808173,0.08842948024089495,1.726806883495052,0.013201398695180049,0.008037933358597104,0.038119263889969876,0.0
0.06,0.25298221281347033,0.04666666666666667,0.0016,0.015178932768808173,0.08842948024089495,1.726806883495052,0.013201398695180049,0.008037933358597104,0.038119263889969876,0.0001909012735609692
0.06,0.25298221281347033,0.04666666666666667,0.0032,0.015178932768808173,0.08842948024089495,1.726806883495052,0.013201398695180049,0.008037933358597104,0.038119263889969876,0.0007672645435773138
0.06,0.25298221281347033,0.04666666666666667,0.0048000000000000004,0.015178932768808173,0.08842948024089495,1.726806883495052,0.013201398695180049,0.008037933358597104,0.038119263889969876,0.0017400681580493455
0.06,0.25298221281347033,0.04666666666666667,0.0064,0.015178932768808173,0.08842948024089495,1.726806883495052,0.013201398695180049,0.008037933358597104,0.038119263889969876,0.003127609363644249
0.06,0.25298221281347033,0.04666666666666667,0.008,0.015178932768808173,0.08842948024089495,1.726806883495052,0.013201398695180049,0.008037933358597104,0.038119263889969876,0.004955504305696084
0.06,0.25298221281347033,0.04666666666666667,0.009600000000000001,0.015178932768808173,0.08842948024089495,1.726806883495052,0.013201398695180049,0.008037933358597104,0.038119263889969876,0.007256688028205787
0.06,0.25298221281347033,0.04666666666666667,0.0112,0.015178932768808173,0.08842948024089495,1.726806883495052,0.013201398695180049,0.008037933358597104,0.038119263889969876,0.010071414473841158
0.06,0.25298221281347033,0.04666666666666667,0.0128,0.015178932768808173,0.08842948024089495,1.726806883495052,0.013201398695180049,0.008037933358597104,0.038119263889969876,0.013447256483936897
0.06,0.25298221281347033,0.04666666666666667,0.014400000000000001,0.015178932768808173,0.08842948024089495,1.726806883495052,0.013201398695180049,0.008037933358597104,0.038119263889969876,0.017439105798494538
0.06,0.25298221281347033,0.04666666666666667,0.016,0.015178932768808173,0.08842948024089495,1.726806883495052,0.013201398695180049,0.008037933358597104,0.038119263889969876,0.022109173056182527
0.06,0.25298221281347033,0.06833333333333333,0.0,0.015178932768808173,0.08842948024089495,1.726806883495052,0.013341152915894494,0.00812302548698616,0.03852280658587347,0.0
0.06,0.25298221281347033,0.06833333333333333,0.0016,0.015178932768808173,0.08842948024089495,1.726806883495052,0.013341152915894494,0.00812302548698616,0.03852280658587347,0.00019292221538205436
0.06,0.25298221281347033,0.06833333333333333,0.0032,0.015178932768808173,0.08842948024089495,1.726806883495052,0.013341152915894494,0.00812302548698616,0.03852280658587347,0.0007753870509604613
0.06,0.25298221281347033,0.06833333333333333,0.0048000000000000004,0.015178932768808173,0.08842948024089495,1.726806883495052,0.013341152915894494,0.00812302548698616,0.03852280658587347,0.0017584890750319527
0.06,0.25298221281347033,0.06833333333333333,0.0064,0.015178932768808173,0.08842948024089495,1.726806883495052,0.013341152915894494,0.00812302548698616,0.03852280658587347,0.003160719234757747
0.06,0.25298221281347033,0.06833333333333333,0.008,0.015178932768808173,0.08842948024089495,1.726806883495052,0.013341152915894494,0.00812302548698616,0.03852280658587347,0.005007964856163551
0.06,0.25298221281347033,0.06833333333333333,0.009600000000000001,0.015178932768808173,0.08842948024089495,1.726806883495052,0.013341152915894494,0.00812302548698616,0.03852280658587347,0.007333509644139563
0.06,0.25298221281347033,0.06833333333333333,0.0112,0.015178932768808173,0.08842948024089495,1.726806883495052,0.013341152915894494,0.00812302548698616,0.03852280658587347,0.010178033682440456
0.06,0.25298221281347033,0.06833333333333333,0.0128,0.015178932768808173,0.08842948024089495,1.726806883495052,0.013341152915894494,0.00812302548698616,0.03852280658587347,0.013589613433685414
0.06,0.25298221281347033,0.06833333333333333,0.014400000000000001,0.015178932768808173,0.08842948024089495,1.726806883495052,0.013341152915894494,0.00812302548698616,0.03852280658587347,0.01762372173935808
0.06,0.25298221281347033,0.06833333333333333,0.016,0.015178932768808173,0.08842948024089495,1.726806883495052,0.013341152915894494,0.00812302548698616,0.03852280658587347,0.02234322781980661
0.06,0.25298221281347033,0.09,0.0,0.015178932768808173,0.08842948024089495,1.726806883495052,0.01348090713660894,0.008208117615375217,0.03892634928177705,0.0
0.06,0.25298221281347033,0.09,0.0016,0.015178932768808173,0.08842948024089495,1.726806883495052,0.01348090713660894,0.008208117615375217,0.03892634928177705,0.0001949431572031395
0.06,0.25298221281347033,0.09,0.0032,0.015178932768808173,0.08842948024089495,1.726806883495052,0.01348090713660894,0.008208117615375217,0.03892634928177705,0.0007835095583436086
0.06,0.25298221281347033,0.09,0.0048000000000000004,0.015178932768808173,0.08842948024089495,1.726806883495052,0.01348090713660894,0.008208117615375217,0.03892634928177705,0.0017769099920145594
0.06,0.25298221281347033,0.09,0.0064,0.015178932768808173,0.08842948024089495,1.726806883495052,0.01348090713660894,0.008208117615375217,0.03892634928177705,0.003193829105871244
0.06,0.25298221281347033,0.09,0.008,0.015178932768808173,0.08842948024089495,1.726806883495052,0.01348090713660894,0.008208117615375217,0.03892634928177705,0.0050604254066310165
0.06,0.25298221281347033,0.09,0.009600000000000001,0.015178932768808173,0.08842948024089495,1.726806883495052,0.01348090713660894,0.008208117615375217,0.03892634928177705,0.007410331260073335
0.06,0.25298221281347033,0.09,0.0112,0.015178932768808173,0.08842948024089495,1.726806883495052,0.01348090713660894,0.008208117615375217,0.03892634928177705,0.010284652891039749
0.06,0.25298221281347033,0.09,0.0128,0.015178932768808173,0.08842948024089495,1.726806883495052,0.01348090713660894,0.008208117615375217,0.03892634928177705,0.01373197038343393
0.06,0.25298221281347033,0.09,0.014400000000000001,0.015178932768808173,0.08842948024089495,1.726806883495052,0.01348090713660894,0.008208117615375217,0.03892634928177705,0.01780833768022162
0.06,0.25298221281347033,0.09,0.016,0.015178932768808173,0.08842948024089495,1.726806883495052,0.01348090713660894,0.008208117615375217,0.03892634928177705,0.02257728258343069
0.08,0.25298221281347033,0.025,0.0,0.020238577025077566,0.1179059736545266,1.726806883495052,0.017415525965954134,0.01060378830694406,0.05028762825875505,0.0
0.08,0.25298221281347033,0.025,0.0016,0.020238577025077566,0.1179059736545266,1.726806883495052,0.017415525965954134,0.01060378830694406,0.05028762825875505,0.0002518404423198454
0.08,0.25298221281347033,0.025,0.0032,0.020238577025077566,0.1179059736545266,1.726806883495052,0.017415525965954134,0.01060378830694406,0.05028762825875505,0.001012189381592222
0.08,0.25298221281347033,0.025,0.0048000000000000004,0.020238577025077566,0.1179059736545266,1.726806883495052,0.017415525965954134,0.01060378830694406,0.05028762825875505,0.0022955296547556513
0.08,0.25298221281347033,0.025,0.0064,0.020238577025077566,0.1179059736545266,1.726806883495052,0.017415525965954134,0.01060378830694406,0.05028762825875505,0.004125999323374336
0.08,0.25298221281347033,0.025,0.008,0.020238577025077566,0.1179059736545266,1.726806883495052,0.017415525965954134,0.01060378830694406,0.05028762825875505,0.006537391673638157
0.08,0.25298221281347033,0.025,0.009600000000000001,0.020238577025077566,0.1179059736545266,1.726806883495052,0.017415525965954134,0.01060378830694406,0.05028762825875505,0.009573155216362685
0.08,0.25298221281347033,0.025,0.0112,0.020238577025077566,0.1179059736545266,1.726806883495052,0.017415525965954134,0.01060378830694406,0.05028762825875505,0.013286393686989154
0.08,0.25298221281347033,0.025,0.0128,0.020238577025077566,0.1179059736545266,1.726806883495052,0.017415525965954134,0.01060378830694406,0.05028762825875505,0.01773986604558451
0.08,0.25298221281347033,0.025,0.014400000000000001,0.020238577025077566,0.1179059736545266,1.726806883495052,0.017415525965954134,0.01060378830694406,0.05028762825875505,0.023005986476841333
0.08,0.25298221281347033,0.025,0.016,0.020238577025077566,0.1179059736545266,1.726806883495052,0.017415525965954134,0.01060378830694406,0.05028762825875505,0.02916682439007793
0.08,0.25298221281347033,0.04666666666666667,0.0,0.020238577025077566,0.1179059736545266,1.726806883495052,0.017601864926906734,0.01071724447812947,0.05082568518662651,0.0
0.08,0.25298221281347033,0.04666666666666667,0.0016,0.020238577025077566,0.1179059736545266,1.726806883495052,0.017601864926906734,0.01071724447812947,0.05082568518662651,0.0002545350314146256
0.08,0.25298221281347033,0.04666666666666667,0.0032,0.020238577025077566,0.1179059736545266,1.726806883495052,0.017601864926906734,0.01071724447812947,0.05082568518662651,0.0010230193914364184
0.08,0.25298221281347033,0.04666666666666667,0.0048000000000000004,0.020238577025077566,0.1179059736545266,1.726806883495052,0.017601864926906734,0.01071724447812947,0.05082568518662651,0.0023200908773991277
0.08,0.25298221281347033,0.04666666666666667,0.0064,0.020238577025077566,0.1179059736545266,1.726806883495052,0.017601864926906734,0.01071724447812947,0.05082568518662651,0.0041701458181923326
0.08,0.25298221281347033,0.04666666666666667,0.008,0.020238577025077566,0.1179059736545266,1.726806883495052,0.017601864926906734,0.01071724447812947,0.05082568518662651,0.006607339074261446
0.08,0.25298221281347033,0.04666666666666667,0.009600000000000001,0.020238577025077566,0.1179059736545266,1.726806883495052,0.017601864926906734,0.01071724447812947,0.05082568518662651,0.009675584037607718
0.08,0.25298221281347033,0.04666666666666667,0.0112,0.020238577025077566,0.1179059736545266,1.726806883495052,0.017601864926906734,0.01071724447812947,0.05082568518662651,0.013428552631788215
0.08,0.25298221281347033,0.04666666666666667,0.0128,0.020238577025077566,0.1179059736545266,1.726806883495052,0.017601864926906734,0.01071724447812947,0.05082568518662651,0.017929675311915864
0.08,0.25298221281347033,0.04666666666666667,0.014400000000000001,0.020238577025077566,0.1179059736545266,1.726806883495052,0.017601864926906734,0.01071724447812947,0.05082568518662651,0.02325214106465939
0.08,0.25298221281347033,0.04666666666666667,0.016,0.020238577025077566,0.1179059736545266,1.726806883495052,0.017601864926906734,0.01071724447812947,0.05082568518662651,0.029478897408243374
0.08,0.25298221281347033,0.06833333333333333,0.0,0.020238577025077566,0.1179059736545266,1.726806883495052,0.017788203887859327,0.01083070064931488,0.05136374211449796,0.0
0.08,0.25298221281347033,0.06833333333333333,0.0016,0.020238577025077566,0.1179059736545266,1.726806883495052,0.017788203887859327,0.01083070064931488,0.05136374211449796,0.0002572296205094058
0.08,0.25298221281347033,0.06833333333333333,0.0032,0.020238577025077566,0.1179059736545266,1.726806883495052,0.017788203887859327,0.01083070064931488,0.05136374211449796,0.001033849401280615
0.08,0.25298221281347033,0.06833333333333333,0.0048000000000000004,0.020238577025077566,0.1179059736545266,1.726806883495052,0.017788203887859327,0.01083070064931488,0.05136374211449796,0.002344652100042603
0.08,0.25298221281347033,0.06833333333333333,0.0064,0.020238577025077566,0.1179059736545266,1.726806883495052,0.017788203887859327,0.01083070064931488,0.05136374211449796,0.004214292313010329
0.08,0.25298221281347033,0.06833333333333333,0.008,0.020238577025077566,0.1179059736545266,1.726806883495052,0.017788203887859327,0.01083070064931488,0.05136374211449796,0.006677286474884734
0.08,0.25298221281347033,0.06833333333333333,0.009600000000000001,0.020238577025077566,0.1179059736545266,1.726806883495052,0.017788203887859327,0.01083070064931488,0.05136374211449796,0.009778012858852748
0.08,0.25298221281347033,0.06833333333333333,0.0112,0.020238577025077566,0.1179059736545266,1.726806883495052,0.017788203887859327,0.01083070064931488,0.05136374211449796,0.013570711576587274
0.08,0.25298221281347033,0.06833333333333333,0.0128,0.020238577025077566,0.1179059736545266,1.726806883495052,0.017788203887859327,0.01083070064931488,0.05136374211449796,0.01811948457824722
0.08,0.25298221281347033,0.06833333333333333,0.014400000000000001,0.020238577025077566,0.1179059736545266,1.726806883495052,0.017788203887859327,0.01083070064931488,0.05136374211449796,0.023498295652477443
0.08,0.25298221281347033,0.06833333333333333,0.016,0.020238577025077566,0.1179059736545266,1.726806883495052,0.017788203887859327,0.01083070064931488,0.05136374211449796,0.029790970426408814
0.08,0.25298221281347033,0.09,0.0,0.020238577025077566,0.1179059736545266,1.726806883495052,0.01797454284881192,0.01094415682050029,0.05190179904236941,0.0
0.08,0.25298221281347033,0.09,0.0016,0.020238577025077566,0.1179059736545266,1.726806883495052,0.01797454284881192,0.01094415682050029,0.05190179904236941,0.0002599242096041861
0.08,0.25298221281347033,0.09,0.0032,0.020238577025077566,0.1179059736545266,1.726806883495052,0.01797454284881192,0.01094415682050029,0.05190179904236941,0.0010446794111248117
0.08,0.25298221281347033,0.09,0.0048000000000000004,0.020238577025077566,0.1179059736545266,1.726806883495052,0.01797454284881192,0.01094415682050029,0.05190179904236941,0.0023692133226860795
0.08,0.25298221281347033,0.09,0.0064,0.020238577025077566,0.1179059736545266,1.726806883495052,0.01797454284881192,0.01094415682050029,0.05190179904236941,0.004258438807828327
0.08,0.25298221281347033,0.09,0.008,0.020238577025077566,0.1179059736545266,1.726806883495052,0.01797454284881192,0.01094415682050029,0.05190179904236941,0.006747233875508024
0.08,0.25298221281347033,0.09,0.009600000000000001,0.020238577025077566,0.1179059736545266,1.726806883495052,0.01797454284881192,0.01094415682050029,0.05190179904236941,0.009880441680097782
0.08,0.25298221281347033,0.09,0.0112,0.020238577025077566,0.1179059736545266,1.726806883495052,0.01797454284881192,0.01094415682050029,0.05190179904236941,0.013712870521386335
0.08,0.25298221281347033,0.09,0.0128,0.020238577025077566,0.1179059736545266,1.726806883495052,0.01797454284881192,0.01094415682050029,0.05190179904236941,0.018309293844578575
0.08,0.25298221281347033,0.09,0.014400000000000001,0.020238577025077566,0.1179059736545266,1.726806883495052,0.01797454284881192,0.01094415682050029,0.05190179904236941,0.0237444502402955
0.08,0.25298221281347033,0.09,0.016,0.020238577025077566,0.1179059736545266,1.726806883495052,0.01797454284881192,0.01094415682050029,0.05190179904236941,0.03010304344457426
0.1,0.25298221281347033,0.025,0.0,0.025298221281346955,0.14738246706815825,1.726806883495052,0.021769407457442668,0.013254735383680076,0.06285953532344381,0.0
0.1,0.25298221281347033,0.025,0.0016,0.025298221281346955,0.14738246706815825,1.726806883495052,0.021769407457442668,0.013254735383680076,0.06285953532344381,0.0003148005528998067
0.1,0.25298221281347033,0.025,0.0032,0.025298221281346955,0.14738246706815825,1.726806883495052,0.021769407457442668,0.013254735383680076,0.06285953532344381,0.0012652367269902773
0.1,0.25298221281347033,0.025,0.0048000000000000004,0.025298221281346955,0.14738246706815825,1.726806883495052,0.021769407457442668,0.013254735383680076,0.06285953532344381,0.002869412068444564
0.1,0.25298221281347033,0.025,0.0064,0.025298221281346955,0.14738246706815825,1.726806883495052,0.021769407457442668,0.013254735383680076,0.06285953532344381,0.005157499154217919
0.1,0.25298221281347033,0.025,0.008,0.025298221281346955,0.14738246706815825,1.726806883495052,0.021769407457442668,0.013254735383680076,0.06285953532344381,0.008171739592047695
0.1,0.25298221281347033,0.025,0.009600000000000001,0.025298221281346955,0.14738246706815825,1.726806883495052,0.021769407457442668,0.013254735383680076,0.06285953532344381,0.011966444020453354
0.1,0.25298221281347033,0.025,0.0112,0.025298221281346955,0.14738246706815825,1.726806883495052,0.021769407457442668,0.013254735383680076,0.06285953532344381,0.01660799210873644
0.1,0.25298221281347033,0.025,0.0128,0.025298221281346955,0.14738246706815825,1.726806883495052,0.021769407457442668,0.013254735383680076,0.06285953532344381,0.02217483255698063
0.1,0.25298221281347033,0.025,0.014400000000000001,0.025298221281346955,0.14738246706815825,1.726806883495052,0.021769407457442668,0.013254735383680076,0.06285953532344381,0.028757483096051664
0.1,0.25298221281347033,0.025,0.016,0.025298221281346955,0.14738246706815825,1.726806883495052,0.021769407457442668,0.013254735383680076,0.06285953532344381,0.03645853048759741
0.1,0.25298221281347033,0.04666666666666667,0.0,0.025298221281346955,0.14738246706815825,1.726806883495052,0.022002331158633415,0.01339655559766184,0.06353210648328314,0.0
0.1,0.25298221281347033,0.04666666666666667,0.0016,0.025298221281346955,0.14738246706815825,1.726806883495052,0.022002331158633415,0.01339655559766184,0.06353210648328314,0.000318168789268282
0.1,0.25298221281347033,0.04666666666666667,0.0032,0.025298221281346955,0.14738246706815825,1.726806883495052,0.022002331158633415,0.01339655559766184,0.06353210648328314,0.0012787742392955232
0.1,0.25298221281347033,0.04666666666666667,0.0048000000000000004,0.025298221281346955,0.14738246706815825,1.726806883495052,0.022002331158633415,0.01339655559766184,0.06353210648328314,0.0029001135967489096
0.1,0.25298221281347033,0.04666666666666667,0.0064,0.025298221281346955,0.14738246706815825,1.726806883495052,0.022002331158633415,0.01339655559766184,0.06353210648328314,0.005212682272740416
0.1,0.25298221281347033,0.04666666666666667,0.008,0.025298221281346955,0.14738246706815825,1.726806883495052,0.022002331158633415,0.01339655559766184,0.06353210648328314,0.008259173842826808
0.1,0.25298221281347033,0.04666666666666667,0.009600000000000001,0.025298221281346955,0.14738246706815825,1.726806883495052,0.022002331158633415,0.01339655559766184,0.06353210648328314,0.012094480047009647
0.1,0.25298221281347033,0.04666666666666667,0.0112,0.025298221281346955,0.14738246706815825,1.726806883495052,0.022002331158633415,0.01339655559766184,0.06353210648328314,0.01678569078973527
0.1,0.25298221281347033,0.04666666666666667,0.0128,0.025298221281346955,0.14738246706815825,1.726806883495052,0.022002331158633415,0.01339655559766184,0.06353210648328314,0.02241209413989483
0.1,0.25298221281347033,0.04666666666666667,0.014400000000000001,0.025298221281346955,0.14738246706815825,1.726806883495052,0.022002331158633415,0.01339655559766184,0.06353210648328314,0.02906517633082424
0.1,0.25298221281347033,0.04666666666666667,0.016,0.025298221281346955,0.14738246706815825,1.726806883495052,0.022002331158633415,0.01339655559766184,0.06353210648328314,0.03684862176030422
0.1,0.25298221281347033,0.06833333333333333,0.0,0.025298221281346955,0.14738246706815825,1.726806883495052,0.022235254859824156,0.0135383758116436,0.06420467764312245,0.0
0.1,0.25298221281347033,0.06833333333333333,0.0016,0.025298221281346955,0.14738246706815825,1.726806883495052,0.022235254859824156,0.0135383758116436,0.06420467764312245,0.0003215370256367573
0.1,0.25298221281347033,0.06833333333333333,0.0032,0.025298221281346955,0.14738246706815825,1.726806883495052,0.022235254859824156,0.0135383758116436,0.06420467764312245,0.0012923117516007688
0.1,0.25298221281347033,0.06833333333333333,0.0048000000000000004,0.025298221281346955,0.14738246706815825,1.726806883495052,0.022235254859824156,0.0135383758116436,0.06420467764312245,0.0029308151250532545
0.1,0.25298221281347033,0.06833333333333333,0.0064,0.025298221281346955,0.14738246706815825,1.726806883495052,0.022235254859824156,0.0135383758116436,0.06420467764312245,0.005267865391262912
0.1,0.25298221281347033,0.06833333333333333,0.008,0.025298221281346955,0.14738246706815825,1.726806883495052,0.022235254859824156,0.0135383758116436,0.06420467764312245,0.008346608093605918
0.1,0.25298221281347033,0.06833333333333333,0.009600000000000001,0.025298221281346955,0.14738246706815825,1.726806883495052,0.022235254859824156,0.0135383758116436,0.06420467764312245,0.012222516073565937
0.1,0.25298221281347033,0.06833333333333333,0.0112,0.025298221281346955,0.14738246706815825,1.726806883495052,0.022235254859824156,0.0135383758116436,0.06420467764312245,0.016963389470734093
0.1,0.25298221281347033,0.06833333333333333,0.0128,0.025298221281346955,0.14738246706815825,1.726806883495052,0.022235254859824156,0.0135383758116436,0.06420467764312245,0.022649355722809024
0.1,0.25298221281347033,0.06833333333333333,0.014400000000000001,0.025298221281346955,0.14738246706815825,1.726806883495052,0.022235254859824156,0.0135383758116436,0.06420467764312245,0.0293728695655968
0.1,0.25298221281347033,0.06833333333333333,0.016,0.025298221281346955,0.14738246706815825,1.726806883495052,0.022235254859824156,0.0135383758116436,0.06420467764312245,0.03723871303301102
0.1,0.25298221281347033,0.09,0.0,0.025298221281346955,0.14738246706815825,1.726806883495052,0.0224681785610149,0.013680196025625362,0.06487724880296176,0.0
0.1,0.25298221281347033,0.09,0.0016,0.025298221281346955,0.14738246706815825,1.726806883495052,0.0224681785610149,0.013680196025625362,0.06487724880296176,0.00032490526200523257
0.1,0.25298221281347033,0.09,0.0032,0.025298221281346955,0.14738246706815825,1.726806883495052,0.0224681785610149,0.013680196025625362,0.06487724880296176,0.0013058492639060146
0.1,0.25298221281347033,0.09,0.0048000000000000004,0.025298221281346955,0.14738246706815825,1.726806883495052,0.0224681785610149,0.013680196025625362,0.06487724880296176,0.0029615166533575993
0.1,0.25298221281347033,0.09,0.0064,0.025298221281346955,0.14738246706815825,1.726806883495052,0.0224681785610149,0.013680196025625362,0.06487724880296176,0.005323048509785408
0.1,0.25298221281347033,0.09,0.008,0.025298221281346955,0.14738246706815825,1.726806883495052,0.0224681785610149,0.013680196025625362,0.06487724880296176,0.00843404234438503
0.1,0.25298221281347033,0.09,0.009600000000000001,0.025298221281346955,0.14738246706815825,1.726806883495052,0.0224681785610149,0.013680196025625362,0.06487724880296176,0.012350552100122227
0.1,0.25298221281347033,0.09,0.0112,0.025298221281346955,0.14738246706815825,1.726806883495052,0.0224681785610149,0.013680196025625362,0.06487724880296176,0.01714108815173292
0.1,0.25298221281347033,0.09,0.0128,0.025298221281346955,0.14738246706815825,1.726806883495052,0.0224681785610149,0.013680196025625362,0.06487724880296176,0.02288661730572322
0.1,0.25298221281347033,0.09,0.014400000000000001,0.025298221281346955,0.14738246706815825,1.726806883495052,0.0224681785610149,0.013680196025625362,0.06487724880296176,0.029680562800369376
0.1,0.25298221281347033,0.09,0.016,0.025298221281346955,0.14738246706815825,1.726806883495052,0.0224681785610149,0.013680196025625362,0.06487724880296176,0.03762880430571782
0.12,0.25298221281347033,0.025,0.0,0.030357865537616345,0.1768589604817899,1.726806883495052,0.0261232889489312,0.01590568246041609,0.07543144238813257,0.0
0.12,0.25298221281347033,0.025,0.0016,0.030357865537616345,0.1768589604817899,1.726806883495052,0.0261232889489312,0.01590568246041609,0.07543144238813257,0.00037776066347976797
0.12,0.25298221281347033,0.025,0.0032,0.030357865537616345,0.1768589604817899,1.726806883495052,0.0261232889489312,0.01590568246041609,0.07543144238813257,0.0015182840723883327
0.12,0.25298221281347033,0.025,0.0048000000000000004,0.030357865537616345,0.1768589604817899,1.726806883495052,0.0261232889489312,0.01590568246041609,0.07543144238813257,0.0034432944821334768
0.12,0.25298221281347033,0.025,0.0064,0.030357865537616345,0.1768589604817899,1.726806883495052,0.0261232889489312,0.01590568246041609,0.07543144238813257,0.006188998985061502
0.12,0.25298221281347033,0.025,0.008,0.030357865537616345,0.1768589604817899,1.726806883495052,0.0261232889489312,0.01590568246041609,0.07543144238813257,0.009806087510457234
0.12,0.25298221281347033,0.025,0.009600000000000001,0.030357865537616345,0.1768589604817899,1.726806883495052,0.0261232889489312,0.01590568246041609,0.07543144238813257,0.014359732824544025
0.12,0.25298221281347033,0.025,0.0112,0.030357865537616345,0.1768589604817899,1.726806883495052,0.0261232889489312,0.01590568246041609,0.07543144238813257,0.019929590530483727
0.12,0.25298221281347033,0.025,0.0128,0.030357865537616345,0.1768589604817899,1.726806883495052,0.0261232889489312,0.01590568246041609,0.07543144238813257,0.026609799068376756
0.12,0.25298221281347033,0.025,0.014400000000000001,0.030357865537616345,0.1768589604817899,1.726806883495052,0.0261232889489312,0.01590568246041609,0.07543144238813257,0.034508979715262
0.12,0.25298221281347033,0.025,0.016,0.030357865537616345,0.1768589604817899,1.726806883495052,0.0261232889489312,0.01590568246041609,0.07543144238813257,0.04375023658511689
0.12,0.25298221281347033,0.04666666666666667,0.0,0.030357865537616345,0.1768589604817899,1.726806883495052,0.026402797390360097,0.016075866717194208,0.07623852777993975,0.0
0.12,0.25298221281347033,0.04666666666666667,0.0016,0.030357865537616345,0.1768589604817899,1.726806883495052,0.026402797390360097,0.016075866717194208,0.07623852777993975,0.0003818025471219384
0.12,0.25298221281347033,0.04666666666666667,0.0032,0.030357865537616345,0.1768589604817899,1.726806883495052,0.026402797390360097,0.016075866717194208,0.07623852777993975,0.0015345290871546277
0.12,0.25298221281347033,0.04666666666666667,0.0048000000000000004,0.030357865537616345,0.1768589604817899,1.726806883495052,0.026402797390360097,0.016075866717194208,0.07623852777993975,0.003480136316098691
0.12,0.25298221281347033,0.04666666666666667,0.0064,0.030357865537616345,0.1768589604817899,1.726806883495052,0.026402797390360097,0.016075866717194208,0.07623852777993975,0.006255218727288498
0.12,0.25298221281347033,0.04666666666666667,0.008,0.030357865537616345,0.1768589604817899,1.726806883495052,0.026402797390360097,0.016075866717194208,0.07623852777993975,0.009911008611392168
0.12,0.25298221281347033,0.04666666666666667,0.009600000000000001,0.030357865537616345,0.1768589604817899,1.726806883495052,0.026402797390360097,0.016075866717194208,0.07623852777993975,0.014513376056411575
0.12,0.25298221281347033,0.04666666666666667,0.0112,0.030357865537616345,0.1768589604817899,1.726806883495052,0.026402797390360097,0.016075866717194208,0.07623852777993975,0.020142828947682316
0.12,0.25298221281347033,0.04666666666666667,0.0128,0.030357865537616345,0.1768589604817899,1.726806883495052,0.026402797390360097,0.016075866717194208,0.07623852777993975,0.026894512967873794
0.12,0.25298221281347033,0.04666666666666667,0.014400000000000001,0.030357865537616345,0.1768589604817899,1.726806883495052,0.026402797390360097,0.016075866717194208,0.07623852777993975,0.034878211596989075
0.12,0.25298221281347033,0.04666666666666667,0.016,0.030357865537616345,0.1768589604817899,1.726806883495052,0.026402797390360097,0.016075866717194208,0.07623852777993975,0.04421834611236505
0.12,0.25298221281347033,0.06833333333333333,0.0,0.030357865537616345,0.1768589604817899,1.726806883495052,0.02668230583178899,0.01624605097397232,0.07704561317174694,0.0
0.12,0.25298221281347033,0.06833333333333333,0.0016,0.030357865537616345,0.1768589604817899,1.726806883495052,0.02668230583178899,0.01624605097397232,0.07704561317174694,0.0003858444307641087
0.12,0.25298221281347033,0.06833333333333333,0.0032,0.030357865537616345,0.1768589604817899,1.726806883495052,0.02668230583178899,0.01624605097397232,0.07704561317174694,0.0015507741019209226
0.12,0.25298221281347033,0.06833333333333333,0.0048000000000000004,0.030357865537616345,0.1768589604817899,1.726806883495052,0.02668230583178899,0.01624605097397232,0.07704561317174694,0.0035169781500639053
0.12,0.25298221281347033,0.06833333333333333,0.0064,0.030357865537616345,0.1768589604817899,1.726806883495052,0.02668230583178899,0.01624605097397232,0.07704561317174694,0.006321438469515494
0.12,0.25298221281347033,0.06833333333333333,0.008,0.030357865537616345,0.1768589604817899,1.726806883495052,0.02668230583178899,0.01624605097397232,0.07704561317174694,0.010015929712327102
0.12,0.25298221281347033,0.06833333333333333,0.009600000000000001,0.030357865537616345,0.1768589604817899,1.726806883495052,0.02668230583178899,0.01624605097397232,0.07704561317174694,0.014667019288279126
0.12,0.25298221281347033,0.06833333333333333,0.0112,0.030357865537616345,0.1768589604817899,1.726806883495052,0.02668230583178899,0.01624605097397232,0.07704561317174694,0.020356067364880912
0.12,0.25298221281347033,0.06833333333333333,0.0128,0.030357865537616345,0.1768589604817899,1.726806883495052,0.02668230583178899,0.01624605097397232,0.07704561317174694,0.02717922686737083
0.12,0.25298221281347033,0.06833333333333333,0.014400000000000001,0.030357865537616345,0.1768589604817899,1.726806883495052,0.02668230583178899,0.01624605097397232,0.07704561317174694,0.03524744347871616
0.12,0.25298221281347033,0.06833333333333333,0.016,0.030357865537616345,0.1768589604817899,1.726806883495052,0.02668230583178899,0.01624605097397232,0.07704561317174694,0.04468645563961322
0.12,0.25298221281347033,0.09,0.0,0.030357865537616345,0.1768589604817899,1.726806883495052,0.02696181427321788,0.016416235230750434,0.0778526985635541,0.0
0.12,0.25298221281347033,0.09,0.0016,0.030357865537616345,0.1768589604817899,1.726806883495052,0.02696181427321788,0.016416235230750434,0.0778526985635541,0.000389886314406279
0.12,0.25298221281347033,0.09,0.0032,0.030357865537616345,0.1768589604817899,1.726806883495052,0.02696181427321788,0.016416235230750434,0.0778526985635541,0.0015670191166872172
0.12,0.25298221281347033,0.09,0.0048000000000000004,0.030357865537616345,0.1768589604817899,1.726806883495052,0.02696181427321788,0.016416235230750434,0.0778526985635541,0.0035538199840291188
0.12,0.25298221281347033,0.09,0.0064,0.030357865537616345,0.1768589604817899,1.726806883495052,0.02696181427321788,0.016416235230750434,0.0778526985635541,0.006387658211742488
0.12,0.25298221281347033,0.09,0.008,0.030357865537616345,0.1768589604817899,1.726806883495052,0.02696181427321788,0.016416235230750434,0.0778526985635541,0.010120850813262033
0.12,0.25298221281347033,0.09,0.009600000000000001,0.030357865537616345,0.1768589604817899,1.726806883495052,0.02696181427321788,0.016416235230750434,0.0778526985635541,0.01482066252014667
0.12,0.25298221281347033,0.09,0.0112,0.030357865537616345,0.1768589604817899,1.726806883495052,0.02696181427321788,0.016416235230750434,0.0778526985635541,0.020569305782079498
0.12,0.25298221281347033,0.09,0.0128,0.030357865537616345,0.1768589604817899,1.726806883495052,0.02696181427321788,0.016416235230750434,0.0778526985635541,0.02746394076686786
0.12,0.25298221281347033,0.09,0.014400000000000001,0.030357865537616345,0.1768589604817899,1.726806883495052,0.02696181427321788,0.016416235230750434,0.0778526985635541,0.03561667536044324
0.12,0.25298221281347033,0.09,0.016,0.030357865537616345,0.1768589604817899,1.726806883495052,0.02696181427321788,0.016416235230750434,0.0778526985635541,0.04515456516686138
0.14,0.25298221281347033,0.025,0.0,0.03541750979388574,0.20633545389542157,1.726806883495052,0.03047717044041974,0.01855662953715211,0.08800334945282134,0.0
0.14,0.25298221281347033,0.025,0.0016,0.03541750979388574,0.20633545389542157,1.726806883495052,0.03047717044041974,0.01855662953715211,0.08800334945282134,0.00044072077405972937
0.14,0.25298221281347033,0.025,0.0032,0.03541750979388574,0.20633545389542157,1.726806883495052,0.03047717044041974,0.01855662953715211,0.08800334945282134,0.0017713314177863885
0.14,0.25298221281347033,0.025,0.0048000000000000004,0.03541750979388574,0.20633545389542157,1.726806883495052,0.03047717044041974,0.01855662953715211,0.08800334945282134,0.00401717689582239
0.14,0.25298221281347033,0.025,0.0064,0.03541750979388574,0.20633545389542157,1.726806883495052,0.03047717044041974,0.01855662953715211,0.08800334945282134,0.007220498815905087
0.14,0.25298221281347033,0.025,0.008,0.03541750979388574,0.20633545389542157,1.726806883495052,0.03047717044041974,0.01855662953715211,0.08800334945282134,0.011440435428866774
0.14,0.25298221281347033,0.025,0.009600000000000001,0.03541750979388574,0.20633545389542157,1.726806883495052,0.03047717044041974,0.01855662953715211,0.08800334945282134,0.0167530216286347
0.14,0.25298221281347033,0.025,0.0112,0.03541750979388574,0.20633545389542157,1.726806883495052,0.03047717044041974,0.01855662953715211,0.08800334945282134,0.02325118895223102
0.14,0.25298221281347033,0.025,0.0128,0.03541750979388574,0.20633545389542157,1.726806883495052,0.03047717044041974,0.01855662953715211,0.08800334945282134,0.031044765579772888
0.14,0.25298221281347033,0.025,0.014400000000000001,0.03541750979388574,0.20633545389542157,1.726806883495052,0.03047717044041974,0.01855662953715211,0.08800334945282134,0.040260476334472335
0.14,0.25298221281347033,0.025,0.016,0.03541750979388574,0.20633545389542157,1.726806883495052,0.03047717044041974,0.01855662953715211,0.08800334945282134,0.05104194268263638
0.14,0.25298221281347033,0.04666666666666667,0.0,0.03541750979388574,0.20633545389542157,1.726806883495052,0.030803263622086786,0.018755177836726578,0.0889449490765964,0.0
0.14,0.25298221281347033,0.04666666666666667,0.0016,0.03541750979388574,0.20633545389542157,1.726806883495052,0.030803263622086786,0.018755177836726578,0.0889449490765964,0.0004454363049755949
0.14,0.25298221281347033,0.04666666666666667,0.0032,0.03541750979388574,0.20633545389542157,1.726806883495052,0.030803263622086786,0.018755177836726578,0.0889449490765964,0.0017902839350137328
0.14,0.25298221281347033,0.04666666666666667,0.0048000000000000004,0.03541750979388574,0.20633545389542157,1.726806883495052,0.030803263622086786,0.018755177836726578,0.0889449490765964,0.004060159035448474
0.14,0.25298221281347033,0.04666666666666667,0.0064,0.03541750979388574,0.20633545389542157,1.726806883495052,0.030803263622086786,0.018755177836726578,0.0889449490765964,0.0072977551818365835
0.14,0.25298221281347033,0.04666666666666667,0.008,0.03541750979388574,0.20633545389542157,1.726806883495052,0.030803263622086786,0.018755177836726578,0.0889449490765964,0.011562843379957532
0.14,0.25298221281347033,0.04666666666666667,0.009600000000000001,0.03541750979388574,0.20633545389542157,1.726806883495052,0.030803263622086786,0.018755177836726578,0.0889449490765964,0.01693227206581351
0.14,0.25298221281347033,0.04666666666666667,0.0112,0.03541750979388574,0.20633545389542157,1.726806883495052,0.030803263622086786,0.018755177836726578,0.0889449490765964,0.02349996710562938
0.14,0.25298221281347033,0.04666666666666667,0.0128,0.03541750979388574,0.20633545389542157,1.726806883495052,0.030803263622086786,0.018755177836726578,0.0889449490765964,0.03137693179585277
0.14,0.25298221281347033,0.04666666666666667,0.014400000000000001,0.03541750979388574,0.20633545389542157,1.726806883495052,0.030803263622086786,0.018755177836726578,0.0889449490765964,0.040691246863153945
0.14,0.25298221281347033,0.04666666666666667,0.016,0.03541750979388574,0.20633545389542157,1.726806883495052,0.030803263622086786,0.018755177836726578,0.0889449490765964,0.051588070464425914
0.14,0.25298221281347033,0.06833333333333333,0.0,0.03541750979388574,0.20633545389542157,1.726806883495052,0.031129356803753828,0.018953726136301044,0.08988654870037144,0.0
0.14,0.25298221281347033,0.06833333333333333,0.0016,0.03541750979388574,0.20633545389542157,1.726806883495052,0.031129356803753828,0.018953726136301044,0.08988654870037144,0.00045015183589146025
0.14,0.25298221281347033,0.06833333333333333,0.0032,0.03541750979388574,0.20633545389542157,1.726806883495052,0.031129356803753828,0.018953726136301044,0.08988654870037144,0.0018092364522410767
0.14,0.25298221281347033,0.06833333333333333,0.0048000000000000004,0.03541750979388574,0.20633545389542157,1.726806883495052,0.031129356803753828,0.018953726136301044,0.08988654870037144,0.004103141175074557
0.14,0.25298221281347033,0.06833333333333333,0.0064,0.03541750979388574,0.20633545389542157,1.726806883495052,0.031129356803753828,0.018953726136301044,0.08988654870037144,0.007375011547768077
0.14,0.25298221281347033,0.06833333333333333,0.008,0.03541750979388574,0.20633545389542157,1.726806883495052,0.031129356803753828,0.018953726136301044,0.08988654870037144,0.011685251331048287
0.14,0.25298221281347033,0.06833333333333333,0.009600000000000001,0.03541750979388574,0.20633545389542157,1.726806883495052,0.031129356803753828,0.018953726136301044,0.08988654870037144,0.017111522502992315
0.14,0.25298221281347033,0.06833333333333333,0.0112,0.03541750979388574,0.20633545389542157,1.726806883495052,0.031129356803753828,0.018953726136301044,0.08988654870037144,0.023748745259027735
0.14,0.25298221281347033,0.06833333333333333,0.0128,0.03541750979388574,0.20633545389542157,1.726806883495052,0.031129356803753828,0.018953726136301044,0.08988654870037144,0.03170909801193264
0.14,0.25298221281347033,0.06833333333333333,0.014400000000000001,0.03541750979388574,0.20633545389542157,1.726806883495052,0.031129356803753828,0.018953726136301044,0.08988654870037144,0.04112201739183553
0.14,0.25298221281347033,0.06833333333333333,0.016,0.03541750979388574,0.20633545389542157,1.726806883495052,0.031129356803753828,0.018953726136301044,0.08988654870037144,0.05213419824621544
0.14,0.25298221281347033,0.09,0.0,0.03541750979388574,0.20633545389542157,1.726806883495052,0.031455449985420866,0.019152274435875506,0.09082814832414647,0.0
0.14,0.25298221281347033,0.09,0.0016,0.03541750979388574,0.20633545389542157,1.726806883495052,0.031455449985420866,0.019152274435875506,0.09082814832414647,0.00045486736680732564
0.14,0.25298221281347033,0.09,0.0032,0.03541750979388574,0.20633545389542157,1.726806883495052,0.031455449985420866,0.019152274435875506,0.09082814832414647,0.0018281889694684206
0.14,0.25298221281347033,0.09,0.0048000000000000004,0.03541750979388574,0.20633545389542157,1.726806883495052,0.031455449985420866,0.019152274435875506,0.09082814832414647,0.0041461233147006395
0.14,0.25298221281347033,0.09,0.0064,0.03541750979388574,0.20633545389542157,1.726806883495052,0.031455449985420866,0.019152274435875506,0.09082814832414647,0.007452267913699571
0.14,0.25298221281347033,0.09,0.008,0.03541750979388574,0.20633545389542157,1.726806883495052,0.031455449985420866,0.019152274435875506,0.09082814832414647,0.011807659282139041
0.14,0.25298221281347033,0.09,0.009600000000000001,0.03541750979388574,0.20633545389542157,1.726806883495052,0.031455449985420866,0.019152274435875506,0.09082814832414647,0.01729077294017112
0.14,0.25298221281347033,0.09,0.0112,0.03541750979388574,0.20633545389542157,1.726806883495052,0.031455449985420866,0.019152274435875506,0.09082814832414647,0.023997523412426086
0.14,0.25298221281347033,0.09,0.0128,0.03541750979388574,0.20633545389542157,1.726806883495052,0.031455449985420866,0.019152274435875506,0.09082814832414647,0.03204126422801251
0.14,0.25298221281347033,0.09,0.014400000000000001,0.03541750979388574,0.20633545389542157,1.726806883495052,0.031455449985420866,0.019152274435875506,0.09082814832414647,0.04155278792051713
0.14,0.25298221281347033,0.09,0.016,0.03541750979388574,0.20633545389542157,1.726806883495052,0.031455449985420866,0.019152274435875506,0.09082814832414647,0.05268032602800495
0.16,0.25298221281347033,0.025,0.0,0.04047715405015513,0.2358119473090532,1.726806883495052,0.03483105193190827,0.02120757661388812,0.1005752565175101,0.0
0.16,0.25298221281347033,0.025,0.0016,0.04047715405015513,0.2358119473090532,1.726806883495052,0.03483105193190827,0.02120757661388812,0.1005752565175101,0.0005036808846396908
0.16,0.25298221281347033,0.025,0.0032,0.04047715405015513,0.2358119473090532,1.726806883495052,0.03483105193190827,0.02120757661388812,0.1005752565175101,0.002024378763184444
0.16,0.25298221281347033,0.025,0.0048000000000000004,0.04047715405015513,0.2358119473090532,1.726806883495052,0.03483105193190827,0.02120757661388812,0.1005752565175101,0.004591059309511303
0.16,0.25298221281347033,0.025,0.0064,0.04047715405015513,0.2358119473090532,1.726806883495052,0.03483105193190827,0.02120757661388812,0.1005752565175101,0.008251998646748672
0.16,0.25298221281347033,0.025,0.008,0.04047715405015513,0.2358119473090532,1.726806883495052,0.03483105193190827,0.02120757661388812,0.1005752565175101,0.013074783347276313
0.16,0.25298221281347033,0.025,0.009600000000000001,0.04047715405015513,0.2358119473090532,1.726806883495052,0.03483105193190827,0.02120757661388812,0.1005752565175101,0.01914631043272537
0.16,0.25298221281347033,0.025,0.0112,0.04047715405015513,0.2358119473090532,1.726806883495052,0.03483105193190827,0.02120757661388812,0.1005752565175101,0.026572787373978307
0.16,0.25298221281347033,0.025,0.0128,0.04047715405015513,0.2358119473090532,1.726806883495052,0.03483105193190827,0.02120757661388812,0.1005752565175101,0.03547973209116902
0.16,0.25298221281347033,0.025,0.014400000000000001,0.04047715405015513,0.2358119473090532,1.726806883495052,0.03483105193190827,0.02120757661388812,0.1005752565175101,0.046011972953682666
0.16,0.25298221281347033,0.025,0.016,0.04047715405015513,0.2358119473090532,1.726806883495052,0.03483105193190827,0.02120757661388812,0.1005752565175101,0.05833364878015586
0.16,0.25298221281347033,0.04666666666666667,0.0,0.04047715405015513,0.2358119473090532,1.726806883495052,0.03520372985381347,0.02143448895625894,0.10165137037325302,0.0
0.16,0.25298221281347033,0.04666666666666667,0.0016,0.04047715405015513,0.2358119473090532,1.726806883495052,0.03520372985381347,0.02143448895625894,0.10165137037325302,0.0005090700628292512
0.16,0.25298221281347033,0.04666666666666667,0.0032,0.04047715405015513,0.2358119473090532,1.726806883495052,0.03520372985381347,0.02143448895625894,0.10165137037325302,0.002046038782872837
0.16,0.25298221281347033,0.04666666666666667,0.0048000000000000004,0.04047715405015513,0.2358119473090532,1.726806883495052,0.03520372985381347,0.02143448895625894,0.10165137037325302,0.004640181754798255
0.16,0.25298221281347033,0.04666666666666667,0.0064,0.04047715405015513,0.2358119473090532,1.726806883495052,0.03520372985381347,0.02143448895625894,0.10165137037325302,0.008340291636384665
0.16,0.25298221281347033,0.04666666666666667,0.008,0.04047715405015513,0.2358119473090532,1.726806883495052,0.03520372985381347,0.02143448895625894,0.10165137037325302,0.013214678148522892
0.16,0.25298221281347033,0.04666666666666667,0.009600000000000001,0.04047715405015513,0.2358119473090532,1.726806883495052,0.03520372985381347,0.02143448895625894,0.10165137037325302,0.019351168075215436
0.16,0.25298221281347033,0.04666666666666667,0.0112,0.04047715405015513,0.2358119473090532,1.726806883495052,0.03520372985381347,0.02143448895625894,0.10165137037325302,0.02685710526357643
0.16,0.25298221281347033,0.04666666666666667,0.0128,0.04047715405015513,0.2358119473090532,1.726806883495052,0.03520372985381347,0.02143448895625894,0.10165137037325302,0.03585935062383173
0.16,0.25298221281347033,0.04666666666666667,0.014400000000000001,0.04047715405015513,0.2358119473090532,1.726806883495052,0.03520372985381347,0.02143448895625894,0.10165137037325302,0.04650428212931878
0.16,0.25298221281347033,0.04666666666666667,0.016,0.04047715405015513,0.2358119473090532,1.726806883495052,0.03520372985381347,0.02143448895625894,0.10165137037325302,0.05895779481648675
0.16,0.25298221281347033,0.06833333333333333,0.0,0.04047715405015513,0.2358119473090532,1.726806883495052,0.03557640777571865,0.02166140129862976,0.10272748422899591,0.0
0.16,0.25298221281347033,0.06833333333333333,0.0016,0.04047715405015513,0.2358119473090532,1.726806883495052,0.03557640777571865,0.02166140129862976,0.10272748422899591,0.0005144592410188116
0.16,0.25298221281347033,0.06833333333333333,0.0032,0.04047715405015513,0.2358119473090532,1.726806883495052,0.03557640777571865,0.02166140129862976,0.10272748422899591,0.00206769880256123
0.16,0.25298221281347033,0.06833333333333333,0.0048000000000000004,0.04047715405015513,0.2358119473090532,1.726806883495052,0.03557640777571865,0.02166140129862976,0.10272748422899591,0.004689304200085206
0.16,0.25298221281347033,0.06833333333333333,0.0064,0.04047715405015513,0.2358119473090532,1.726806883495052,0.03557640777571865,0.02166140129862976,0.10272748422899591,0.008428584626020658
0.16,0.25298221281347033,0.06833333333333333,0.008,0.04047715405015513,0.2358119473090532,1.726806883495052,0.03557640777571865,0.02166140129862976,0.10272748422899591,0.013354572949769468
0.16,0.25298221281347033,0.06833333333333333,0.009600000000000001,0.04047715405015513,0.2358119473090532,1.726806883495052,0.03557640777571865,0.02166140129862976,0.10272748422899591,0.019556025717705497
0.16,0.25298221281347033,0.06833333333333333,0.0112,0.04047715405015513,0.2358119473090532,1.726806883495052,0.03557640777571865,0.02166140129862976,0.10272748422899591,0.027141423153174547
0.16,0.25298221281347033,0.06833333333333333,0.0128,0.04047715405015513,0.2358119473090532,1.726806883495052,0.03557640777571865,0.02166140129862976,0.10272748422899591,0.03623896915649444
0.16,0.25298221281347033,0.06833333333333333,0.014400000000000001,0.04047715405015513,0.2358119473090532,1.726806883495052,0.03557640777571865,0.02166140129862976,0.10272748422899591,0.046996591304954885
0.16,0.25298221281347033,0.06833333333333333,0.016,0.04047715405015513,0.2358119473090532,1.726806883495052,0.03557640777571865,0.02166140129862976,0.10272748422899591,0.05958194085281763
0.16,0.25298221281347033,0.09,0.0,0.04047715405015513,0.2358119473090532,1.726806883495052,0.03594908569762384,0.02188831364100058,0.10380359808473882,0.0
0.16,0.25298221281347033,0.09,0.0016,0.04047715405015513,0.2358119473090532,1.726806883495052,0.03594908569762384,0.02188831364100058,0.10380359808473882,0.0005198484192083722
0.16,0.25298221281347033,0.09,0.0032,0.04047715405015513,0.2358119473090532,1.726806883495052,0.03594908569762384,0.02188831364100058,0.10380359808473882,0.0020893588222496234
0.16,0.25298221281347033,0.09,0.0048000000000000004,0.04047715405015513,0.2358119473090532,1.726806883495052,0.03594908569762384,0.02188831364100058,0.10380359808473882,0.004738426645372159
0.16,0.25298221281347033,0.09,0.0064,0.04047715405015513,0.2358119473090532,1.726806883495052,0.03594908569762384,0.02188831364100058,0.10380359808473882,0.008516877615656653
0.16,0.25298221281347033,0.09,0.008,0.04047715405015513,0.2358119473090532,1.726806883495052,0.03594908569762384,0.02188831364100058,0.10380359808473882,0.013494467751016048
0.16,0.25298221281347033,0.09,0.009600000000000001,0.04047715405015513,0.2358119473090532,1.726806883495052,0.03594908569762384,0.02188831364100058,0.10380359808473882,0.019760883360195564
0.16,0.25298221281347033,0.09,0.0112,0.04047715405015513,0.2358119473090532,1.726806883495052,0.03594908569762384,0.02188831364100058,0.10380359808473882,0.02742574104277267
0.16,0.25298221281347033,0.09,0.0128,0.04047715405015513,0.2358119473090532,1.726806883495052,0.03594908569762384,0.02188831364100058,0.10380359808473882,0.03661858768915715
0.16,0.25298221281347033,0.09,0.014400000000000001,0.04047715405015513,0.2358119473090532,1.726806883495052,0.03594908569762384,0.02188831364100058,0.10380359808473882,0.047488900480591
0.16,0.25298221281347033,0.09,0.016,0.04047715405015513,0.2358119473090532,1.726806883495052,0.03594908569762384,0.02188831364100058,0.10380359808473882,0.06020608688914852
0.18,0.25298221281347033,0.025,0.0,0.04553679830642452,0.26528844072268487,1.726806883495052,0.0391849334233968,0.023858523690624137,0.11314716358219887,0.0
0.18,0.25298221281347033,0.025,0.0016,0.04553679830642452,0.26528844072268487,1.726806883495052,0.0391849334233968,0.023858523690624137,0.11314716358219887,0.000566640995219652
0.18,0.25298221281347033,0.025,0.0032,0.04553679830642452,0.26528844072268487,1.726806883495052,0.0391849334233968,0.023858523690624137,0.11314716358219887,0.0022774261085824993
0.18,0.25298221281347033,0.025,0.0048000000000000004,0.04553679830642452,0.26528844072268487,1.726806883495052,0.0391849334233968,0.023858523690624137,0.11314716358219887,0.005164941723200215
0.18,0.25298221281347033,0.025,0.0064,0.04553679830642452,0.26528844072268487,1.726806883495052,0.0391849334233968,0.023858523690624137,0.11314716358219887,0.009283498477592253
0.18,0.25298221281347033,0.025,0.008,0.04553679830642452,0.26528844072268487,1.726806883495052,0.0391849334233968,0.023858523690624137,0.11314716358219887,0.014709131265685852
0.18,0.25298221281347033,0.025,0.009600000000000001,0.04553679830642452,0.26528844072268487,1.726806883495052,0.0391849334233968,0.023858523690624137,0.11314716358219887,0.021539599236816042
0.18,0.25298221281347033,0.025,0.0112,0.04553679830642452,0.26528844072268487,1.726806883495052,0.0391849334233968,0.023858523690624137,0.11314716358219887,0.029894385795725596
0.18,0.25298221281347033,0.025,0.0128,0.04553679830642452,0.26528844072268487,1.726806883495052,0.0391849334233968,0.023858523690624137,0.11314716358219887,0.039914698602565135
0.18,0.25298221281347033,0.025,0.014400000000000001,0.04553679830642452,0.26528844072268487,1.726806883495052,0.0391849334233968,0.023858523690624137,0.11314716358219887,0.051763469572893
0.18,0.25298221281347033,0.025,0.016,0.04553679830642452,0.26528844072268487,1.726806883495052,0.0391849334233968,0.023858523690624137,0.11314716358219887,0.06562535487767535
0.18,0.25298221281347033,0.04666666666666667,0.0,0.04553679830642452,0.26528844072268487,1.726806883495052,0.03960419608554015,0.024113800075791312,0.11435779166990966,0.0
0.18,0.25298221281347033,0.04666666666666667,0.0016,0.04553679830642452,0.26528844072268487,1.726806883495052,0.03960419608554015,0.024113800075791312,0.11435779166990966,0.0005727038206829077
0.18,0.25298221281347033,0.04666666666666667,0.0032,0.04553679830642452,0.26528844072268487,1.726806883495052,0.03960419608554015,0.024113800075791312,0.11435779166990966,0.0023017936307319423
0.18,0.25298221281347033,0.04666666666666667,0.0048000000000000004,0.04553679830642452,0.26528844072268487,1.726806883495052,0.03960419608554015,0.024113800075791312,0.11435779166990966,0.005220204474148037
0.18,0.25298221281347033,0.04666666666666667,0.0064,0.04553679830642452,0.26528844072268487,1.726806883495052,0.03960419608554015,0.024113800075791312,0.11435779166990966,0.00938282809093275
0.18,0.25298221281347033,0.04666666666666667,0.008,0.04553679830642452,0.26528844072268487,1.726806883495052,0.03960419608554015,0.024113800075791312,0.11435779166990966,0.014866512917088254
0.18,0.25298221281347033,0.04666666666666667,0.009600000000000001,0.04553679830642452,0.26528844072268487,1.726806883495052,0.03960419608554015,0.024113800075791312,0.11435779166990966,0.021770064084617367
0.18,0.25298221281347033,0.04666666666666667,0.0112,0.04553679830642452,0.26528844072268487,1.726806883495052,0.03960419608554015,0.024113800075791312,0.11435779166990966,0.030214243421523485
0.18,0.25298221281347033,0.04666666666666667,0.0128,0.04553679830642452,0.26528844072268487,1.726806883495052,0.03960419608554015,0.024113800075791312,0.11435779166990966,0.0403417694518107
0.18,0.25298221281347033,0.04666666666666667,0.014400000000000001,0.04553679830642452,0.26528844072268487,1.726806883495052,0.03960419608554015,0.024113800075791312,0.11435779166990966,0.052317317395483634
0.18,0.25298221281347033,0.04666666666666667,0.016,0.04553679830642452,0.26528844072268487,1.726806883495052,0.03960419608554015,0.024113800075791312,0.11435779166990966,0.0663275191685476
0.18,0.25298221281347033,0.06833333333333333,0.0,0.04553679830642452,0.26528844072268487,1.726806883495052,0.04002345874768349,0.024369076460958483,0.11556841975762042,0.0
0.18,0.25298221281347033,0.06833333333333333,0.0016,0.04553679830642452,0.26528844072268487,1.726806883495052,0.04002345874768349,0.024369076460958483,0.11556841975762042,0.0005787666461461631
0.18,0.25298221281347033,0.06833333333333333,0.0032,0.04553679830642452,0.26528844072268487,1.726806883495052,0.04002345874768349,0.024369076460958483,0.11556841975762042,0.0023261611528813844
0.18,0.25298221281347033,0.06833333333333333,0.0048000000000000004,0.04553679830642452,0.26528844072268487,1.726806883495052,0.04002345874768349,0.024369076460958483,0.11556841975762042,0.005275467225095858
0.18,0.25298221281347033,0.06833333333333333,0.0064,0.04553679830642452,0.26528844072268487,1.726806883495052,0.04002345874768349,0.024369076460958483,0.11556841975762042,0.009482157704273242
0.18,0.25298221281347033,0.06833333333333333,0.008,0.04553679830642452,0.26528844072268487,1.726806883495052,0.04002345874768349,0.024369076460958483,0.11556841975762042,0.015023894568490653
0.18,0.25298221281347033,0.06833333333333333,0.009600000000000001,0.04553679830642452,0.26528844072268487,1.726806883495052,0.04002345874768349,0.024369076460958483,0.11556841975762042,0.02200052893241869
0.18,0.25298221281347033,0.06833333333333333,0.0112,0.04553679830642452,0.26528844072268487,1.726806883495052,0.04002345874768349,0.024369076460958483,0.11556841975762042,0.030534101047321374
0.18,0.25298221281347033,0.06833333333333333,0.0128,0.04553679830642452,0.26528844072268487,1.726806883495052,0.04002345874768349,0.024369076460958483,0.11556841975762042,0.04076884030105625
0.18,0.25298221281347033,0.06833333333333333,0.014400000000000001,0.04553679830642452,0.26528844072268487,1.726806883495052,0.04002345874768349,0.024369076460958483,0.11556841975762042,0.05287116521807426
0.18,0.25298221281347033,0.06833333333333333,0.016,0.04553679830642452,0.26528844072268487,1.726806883495052,0.04002345874768349,0.024369076460958483,0.11556841975762042,0.06702968345941984
0.18,0.25298221281347033,0.09,0.0,0.04553679830642452,0.26528844072268487,1.726806883495052,0.040442721409826826,0.02462435284612565,0.11677904784533118,0.0
0.18,0.25298221281347033,0.09,0.0016,0.04553679830642452,0.26528844072268487,1.726806883495052,0.040442721409826826,0.02462435284612565,0.11677904784533118,0.0005848294716094187
0.18,0.25298221281347033,0.09,0.0032,0.04553679830642452,0.26528844072268487,1.726806883495052,0.040442721409826826,0.02462435284612565,0.11677904784533118,0.0023505286750308265
0.18,0.25298221281347033,0.09,0.0048000000000000004,0.04553679830642452,0.26528844072268487,1.726806883495052,0.040442721409826826,0.02462435284612565,0.11677904784533118,0.005330729976043679
0.18,0.25298221281347033,0.09,0.0064,0.04553679830642452,0.26528844072268487,1.726806883495052,0.040442721409826826,0.02462435284612565,0.11677904784533118,0.009581487317613735
0.18,0.25298221281347033,0.09,0.008,0.04553679830642452,0.26528844072268487,1.726806883495052,0.040442721409826826,0.02462435284612565,0.11677904784533118,0.015181276219893052
0.18,0.25298221281347033,0.09,0.009600000000000001,0.04553679830642452,0.26528844072268487,1.726806883495052,0.040442721409826826,0.02462435284612565,0.11677904784533118,0.02223099378022001
0.18,0.25298221281347033,0.09,0.0112,0.04553679830642452,0.26528844072268487,1.726806883495052,0.040442721409826826,0.02462435284612565,0.11677904784533118,0.030853958673119256
0.18,0.25298221281347033,0.09,0.0128,0.04553679830642452,0.26528844072268487,1.726806883495052,0.040442721409826826,0.02462435284612565,0.11677904784533118,0.0411959111503018
0.18,0.25298221281347033,0.09,0.014400000000000001,0.04553679830642452,0.26528844072268487,1.726806883495052,0.040442721409826826,0.02462435284612565,0.11677904784533118,0.05342501304066487
0.18,0.25298221281347033,0.09,0.016,0.04553679830642452,0.26528844072268487,1.726806883495052,0.040442721409826826,0.02462435284612565,0.11677904784533118,0.06773184775029209
0.06,0.33735720274286574,0.025,0.0,0.020241432164571912,0.09972357936557728,1.99941685883582,0.011545012658847807,0.0061477901207527405,0.0327383147269371,0.0
0.06,0.33735720274286574,0.025,0.0016,0.020241432164571912,0.09972357936557728,1.99941685883582,0.011545012658847807,0.0061477901207527405,0.0327383147269371,0.00016395348015250103
0.06,0.33735720274286574,0.025,0.0032,0.020241432164571912,0.09972357936557728,1.99941685883582,0.011545012658847807,0.0061477901207527405,0.0327383147269371,0.00065895679882379
0.06,0.33735720274286574,0.025,0.0048000000000000004,0.020241432164571912,0.09972357936557728,1.99941685883582,0.011545012658847807,0.0061477901207527405,0.0327383147269371,0.001494438590655225
0.06,0.33735720274286574,0.025,0.0064,0.020241432164571912,0.09972357936557728,1.99941685883582,0.011545012658847807,0.0061477901207527405,0.0327383147269371,0.002686113246715736
0.06,0.33735720274286574,0.025,0.008,0.020241432164571912,0.09972357936557728,1.99941685883582,0.011545012658847807,0.0061477901207527405,0.0327383147269371,0.004255980914501823
0.06,0.33735720274286574,0.025,0.009600000000000001,0.020241432164571912,0.09972357936557728,1.99941685883582,0.011545012658847807,0.0061477901207527405,0.0327383147269371,0.006232327497937564
0.06,0.33735720274286574,0.025,0.0112,0.020241432164571912,0.09972357936557728,1.99941685883582,0.011545012658847807,0.0061477901207527405,0.0327383147269371,0.008649724657374595
0.06,0.33735720274286574,0.025,0.0128,0.020241432164571912,0.09972357936557728,1.99941685883582,0.011545012658847807,0.0061477901207527405,0.0327383147269371,0.011549029809592149
0.06,0.33735720274286574,0.025,0.014400000000000001,0.020241432164571912,0.09972357936557728,1.99941685883582,0.011545012658847807,0.0061477901207527405,0.0327383147269371,0.014977386127797001
0.06,0.33735720274286574,0.025,0.016,0.020241432164571912,0.09972357936557728,1.99941685883582,0.011545012658847807,0.0061477901207527405,0.0327383147269371,0.018988222541623516
0.06,0.33735720274286574,0.04666666666666667,0.0,0.020241432164571912,0.09972357936557728,1.99941685883582,0.011668539543263464,0.006213568945090013,0.03308860122195783,0.0
0.06,0.33735720274286574,0.04666666666666667,0.0016,0.020241432164571912,0.09972357936557728,1.99941685883582,0.011668539543263464,0.006213568945090013,0.03308860122195783,0.00016570771491956484
0.06,0.33735720274286574,0.04666666666666667,0.0032,0.020241432164571912,0.09972357936557728,1.99941685883582,0.011668539543263464,0.006213568945090013,0.03308860122195783,0.0006660073653955672
0.06,0.33735720274286574,0.04666666666666667,0.0048000000000000004,0.020241432164571912,0.09972357936557728,1.99941685883582,0.011668539543263464,0.006213568945090013,0.03308860122195783,0.0015104284685799314
0.06,0.33735720274286574,0.04666666666666667,0.0064,0.020241432164571912,0.09972357936557728,1.99941685883582,0.011668539543263464,0.006213568945090013,0.03308860122195783,0.0027148535530591962
0.06,0.33735720274286574,0.04666666666666667,0.008,0.020241432164571912,0.09972357936557728,1.99941685883582,0.011668539543263464,0.006213568945090013,0.03308860122195783,0.004301518158854518
0.06,0.33735720274286574,0.04666666666666667,0.009600000000000001,0.020241432164571912,0.09972357936557728,1.99941685883582,0.011668539543263464,0.006213568945090013,0.03308860122195783,0.00629901083742167
0.06,0.33735720274286574,0.04666666666666667,0.0112,0.020241432164571912,0.09972357936557728,1.99941685883582,0.011668539543263464,0.006213568945090013,0.03308860122195783,0.008742273151651032
0.06,0.33735720274286574,0.04666666666666667,0.0128,0.020241432164571912,0.09972357936557728,1.99941685883582,0.011668539543263464,0.006213568945090013,0.03308860122195783,0.011672599675867621
0.06,0.33735720274286574,0.04666666666666667,0.014400000000000001,0.020241432164571912,0.09972357936557728,1.99941685883582,0.011668539543263464,0.006213568945090013,0.03308860122195783,0.015137637995831045
0.06,0.33735720274286574,0.04666666666666667,0.016,0.020241432164571912,0.09972357936557728,1.99941685883582,0.011668539543263464,0.006213568945090013,0.03308860122195783,0.01919138870873554
0.06,0.33735720274286574,0.06833333333333333,0.0,0.020241432164571912,0.09972357936557728,1.99941685883582,0.011792066427679118,0.006279347769427285,0.03343888771697855,0.0
0.06,0.33735720274286574,0.06833333333333333,0.0016,0.020241432164571912,0.09972357936557728,1.99941685883582,0.011792066427679118,0.006279347769427285,0.03343888771697855,0.00016746194968662864
0.06,0.33735720274286574,0.06833333333333333,0.0032,0.020241432164571912,0.09972357936557728,1.99941685883582,0.011792066427679118,0.006279347769427285,0.03343888771697855,0.0006730579319673445
0.06,0.33735720274286574,0.06833333333333333,0.0048000000000000004,0.020241432164571912,0.09972357936557728,1.99941685883582,0.011792066427679118,0.006279347769427285,0.03343888771697855,0.0015264183465046374
0.06,0.33735720274286574,0.06833333333333333,0.0064,0.020241432164571912,0.09972357936557728,1.99941685883582,0.011792066427679118,0.006279347769427285,0.03343888771697855,0.002743593859402657
0.06,0.33735720274286574,0.06833333333333333,0.008,0.020241432164571912,0.09972357936557728,1.99941685883582,0.011792066427679118,0.006279347769427285,0.03343888771697855,0.004347055403207212
0.06,0.33735720274286574,0.06833333333333333,0.009600000000000001,0.020241432164571912,0.09972357936557728,1.99941685883582,0.011792066427679118,0.006279347769427285,0.03343888771697855,0.0063656941769057755
0.06,0.33735720274286574,0.06833333333333333,0.0112,0.020241432164571912,0.09972357936557728,1.99941685883582,0.011792066427679118,0.006279347769427285,0.03343888771697855,0.00883482164592747
0.06,0.33735720274286574,0.06833333333333333,0.0128,0.020241432164571912,0.09972357936557728,1.99941685883582,0.011792066427679118,0.006279347769427285,0.03343888771697855,0.011796169542143093
0.06,0.33735720274286574,0.06833333333333333,0.014400000000000001,0.020241432164571912,0.09972357936557728,1.99941685883582,0.011792066427679118,0.006279347769427285,0.03343888771697855,0.015297889863865086
0.06,0.33735720274286574,0.06833333333333333,0.016,0.020241432164571912,0.09972357936557728,1.99941685883582,0.011792066427679118,0.006279347769427285,0.03343888771697855,0.019394554875847562
0.06,0.33735720274286574,0.09,0.0,0.020241432164571912,0.09972357936557728,1.99941685883582,0.011915593312094772,0.006345126593764557,0.03378917421199928,0.0
0.06,0.33735720274286574,0.09,0.0016,0.020241432164571912,0.09972357936557728,1.99941685883582,0.011915593312094772,0.006345126593764557,0.03378917421199928,0.00016921618445369242
0.06,0.33735720274286574,0.09,0.0032,0.020241432164571912,0.09972357936557728,1.99941685883582,0.011915593312094772,0.006345126593764557,0.03378917421199928,0.0006801084985391216
0.06,0.33735720274286574,0.09,0.0048000000000000004,0.020241432164571912,0.09972357936557728,1.99941685883582,0.011915593312094772,0.006345126593764557,0.03378917421199928,0.0015424082244293435
0.06,0.33735720274286574,0.09,0.0064,0.020241432164571912,0.09972357936557728,1.99941685883582,0.011915593312094772,0.006345126593764557,0.03378917421199928,0.0027723341657461173
0.06,0.33735720274286574,0.09,0.008,0.020241432164571912,0.09972357936557728,1.99941685883582,0.011915593312094772,0.006345126593764557,0.03378917421199928,0.004392592647559906
0.06,0.33735720274286574,0.09,0.009600000000000001,0.020241432164571912,0.09972357936557728,1.99941685883582,0.011915593312094772,0.006345126593764557,0.03378917421199928,0.00643237751638988
0.06,0.33735720274286574,0.09,0.0112,0.020241432164571912,0.09972357936557728,1.99941685883582,0.011915593312094772,0.006345126593764557,0.03378917421199928,0.008927370140203904
0.06,0.33735720274286574,0.09,0.0128,0.020241432164571912,0.09972357936557728,1.99941685883582,0.011915593312094772,0.006345126593764557,0.03378917421199928,0.011919739408418563
0.06,0.33735720274286574,0.09,0.014400000000000001,0.020241432164571912,0.09972357936557728,1.99941685883582,0.011915593312094772,0.006345126593764557,0.03378917421199928,0.015458141731899126
0.06,0.33735720274286574,0.09,0.016,0.020241432164571912,0.09972357936557728,1.99941685883582,0.011915593312094772,0.006345126593764557,0.03378917421199928,0.019597721042959582
0.08,0.33735720274286574,0.025,0.0,0.026988576219429218,0.13296477248743638,1.99941685883582,0.015393350211797075,0.008197053494336987,0.04365108630258279,0.0
0.08,0.33735720274286574,0.025,0.0016,0.026988576219429218,0.13296477248743638,1.99941685883582,0.015393350211797075,0.008197053494336987,0.04365108630258279,0.00021860464020333464
0.08,0.33735720274286574,0.025,0.0032,0.026988576219429218,0.13296477248743638,1.99941685883582,0.015393350211797075,0.008197053494336987,0.04365108630258279,0.0008786090650983866
0.08,0.33735720274286574,0.025,0.0048000000000000004,0.026988576219429218,0.13296477248743638,1.99941685883582,0.015393350211797075,0.008197053494336987,0.04365108630258279,0.0019925847875402994
0.08,0.33735720274286574,0.025,0.0064,0.026988576219429218,0.13296477248743638,1.99941685883582,0.015393350211797075,0.008197053494336987,0.04365108630258279,0.0035814843289543132
0.08,0.33735720274286574,0.025,0.008,0.026988576219429218,0.13296477248743638,1.99941685883582,0.015393350211797075,0.008197053494336987,0.04365108630258279,0.0056746412193357625
0.08,0.33735720274286574,0.025,0.009600000000000001,0.026988576219429218,0.13296477248743638,1.99941685883582,0.015393350211797075,0.008197053494336987,0.04365108630258279,0.008309769997250083
0.08,0.33735720274286574,0.025,0.0112,0.026988576219429218,0.13296477248743638,1.99941685883582,0.015393350211797075,0.008197053494336987,0.04365108630258279,0.011532966209832792
0.08,0.33735720274286574,0.025,0.0128,0.026988576219429218,0.13296477248743638,1.99941685883582,0.015393350211797075,0.008197053494336987,0.04365108630258279,0.015398706412789528
0.08,0.33735720274286574,0.025,0.014400000000000001,0.026988576219429218,0.13296477248743638,1.99941685883582,0.015393350211797075,0.008197053494336987,0.04365108630258279,0.019969848170395998
0.08,0.33735720274286574,0.025,0.016,0.026988576219429218,0.13296477248743638,1.99941685883582,0.015393350211797075,0.008197053494336987,0.04365108630258279,0.02531763005549802
0.08,0.33735720274286574,0.04666666666666667,0.0,0.026988576219429218,0.13296477248743638,1.99941685883582,0.015558052724351283,0.00828475859345335,0.04411813496261043,0.0
0.08,0.33735720274286574,0.04666666666666667,0.0016,0.026988576219429218,0.13296477248743638,1.99941685883582,0.015558052724351283,0.00828475859345335,0.04411813496261043,0.00022094361989275307
0.08,0.33735720274286574,0.04666666666666667,0.0032,0.026988576219429218,0.13296477248743638,1.99941685883582,0.015558052724351283,0.00828475859345335,0.04411813496261043,0.000888009820527423
0.08,0.33735720274286574,0.04666666666666667,0.0048000000000000004,0.026988576219429218,0.13296477248743638,1.99941685883582,0.015558052724351283,0.00828475859345335,0.04411813496261043,0.0020139046247732418
0.08,0.33735720274286574,0.04666666666666667,0.0064,0.026988576219429218,0.13296477248743638,1.99941685883582,0.015558052724351283,0.00828475859345335,0.04411813496261043,0.0036198047374122614
0.08,0.33735720274286574,0.04666666666666667,0.008,0.026988576219429218,0.13296477248743638,1.99941685883582,0.015558052724351283,0.00828475859345335,0.04411813496261043,0.005735357545139356
0.08,0.33735720274286574,0.04666666666666667,0.009600000000000001,0.026988576219429218,0.13296477248743638,1.99941685883582,0.015558052724351283,0.00828475859345335,0.04411813496261043,0.008398681116562225
0.08,0.33735720274286574,0.04666666666666667,0.0112,0.026988576219429218,0.13296477248743638,1.99941685883582,0.015558052724351283,0.00828475859345335,0.04411813496261043,0.011656364202201374
0.08,0.33735720274286574,0.04666666666666667,0.0128,0.026988576219429218,0.13296477248743638,1.99941685883582,0.015558052724351283,0.00828475859345335,0.04411813496261043,0.01556346623449016
0.08,0.33735720274286574,0.04666666666666667,0.014400000000000001,0.026988576219429218,0.13296477248743638,1.99941685883582,0.015558052724351283,0.00828475859345335,0.04411813496261043,0.020183517327774722
0.08,0.33735720274286574,0.04666666666666667,0.016,0.026988576219429218,0.13296477248743638,1.99941685883582,0.015558052724351283,0.00828475859345335,0.04411813496261043,0.02558851827831405
0.08,0.33735720274286574,0.06833333333333333,0.0,0.026988576219429218,0.13296477248743638,1.99941685883582,0.01572275523690549,0.008372463692569714,0.04458518362263807,0.0
0.08,0.33735720274286574,0.06833333333333333,0.0016,0.026988576219429218,0.13296477248743638,1.99941685883582,0.01572275523690549,0.008372463692569714,0.04458518362263807,0.00022328259958217148
0.08,0.33735720274286574,0.06833333333333333,0.0032,0.026988576219429218,0.13296477248743638,1.99941685883582,0.01572275523690549,0.008372463692569714,0.04458518362263807,0.0008974105759564592
0.08,0.33735720274286574,0.06833333333333333,0.0048000000000000004,0.026988576219429218,0.13296477248743638,1.99941685883582,0.01572275523690549,0.008372463692569714,0.04458518362263807,0.002035224462006183
0.08,0.33735720274286574,0.06833333333333333,0.0064,0.026988576219429218,0.13296477248743638,1.99941685883582,0.01572275523690549,0.008372463692569714,0.04458518362263807,0.003658125145870209
0.08,0.33735720274286574,0.06833333333333333,0.008,0.026988576219429218,0.13296477248743638,1.99941685883582,0.01572275523690549,0.008372463692569714,0.04458518362263807,0.0057960738709429485
0.08,0.33735720274286574,0.06833333333333333,0.009600000000000001,0.026988576219429218,0.13296477248743638,1.99941685883582,0.01572275523690549,0.008372463692569714,0.04458518362263807,0.008487592235874366
0.08,0.33735720274286574,0.06833333333333333,0.0112,0.026988576219429218,0.13296477248743638,1.99941685883582,0.01572275523690549,0.008372463692569714,0.04458518362263807,0.011779762194569957
0.08,0.33735720274286574,0.06833333333333333,0.0128,0.026988576219429218,0.13296477248743638,1.99941685883582,0.01572275523690549,0.008372463692569714,0.04458518362263807,0.01572822605619079
0.08,0.33735720274286574,0.06833333333333333,0.014400000000000001,0.026988576219429218,0.13296477248743638,1.99941685883582,0.01572275523690549,0.008372463692569714,0.04458518362263807,0.020397186485153443
0.08,0.33735720274286574,0.06833333333333333,0.016,0.026988576219429218,0.13296477248743638,1.99941685883582,0.01572275523690549,0.008372463692569714,0.04458518362263807,0.02585940650113008
0.08,0.33735720274286574,0.09,0.0,0.026988576219429218,0.13296477248743638,1.99941685883582,0.015887457749459696,0.008460168791686075,0.045052232282665694,0.0
0.08,0.33735720274286574,0.09,0.0016,0.026988576219429218,0.13296477248743638,1.99941685883582,0.015887457749459696,0.008460168791686075,0.045052232282665694,0.00022562157927158983
0.08,0.33735720274286574,0.09,0.0032,0.026988576219429218,0.13296477248743638,1.99941685883582,0.015887457749459696,0.008460168791686075,0.045052232282665694,0.0009068113313854953
0.08,0.33735720274286574,0.09,0.0048000000000000004,0.026988576219429218,0.13296477248743638,1.99941685883582,0.015887457749459696,0.008460168791686075,0.045052232282665694,0.0020565442992391244
0.08,0.33735720274286574,0.09,0.0064,0.026988576219429218,0.13296477248743638,1.99941685883582,0.015887457749459696,0.008460168791686075,0.045052232282665694,0.0036964455543281555
0.08,0.33735720274286574,0.09,0.008,0.026988576219429218,0.13296477248743638,1.99941685883582,0.015887457749459696,0.008460168791686075,0.045052232282665694,0.00585679019674654
0.08,0.33735720274286574,0.09,0.009600000000000001,0.026988576219429218,0.13296477248743638,1.99941685883582,0.015887457749459696,0.008460168791686075,0.045052232282665694,0.008576503355186506
0.08,0.33735720274286574,0.09,0.0112,0.026988576219429218,0.13296477248743638,1.99941685883582,0.015887457749459696,0.008460168791686075,0.045052232282665694,0.011903160186938537
0.08,0.33735720274286574,0.09,0.0128,0.026988576219429218,0.13296477248743638,1.99941685883582,0.015887457749459696,0.008460168791686075,0.045052232282665694,0.015892985877891414
0.08,0.33735720274286574,0.09,0.014400000000000001,0.026988576219429218,0.13296477248743638,1.99941685883582,0.015887457749459696,0.008460168791686075,0.045052232282665694,0.020610855642532164
0.08,0.33735720274286574,0.09,0.016,0.026988576219429218,0.13296477248743638,1.99941685883582,0.015887457749459696,0.008460168791686075,0.045052232282665694,0.026130294723946103
0.1,0.33735720274286574,0.025,0.0,0.03373572027428653,0.1662059656092955,1.99941685883582,0.019241687764746346,0.010246316867921237,0.05456385787822849,0.0
0.1,0.33735720274286574,0.025,0.0016,0.03373572027428653,0.1662059656092955,1.99941685883582,0.019241687764746346,0.010246316867921237,0.05456385787822849,0.00027325580025416835
0.1,0.33735720274286574,0.025,0.0032,0.03373572027428653,0.1662059656092955,1.99941685883582,0.019241687764746346,0.010246316867921237,0.05456385787822849,0.0010982613313729832
0.1,0.33735720274286574,0.025,0.0048000000000000004,0.03373572027428653,0.1662059656092955,1.99941685883582,0.019241687764746346,0.010246316867921237,0.05456385787822849,0.0024907309844253746
0.1,0.33735720274286574,0.025,0.0064,0.03373572027428653,0.1662059656092955,1.99941685883582,0.019241687764746346,0.010246316867921237,0.05456385787822849,0.004476855411192892
0.1,0.33735720274286574,0.025,0.008,0.03373572027428653,0.1662059656092955,1.99941685883582,0.019241687764746346,0.010246316867921237,0.05456385787822849,0.007093301524169704
0.1,0.33735720274286574,0.025,0.009600000000000001,0.03373572027428653,0.1662059656092955,1.99941685883582,0.019241687764746346,0.010246316867921237,0.05456385787822849,0.010387212496562603
0.1,0.33735720274286574,0.025,0.0112,0.03373572027428653,0.1662059656092955,1.99941685883582,0.019241687764746346,0.010246316867921237,0.05456385787822849,0.014416207762290991
0.1,0.33735720274286574,0.025,0.0128,0.03373572027428653,0.1662059656092955,1.99941685883582,0.019241687764746346,0.010246316867921237,0.05456385787822849,0.01924838301598691
0.1,0.33735720274286574,0.025,0.014400000000000001,0.03373572027428653,0.1662059656092955,1.99941685883582,0.019241687764746346,0.010246316867921237,0.05456385787822849,0.024962310212994995
0.1,0.33735720274286574,0.025,0.016,0.03373572027428653,0.1662059656092955,1.99941685883582,0.019241687764746346,0.010246316867921237,0.05456385787822849,0.031647037569372524
0.1,0.33735720274286574,0.04666666666666667,0.0,0.03373572027428653,0.1662059656092955,1.99941685883582,0.01944756590543911,0.01035594824181669,0.05514766870326304,0.0
0.1,0.33735720274286574,0.04666666666666667,0.0016,0.03373572027428653,0.1662059656092955,1.99941685883582,0.01944756590543911,0.01035594824181669,0.05514766870326304,0.0002761795248659414
0.1,0.33735720274286574,0.04666666666666667,0.0032,0.03373572027428653,0.1662059656092955,1.99941685883582,0.01944756590543911,0.01035594824181669,0.05514766870326304,0.0011100122756592787
0.1,0.33735720274286574,0.04666666666666667,0.0048000000000000004,0.03373572027428653,0.1662059656092955,1.99941685883582,0.01944756590543911,0.01035594824181669,0.05514766870326304,0.002517380780966552
0.1,0.33735720274286574,0.04666666666666667,0.0064,0.03373572027428653,0.1662059656092955,1.99941685883582,0.01944756590543911,0.01035594824181669,0.05514766870326304,0.0045247559217653265
0.1,0.33735720274286574,0.04666666666666667,0.008,0.03373572027428653,0.1662059656092955,1.99941685883582,0.01944756590543911,0.01035594824181669,0.05514766870326304,0.007169196931424196
0.1,0.33735720274286574,0.04666666666666667,0.009600000000000001,0.03373572027428653,0.1662059656092955,1.99941685883582,0.01944756590543911,0.01035594824181669,0.05514766870326304,0.01049835139570278
0.1,0.33735720274286574,0.04666666666666667,0.0112,0.03373572027428653,0.1662059656092955,1.99941685883582,0.01944756590543911,0.01035594824181669,0.05514766870326304,0.01457045525275172
0.1,0.33735720274286574,0.04666666666666667,0.0128,0.03373572027428653,0.1662059656092955,1.99941685883582,0.01944756590543911,0.01035594824181669,0.05514766870326304,0.0194543327931127
0.1,0.33735720274286574,0.04666666666666667,0.014400000000000001,0.03373572027428653,0.1662059656092955,1.99941685883582,0.01944756590543911,0.01035594824181669,0.05514766870326304,0.025229396659718403
0.1,0.33735720274286574,0.04666666666666667,0.016,0.03373572027428653,0.1662059656092955,1.99941685883582,0.01944756590543911,0.01035594824181669,0.05514766870326304,0.03198564784789257
0.1,0.33735720274286574,0.06833333333333333,0.0,0.03373572027428653,0.1662059656092955,1.99941685883582,0.019653444046131865,0.010465579615712144,0.05573147952829758,0.0
0.1,0.33735720274286574,0.06833333333333333,0.0016,0.03373572027428653,0.1662059656092955,1.99941685883582,0.019653444046131865,0.010465579615712144,0.05573147952829758,0.00027910324947771437
0.1,0.33735720274286574,0.06833333333333333,0.0032,0.03373572027428653,0.1662059656092955,1.99941685883582,0.019653444046131865,0.010465579615712144,0.05573147952829758,0.001121763219945574
0.1,0.33735720274286574,0.06833333333333333,0.0048000000000000004,0.03373572027428653,0.1662059656092955,1.99941685883582,0.019653444046131865,0.010465579615712144,0.05573147952829758,0.0025440305775077288
0.1,0.33735720274286574,0.06833333333333333,0.0064,0.03373572027428653,0.1662059656092955,1.99941685883582,0.019653444046131865,0.010465579615712144,0.05573147952829758,0.004572656432337761
0.1,0.33735720274286574,0.06833333333333333,0.008,0.03373572027428653,0.1662059656092955,1.99941685883582,0.019653444046131865,0.010465579615712144,0.05573147952829758,0.007245092338678686
0.1,0.33735720274286574,0.06833333333333333,0.009600000000000001,0.03373572027428653,0.1662059656092955,1.99941685883582,0.019653444046131865,0.010465579615712144,0.05573147952829758,0.010609490294842957
0.1,0.33735720274286574,0.06833333333333333,0.0112,0.03373572027428653,0.1662059656092955,1.99941685883582,0.019653444046131865,0.010465579615712144,0.05573147952829758,0.014724702743212446
0.1,0.33735720274286574,0.06833333333333333,0.0128,0.03373572027428653,0.1662059656092955,1.99941685883582,0.019653444046131865,0.010465579615712144,0.05573147952829758,0.019660282570238486
0.1,0.33735720274286574,0.06833333333333333,0.014400000000000001,0.03373572027428653,0.1662059656092955,1.99941685883582,0.019653444046131865,0.010465579615712144,0.05573147952829758,0.025496483106441804
0.1,0.33735720274286574,0.06833333333333333,0.016,0.03373572027428653,0.1662059656092955,1.99941685883582,0.019653444046131865,0.010465579615712144,0.05573147952829758,0.0323242581264126
0.1,0.33735720274286574,0.09,0.0,0.03373572027428653,0.1662059656092955,1.99941685883582,0.019859322186824624,0.010575210989607597,0.05631529035333212,0.0
0.1,0.33735720274286574,0.09,0.0016,0.03373572027428653,0.1662059656092955,1.99941685883582,0.019859322186824624,0.010575210989607597,0.05631529035333212,0.0002820269740894873
0.1,0.33735720274286574,0.09,0.0032,0.03373572027428653,0.1662059656092955,1.99941685883582,0.019859322186824624,0.010575210989607597,0.05631529035333212,0.0011335141642318692
0.1,0.33735720274286574,0.09,0.0048000000000000004,0.03373572027428653,0.1662059656092955,1.99941685883582,0.019859322186824624,0.010575210989607597,0.05631529035333212,0.0025706803740489052
0.1,0.33735720274286574,0.09,0.0064,0.03373572027428653,0.1662059656092955,1.99941685883582,0.019859322186824624,0.010575210989607597,0.05631529035333212,0.004620556942910195
0.1,0.33735720274286574,0.09,0.008,0.03373572027428653,0.1662059656092955,1.99941685883582,0.019859322186824624,0.010575210989607597,0.05631529035333212,0.007320987745933176
0.1,0.33735720274286574,0.09,0.009600000000000001,0.03373572027428653,0.1662059656092955,1.99941685883582,0.019859322186824624,0.010575210989607597,0.05631529035333212,0.01072062919398313
0.1,0.33735720274286574,0.09,0.0112,0.03373572027428653,0.1662059656092955,1.99941685883582,0.019859322186824624,0.010575210989607597,0.05631529035333212,0.01487895023367317
0.1,0.33735720274286574,0.09,0.0128,0.03373572027428653,0.1662059656092955,1.99941685883582,0.019859322186824624,0.010575210989607597,0.05631529035333212,0.01986623234736427
0.1,0.33735720274286574,0.09,0.014400000000000001,0.03373572027428653,0.1662059656092955,1.99941685883582,0.019859322186824624,0.010575210989607597,0.05631529035333212,0.025763569553165205
0.1,0.33735720274286574,0.09,0.016,0.03373572027428653,0.1662059656092955,1.99941685883582,0.019859322186824624,0.010575210989607597,0.05631529035333212,0.03266286840493263
0.12,0.33735720274286574,0.025,0.0,0.040482864329143824,0.19944715873115457,1.99941685883582,0.023090025317695613,0.012295580241505481,0.0654766294538742,0.0
0.12,0.33735720274286574,0.025,0.0016,0.040482864329143824,0.19944715873115457,1.99941685883582,0.023090025317695613,0.012295580241505481,0.0654766294538742,0.00032790696030500206
0.12,0.33735720274286574,0.025,0.0032,0.040482864329143824,0.19944715873115457,1.99941685883582,0.023090025317695613,0.012295580241505481,0.0654766294538742,0.00131791359764758
0.12,0.33735720274286574,0.025,0.0048000000000000004,0.040482864329143824,0.19944715873115457,1.99941685883582,0.023090025317695613,0.012295580241505481,0.0654766294538742,0.00298887718131045
0.12,0.33735720274286574,0.025,0.0064,0.040482864329143824,0.19944715873115457,1.99941685883582,0.023090025317695613,0.012295580241505481,0.0654766294538742,0.005372226493431472
0.12,0.33735720274286574,0.025,0.008,0.040482864329143824,0.19944715873115457,1.99941685883582,0.023090025317695613,0.012295580241505481,0.0654766294538742,0.008511961829003645
0.12,0.33735720274286574,0.025,0.009600000000000001,0.040482864329143824,0.19944715873115457,1.99941685883582,0.023090025317695613,0.012295580241505481,0.0654766294538742,0.012464654995875128
0.12,0.33735720274286574,0.025,0.0112,0.040482864329143824,0.19944715873115457,1.99941685883582,0.023090025317695613,0.012295580241505481,0.0654766294538742,0.01729944931474919
0.12,0.33735720274286574,0.025,0.0128,0.040482864329143824,0.19944715873115457,1.99941685883582,0.023090025317695613,0.012295580241505481,0.0654766294538742,0.023098059619184298
0.12,0.33735720274286574,0.025,0.014400000000000001,0.040482864329143824,0.19944715873115457,1.99941685883582,0.023090025317695613,0.012295580241505481,0.0654766294538742,0.029954772255594002
0.12,0.33735720274286574,0.025,0.016,0.040482864329143824,0.19944715873115457,1.99941685883582,0.023090025317695613,0.012295580241505481,0.0654766294538742,0.03797644508324703
0.12,0.33735720274286574,0.04666666666666667,0.0,0.040482864329143824,0.19944715873115457,1.99941685883582,0.023337079086526928,0.012427137890180026,0.06617720244391566,0.0
0.12,0.33735720274286574,0.04666666666666667,0.0016,0.040482864329143824,0.19944715873115457,1.99941685883582,0.023337079086526928,0.012427137890180026,0.06617720244391566,0.0003314154298391297
0.12,0.33735720274286574,0.04666666666666667,0.0032,0.040482864329143824,0.19944715873115457,1.99941685883582,0.023337079086526928,0.012427137890180026,0.06617720244391566,0.0013320147307911345
0.12,0.33735720274286574,0.04666666666666667,0.0048000000000000004,0.040482864329143824,0.19944715873115457,1.99941685883582,0.023337079086526928,0.012427137890180026,0.06617720244391566,0.003020856937159863
0.12,0.33735720274286574,0.04666666666666667,0.0064,0.040482864329143824,0.19944715873115457,1.99941685883582,0.023337079086526928,0.012427137890180026,0.06617720244391566,0.0054297071061183925
0.12,0.33735720274286574,0.04666666666666667,0.008,0.040482864329143824,0.19944715873115457,1.99941685883582,0.023337079086526928,0.012427137890180026,0.06617720244391566,0.008603036317709036
0.12,0.33735720274286574,0.04666666666666667,0.009600000000000001,0.040482864329143824,0.19944715873115457,1.99941685883582,0.023337079086526928,0.012427137890180026,0.06617720244391566,0.01259802167484334
0.12,0.33735720274286574,0.04666666666666667,0.0112,0.040482864329143824,0.19944715873115457,1.99941685883582,0.023337079086526928,0.012427137890180026,0.06617720244391566,0.017484546303302064
0.12,0.33735720274286574,0.04666666666666667,0.0128,0.040482864329143824,0.19944715873115457,1.99941685883582,0.023337079086526928,0.012427137890180026,0.06617720244391566,0.023345199351735242
0.12,0.33735720274286574,0.04666666666666667,0.014400000000000001,0.040482864329143824,0.19944715873115457,1.99941685883582,0.023337079086526928,0.012427137890180026,0.06617720244391566,0.03027527599166209
0.12,0.33735720274286574,0.04666666666666667,0.016,0.040482864329143824,0.19944715873115457,1.99941685883582,0.023337079086526928,0.012427137890180026,0.06617720244391566,0.03838277741747108
0.12,0.33735720274286574,0.06833333333333333,0.0,0.040482864329143824,0.19944715873115457,1.99941685883582,0.023584132855358236,0.01255869553885457,0.0668777754339571,0.0
0.12,0.33735720274286574,0.06833333333333333,0.0016,0.040482864329143824,0.19944715873115457,1.99941685883582,0.023584132855358236,0.01255869553885457,0.0668777754339571,0.0003349238993732573
0.12,0.33735720274286574,0.06833333333333333,0.0032,0.040482864329143824,0.19944715873115457,1.99941685883582,0.023584132855358236,0.01255869553885457,0.0668777754339571,0.001346115863934689
0.12,0.33735720274286574,0.06833333333333333,0.0048000000000000004,0.040482864329143824,0.19944715873115457,1.99941685883582,0.023584132855358236,0.01255869553885457,0.0668777754339571,0.0030528366930092747
0.12,0.33735720274286574,0.06833333333333333,0.0064,0.040482864329143824,0.19944715873115457,1.99941685883582,0.023584132855358236,0.01255869553885457,0.0668777754339571,0.005487187718805314
0.12,0.33735720274286574,0.06833333333333333,0.008,0.040482864329143824,0.19944715873115457,1.99941685883582,0.023584132855358236,0.01255869553885457,0.0668777754339571,0.008694110806414425
0.12,0.33735720274286574,0.06833333333333333,0.009600000000000001,0.040482864329143824,0.19944715873115457,1.99941685883582,0.023584132855358236,0.01255869553885457,0.0668777754339571,0.012731388353811551
0.12,0.33735720274286574,0.06833333333333333,0.0112,0.040482864329143824,0.19944715873115457,1.99941685883582,0.023584132855358236,0.01255869553885457,0.0668777754339571,0.01766964329185494
0.12,0.33735720274286574,0.06833333333333333,0.0128,0.040482864329143824,0.19944715873115457,1.99941685883582,0.023584132855358236,0.01255869553885457,0.0668777754339571,0.023592339084286186
0.12,0.33735720274286574,0.06833333333333333,0.014400000000000001,0.040482864329143824,0.19944715873115457,1.99941685883582,0.023584132855358236,0.01255869553885457,0.0668777754339571,0.03059577972773017
0.12,0.33735720274286574,0.06833333333333333,0.016,0.040482864329143824,0.19944715873115457,1.99941685883582,0.023584132855358236,0.01255869553885457,0.0668777754339571,0.038789109751695125
0.12,0.33735720274286574,0.09,0.0,0.040482864329143824,0.19944715873115457,1.99941685883582,0.023831186624189545,0.012690253187529114,0.06757834842399855,0.0
0.12,0.33735720274286574,0.09,0.0016,0.040482864329143824,0.19944715873115457,1.99941685883582,0.023831186624189545,0.012690253187529114,0.06757834842399855,0.00033843236890738484
0.12,0.33735720274286574,0.09,0.0032,0.040482864329143824,0.19944715873115457,1.99941685883582,0.023831186624189545,0.012690253187529114,0.06757834842399855,0.0013602169970782431
0.12,0.33735720274286574,0.09,0.0048000000000000004,0.040482864329143824,0.19944715873115457,1.99941685883582,0.023831186624189545,0.012690253187529114,0.06757834842399855,0.003084816448858687
0.12,0.33735720274286574,0.09,0.0064,0.040482864329143824,0.19944715873115457,1.99941685883582,0.023831186624189545,0.012690253187529114,0.06757834842399855,0.005544668331492235
0.12,0.33735720274286574,0.09,0.008,0.040482864329143824,0.19944715873115457,1.99941685883582,0.023831186624189545,0.012690253187529114,0.06757834842399855,0.008785185295119811
0.12,0.33735720274286574,0.09,0.009600000000000001,0.040482864329143824,0.19944715873115457,1.99941685883582,0.023831186624189545,0.012690253187529114,0.06757834842399855,0.01286475503277976
0.12,0.33735720274286574,0.09,0.0112,0.040482864329143824,0.19944715873115457,1.99941685883582,0.023831186624189545,0.012690253187529114,0.06757834842399855,0.01785474028040781
0.12,0.33735720274286574,0.09,0.0128,0.040482864329143824,0.19944715873115457,1.99941685883582,0.023831186624189545,0.012690253187529114,0.06757834842399855,0.023839478816837126
0.12,0.33735720274286574,0.09,0.014400000000000001,0.040482864329143824,0.19944715873115457,1.99941685883582,0.023831186624189545,0.012690253187529114,0.06757834842399855,0.030916283463798253
0.12,0.33735720274286574,0.09,0.016,0.040482864329143824,0.19944715873115457,1.99941685883582,0.023831186624189545,0.012690253187529114,0.06757834842399855,0.039195442085919165
0.14,0.33735720274286574,0.025,0.0,0.04723000838400114,0.2326883518530137,1.99941685883582,0.026938362870644883,0.014344843615089729,0.0763894010295199,0.0
0.14,0.33735720274286574,0.025,0.0016,0.04723000838400114,0.2326883518530137,1.99941685883582,0.026938362870644883,0.014344843615089729,0.0763894010295199,0.0003825581203558357
0.14,0.33735720274286574,0.025,0.0032,0.04723000838400114,0.2326883518530137,1.99941685883582,0.026938362870644883,0.014344843615089729,0.0763894010295199,0.001537565863922177
0.14,0.33735720274286574,0.025,0.0048000000000000004,0.04723000838400114,0.2326883518530137,1.99941685883582,0.026938362870644883,0.014344843615089729,0.0763894010295199,0.0034870233781955254
0.14,0.33735720274286574,0.025,0.0064,0.04723000838400114,0.2326883518530137,1.99941685883582,0.026938362870644883,0.014344843615089729,0.0763894010295199,0.00626759757567005
0.14,0.33735720274286574,0.025,0.008,0.04723000838400114,0.2326883518530137,1.99941685883582,0.026938362870644883,0.014344843615089729,0.0763894010295199,0.009930622133837587
0.14,0.33735720274286574,0.025,0.009600000000000001,0.04723000838400114,0.2326883518530137,1.99941685883582,0.026938362870644883,0.014344843615089729,0.0763894010295199,0.014542097495187648
0.14,0.33735720274286574,0.025,0.0112,0.04723000838400114,0.2326883518530137,1.99941685883582,0.026938362870644883,0.014344843615089729,0.0763894010295199,0.02018269086720739
0.14,0.33735720274286574,0.025,0.0128,0.04723000838400114,0.2326883518530137,1.99941685883582,0.026938362870644883,0.014344843615089729,0.0763894010295199,0.026947736222381682
0.14,0.33735720274286574,0.025,0.014400000000000001,0.04723000838400114,0.2326883518530137,1.99941685883582,0.026938362870644883,0.014344843615089729,0.0763894010295199,0.034947234298193
0.14,0.33735720274286574,0.025,0.016,0.04723000838400114,0.2326883518530137,1.99941685883582,0.026938362870644883,0.014344843615089729,0.0763894010295199,0.04430585259712154
0.14,0.33735720274286574,0.04666666666666667,0.0,0.04723000838400114,0.2326883518530137,1.99941685883582,0.02722659226761475,0.014498327538543366,0.07720673618456826,0.0
0.14,0.33735720274286574,0.04666666666666667,0.0016,0.04723000838400114,0.2326883518530137,1.99941685883582,0.02722659226761475,0.014498327538543366,0.07720673618456826,0.0003866513348123179
0.14,0.33735720274286574,0.04666666666666667,0.0032,0.04723000838400114,0.2326883518530137,1.99941685883582,0.02722659226761475,0.014498327538543366,0.07720673618456826,0.0015540171859229903
0.14,0.33735720274286574,0.04666666666666667,0.0048000000000000004,0.04723000838400114,0.2326883518530137,1.99941685883582,0.02722659226761475,0.014498327538543366,0.07720673618456826,0.003524333093353173
0.14,0.33735720274286574,0.04666666666666667,0.0064,0.04723000838400114,0.2326883518530137,1.99941685883582,0.02722659226761475,0.014498327538543366,0.07720673618456826,0.006334658290471458
0.14,0.33735720274286574,0.04666666666666667,0.008,0.04723000838400114,0.2326883518530137,1.99941685883582,0.02722659226761475,0.014498327538543366,0.07720673618456826,0.010036875703993874
0.14,0.33735720274286574,0.04666666666666667,0.009600000000000001,0.04723000838400114,0.2326883518530137,1.99941685883582,0.02722659226761475,0.014498327538543366,0.07720673618456826,0.014697691953983894
0.14,0.33735720274286574,0.04666666666666667,0.0112,0.04723000838400114,0.2326883518530137,1.99941685883582,0.02722659226761475,0.014498327538543366,0.07720673618456826,0.02039863735385241
0.14,0.33735720274286574,0.04666666666666667,0.0128,0.04723000838400114,0.2326883518530137,1.99941685883582,0.02722659226761475,0.014498327538543366,0.07720673618456826,0.02723606591035778
0.14,0.33735720274286574,0.04666666666666667,0.014400000000000001,0.04723000838400114,0.2326883518530137,1.99941685883582,0.02722659226761475,0.014498327538543366,0.07720673618456826,0.03532115532360577
0.14,0.33735720274286574,0.04666666666666667,0.016,0.04723000838400114,0.2326883518530137,1.99941685883582,0.02722659226761475,0.014498327538543366,0.07720673618456826,0.04477990698704959
0.14,0.33735720274286574,0.06833333333333333,0.0,0.04723000838400114,0.2326883518530137,1.99941685883582,0.02751482166458461,0.014651811461997,0.07802407133961661,0.0
0.14,0.33735720274286574,0.06833333333333333,0.0016,0.04723000838400114,0.2326883518530137,1.99941685883582,0.02751482166458461,0.014651811461997,0.07802407133961661,0.0003907445492688001
0.14,0.33735720274286574,0.06833333333333333,0.0032,0.04723000838400114,0.2326883518530137,1.99941685883582,0.02751482166458461,0.014651811461997,0.07802407133961661,0.0015704685079238035
0.14,0.33735720274286574,0.06833333333333333,0.0048000000000000004,0.04723000838400114,0.2326883518530137,1.99941685883582,0.02751482166458461,0.014651811461997,0.07802407133961661,0.00356164280851082
0.14,0.33735720274286574,0.06833333333333333,0.0064,0.04723000838400114,0.2326883518530137,1.99941685883582,0.02751482166458461,0.014651811461997,0.07802407133961661,0.006401719005272866
0.14,0.33735720274286574,0.06833333333333333,0.008,0.04723000838400114,0.2326883518530137,1.99941685883582,0.02751482166458461,0.014651811461997,0.07802407133961661,0.01014312927415016
0.14,0.33735720274286574,0.06833333333333333,0.009600000000000001,0.04723000838400114,0.2326883518530137,1.99941685883582,0.02751482166458461,0.014651811461997,0.07802407133961661,0.01485328641278014
0.14,0.33735720274286574,0.06833333333333333,0.0112,0.04723000838400114,0.2326883518530137,1.99941685883582,0.02751482166458461,0.014651811461997,0.07802407133961661,0.020614583840497424
0.14,0.33735720274286574,0.06833333333333333,0.0128,0.04723000838400114,0.2326883518530137,1.99941685883582,0.02751482166458461,0.014651811461997,0.07802407133961661,0.02752439559833388
0.14,0.33735720274286574,0.06833333333333333,0.014400000000000001,0.04723000838400114,0.2326883518530137,1.99941685883582,0.02751482166458461,0.014651811461997,0.07802407133961661,0.03569507634901853
0.14,0.33735720274286574,0.06833333333333333,0.016,0.04723000838400114,0.2326883518530137,1.99941685883582,0.02751482166458461,0.014651811461997,0.07802407133961661,0.04525396137697764
0.14,0.33735720274286574,0.09,0.0,0.04723000838400114,0.2326883518530137,1.99941685883582,0.027803051061554472,0.014805295385450635,0.07884140649466496,0.0
0.14,0.33735720274286574,0.09,0.0016,0.04723000838400114,0.2326883518530137,1.99941685883582,0.027803051061554472,0.014805295385450635,0.07884140649466496,0.0003948377637252822
0.14,0.33735720274286574,0.09,0.0032,0.04723000838400114,0.2326883518530137,1.99941685883582,0.027803051061554472,0.014805295385450635,0.07884140649466496,0.0015869198299246167
0.14,0.33735720274286574,0.09,0.0048000000000000004,0.04723000838400114,0.2326883518530137,1.99941685883582,0.027803051061554472,0.014805295385450635,0.07884140649466496,0.003598952523668467
0.14,0.33735720274286574,0.09,0.0064,0.04723000838400114,0.2326883518530137,1.99941685883582,0.027803051061554472,0.014805295385450635,0.07884140649466496,0.006468779720074273
0.14,0.33735720274286574,0.09,0.008,0.04723000838400114,0.2326883518530137,1.99941685883582,0.027803051061554472,0.014805295385450635,0.07884140649466496,0.010249382844306446
0.14,0.33735720274286574,0.09,0.009600000000000001,0.04723000838400114,0.2326883518530137,1.99941685883582,0.027803051061554472,0.014805295385450635,0.07884140649466496,0.015008880871576384
0.14,0.33735720274286574,0.09,0.0112,0.04723000838400114,0.2326883518530137,1.99941685883582,0.027803051061554472,0.014805295385450635,0.07884140649466496,0.020830530327142438
0.14,0.33735720274286574,0.09,0.0128,0.04723000838400114,0.2326883518530137,1.99941685883582,0.027803051061554472,0.014805295385450635,0.07884140649466496,0.027812725286309976
0.14,0.33735720274286574,0.09,0.014400000000000001,0.04723000838400114,0.2326883518530137,1.99941685883582,0.027803051061554472,0.014805295385450635,0.07884140649466496,0.03606899737443129
0.14,0.33735720274286574,0.09,0.016,0.04723000838400114,0.2326883518530137,1.99941685883582,0.027803051061554472,0.014805295385450635,0.07884140649466496,0.04572801576690568
0.16,0.33735720274286574,0.025,0.0,0.053977152438858436,0.26592954497487276,1.99941685883582,0.03078670042359415,0.016394106988673975,0.08730217260516558,0.0
0.16,0.33735720274286574,0.025,0.0016,0.053977152438858436,0.26592954497487276,1.99941685883582,0.03078670042359415,0.016394106988673975,0.08730217260516558,0.0004372092804066693
0.16,0.33735720274286574,0.025,0.0032,0.053977152438858436,0.26592954497487276,1.99941685883582,0.03078670042359415,0.016394106988673975,0.08730217260516558,0.0017572181301967731
0.16,0.33735720274286574,0.025,0.0048000000000000004,0.053977152438858436,0.26592954497487276,1.99941685883582,0.03078670042359415,0.016394106988673975,0.08730217260516558,0.003985169575080599
0.16,0.33735720274286574,0.025,0.0064,0.053977152438858436,0.26592954497487276,1.99941685883582,0.03078670042359415,0.016394106988673975,0.08730217260516558,0.0071629686579086265
0.16,0.33735720274286574,0.025,0.008,0.053977152438858436,0.26592954497487276,1.99941685883582,0.03078670042359415,0.016394106988673975,0.08730217260516558,0.011349282438671525
0.16,0.33735720274286574,0.025,0.009600000000000001,0.053977152438858436,0.26592954497487276,1.99941685883582,0.03078670042359415,0.016394106988673975,0.08730217260516558,0.016619539994500165
0.16,0.33735720274286574,0.025,0.0112,0.053977152438858436,0.26592954497487276,1.99941685883582,0.03078670042359415,0.016394106988673975,0.08730217260516558,0.023065932419665584
0.16,0.33735720274286574,0.025,0.0128,0.053977152438858436,0.26592954497487276,1.99941685883582,0.03078670042359415,0.016394106988673975,0.08730217260516558,0.030797412825579056
0.16,0.33735720274286574,0.025,0.014400000000000001,0.053977152438858436,0.26592954497487276,1.99941685883582,0.03078670042359415,0.016394106988673975,0.08730217260516558,0.039939696340791996
0.16,0.33735720274286574,0.025,0.016,0.053977152438858436,0.26592954497487276,1.99941685883582,0.03078670042359415,0.016394106988673975,0.08730217260516558,0.05063526011099604
0.16,0.33735720274286574,0.04666666666666667,0.0,0.053977152438858436,0.26592954497487276,1.99941685883582,0.031116105448702566,0.0165695171869067,0.08823626992522086,0.0
0.16,0.33735720274286574,0.04666666666666667,0.0016,0.053977152438858436,0.26592954497487276,1.99941685883582,0.031116105448702566,0.0165695171869067,0.08823626992522086,0.00044188723978550614
0.16,0.33735720274286574,0.04666666666666667,0.0032,0.053977152438858436,0.26592954497487276,1.99941685883582,0.031116105448702566,0.0165695171869067,0.08823626992522086,0.001776019641054846
0.16,0.33735720274286574,0.04666666666666667,0.0048000000000000004,0.053977152438858436,0.26592954497487276,1.99941685883582,0.031116105448702566,0.0165695171869067,0.08823626992522086,0.0040278092495464836
0.16,0.33735720274286574,0.04666666666666667,0.0064,0.053977152438858436,0.26592954497487276,1.99941685883582,0.031116105448702566,0.0165695171869067,0.08823626992522086,0.007239609474824523
0.16,0.33735720274286574,0.04666666666666667,0.008,0.053977152438858436,0.26592954497487276,1.99941685883582,0.031116105448702566,0.0165695171869067,0.08823626992522086,0.011470715090278713
0.16,0.33735720274286574,0.04666666666666667,0.009600000000000001,0.053977152438858436,0.26592954497487276,1.99941685883582,0.031116105448702566,0.0165695171869067,0.08823626992522086,0.01679736223312445
0.16,0.33735720274286574,0.04666666666666667,0.0112,0.053977152438858436,0.26592954497487276,1.99941685883582,0.031116105448702566,0.0165695171869067,0.08823626992522086,0.02331272840440275
0.16,0.33735720274286574,0.04666666666666667,0.0128,0.053977152438858436,0.26592954497487276,1.99941685883582,0.031116105448702566,0.0165695171869067,0.08823626992522086,0.03112693246898032
0.16,0.33735720274286574,0.04666666666666667,0.014400000000000001,0.053977152438858436,0.26592954497487276,1.99941685883582,0.031116105448702566,0.0165695171869067,0.08823626992522086,0.040367034655549444
0.16,0.33735720274286574,0.04666666666666667,0.016,0.053977152438858436,0.26592954497487276,1.99941685883582,0.031116105448702566,0.0165695171869067,0.08823626992522086,0.0511770365566281
0.16,0.33735720274286574,0.06833333333333333,0.0,0.053977152438858436,0.26592954497487276,1.99941685883582,0.03144551047381098,0.016744927385139427,0.08917036724527613,0.0
0.16,0.33735720274286574,0.06833333333333333,0.0016,0.053977152438858436,0.26592954497487276,1.99941685883582,0.03144551047381098,0.016744927385139427,0.08917036724527613,0.00044656519916434295
0.16,0.33735720274286574,0.06833333333333333,0.0032,0.053977152438858436,0.26592954497487276,1.99941685883582,0.03144551047381098,0.016744927385139427,0.08917036724527613,0.0017948211519129185
0.16,0.33735720274286574,0.06833333333333333,0.0048000000000000004,0.053977152438858436,0.26592954497487276,1.99941685883582,0.03144551047381098,0.016744927385139427,0.08917036724527613,0.004070448924012366
0.16,0.33735720274286574,0.06833333333333333,0.0064,0.053977152438858436,0.26592954497487276,1.99941685883582,0.03144551047381098,0.016744927385139427,0.08917036724527613,0.007316250291740418
0.16,0.33735720274286574,0.06833333333333333,0.008,0.053977152438858436,0.26592954497487276,1.99941685883582,0.03144551047381098,0.016744927385139427,0.08917036724527613,0.011592147741885897
0.16,0.33735720274286574,0.06833333333333333,0.009600000000000001,0.053977152438858436,0.26592954497487276,1.99941685883582,0.03144551047381098,0.016744927385139427,0.08917036724527613,0.01697518447174873
0.16,0.33735720274286574,0.06833333333333333,0.0112,0.053977152438858436,0.26592954497487276,1.99941685883582,0.03144551047381098,0.016744927385139427,0.08917036724527613,0.023559524389139913
0.16,0.33735720274286574,0.06833333333333333,0.0128,0.053977152438858436,0.26592954497487276,1.99941685883582,0.03144551047381098,0.016744927385139427,0.08917036724527613,0.03145645211238158
0.16,0.33735720274286574,0.06833333333333333,0.014400000000000001,0.053977152438858436,0.26592954497487276,1.99941685883582,0.03144551047381098,0.016744927385139427,0.08917036724527613,0.040794372970306886
0.16,0.33735720274286574,0.06833333333333333,0.016,0.053977152438858436,0.26592954497487276,1.99941685883582,0.03144551047381098,0.016744927385139427,0.08917036724527613,0.05171881300226016
0.16,0.33735720274286574,0.09,0.0,0.053977152438858436,0.26592954497487276,1.99941685883582,0.03177491549891939,0.01692033758337215,0.09010446456533139,0.0
0.16,0.33735720274286574,0.09,0.0016,0.053977152438858436,0.26592954497487276,1.99941685883582,0.03177491549891939,0.01692033758337215,0.09010446456533139,0.00045124315854317966
0.16,0.33735720274286574,0.09,0.0032,0.053977152438858436,0.26592954497487276,1.99941685883582,0.03177491549891939,0.01692033758337215,0.09010446456533139,0.0018136226627709906
0.16,0.33735720274286574,0.09,0.0048000000000000004,0.053977152438858436,0.26592954497487276,1.99941685883582,0.03177491549891939,0.01692033758337215,0.09010446456533139,0.004113088598478249
0.16,0.33735720274286574,0.09,0.0064,0.053977152438858436,0.26592954497487276,1.99941685883582,0.03177491549891939,0.01692033758337215,0.09010446456533139,0.007392891108656311
0.16,0.33735720274286574,0.09,0.008,0.053977152438858436,0.26592954497487276,1.99941685883582,0.03177491549891939,0.01692033758337215,0.09010446456533139,0.01171358039349308
0.16,0.33735720274286574,0.09,0.009600000000000001,0.053977152438858436,0.26592954497487276,1.99941685883582,0.03177491549891939,0.01692033758337215,0.09010446456533139,0.017153006710373012
0.16,0.33735720274286574,0.09,0.0112,0.053977152438858436,0.26592954497487276,1.99941685883582,0.03177491549891939,0.01692033758337215,0.09010446456533139,0.023806320373877074
0.16,0.33735720274286574,0.09,0.0128,0.053977152438858436,0.26592954497487276,1.99941685883582,0.03177491549891939,0.01692033758337215,0.09010446456533139,0.03178597175578283
0.16,0.33735720274286574,0.09,0.014400000000000001,0.053977152438858436,0.26592954497487276,1.99941685883582,0.03177491549891939,0.01692033758337215,0.09010446456533139,0.04122171128506433
0.16,0.33735720274286574,0.09,0.016,0.053977152438858436,0.26592954497487276,1.99941685883582,0.03177491549891939,0.01692033758337215,0.09010446456533139,0.052260589447892206
0.18,0.33735720274286574,0.025,0.0,0.06072429649371574,0.29917073809673184,1.99941685883582,0.03463503797654343,0.018443370362258224,0.0982149441808113,0.0
0.18,0.33735720274286574,0.025,0.0016,0.06072429649371574,0.29917073809673184,1.99941685883582,0.03463503797654343,0.018443370362258224,0.0982149441808113,0.000491860440457503
0.18,0.33735720274286574,0.025,0.0032,0.06072429649371574,0.29917073809673184,1.99941685883582,0.03463503797654343,0.018443370362258224,0.0982149441808113,0.0019768703964713704
0.18,0.33735720274286574,0.025,0.0048000000000000004,0.06072429649371574,0.29917073809673184,1.99941685883582,0.03463503797654343,0.018443370362258224,0.0982149441808113,0.004483315771965675
0.18,0.33735720274286574,0.025,0.0064,0.06072429649371574,0.29917073809673184,1.99941685883582,0.03463503797654343,0.018443370362258224,0.0982149441808113,0.008058339740147207
0.18,0.33735720274286574,0.025,0.008,0.06072429649371574,0.29917073809673184,1.99941685883582,0.03463503797654343,0.018443370362258224,0.0982149441808113,0.012767942743505468
0.18,0.33735720274286574,0.025,0.009600000000000001,0.06072429649371574,0.29917073809673184,1.99941685883582,0.03463503797654343,0.018443370362258224,0.0982149441808113,0.018696982493812693
0.18,0.33735720274286574,0.025,0.0112,0.06072429649371574,0.29917073809673184,1.99941685883582,0.03463503797654343,0.018443370362258224,0.0982149441808113,0.025949173972123787
0.18,0.33735720274286574,0.025,0.0128,0.06072429649371574,0.29917073809673184,1.99941685883582,0.03463503797654343,0.018443370362258224,0.0982149441808113,0.034647089428776444
0.18,0.33735720274286574,0.025,0.014400000000000001,0.06072429649371574,0.29917073809673184,1.99941685883582,0.03463503797654343,0.018443370362258224,0.0982149441808113,0.044932158383391
0.18,0.33735720274286574,0.025,0.016,0.06072429649371574,0.29917073809673184,1.99941685883582,0.03463503797654343,0.018443370362258224,0.0982149441808113,0.056964667624870555
0.18,0.33735720274286574,0.04666666666666667,0.0,0.06072429649371574,0.29917073809673184,1.99941685883582,0.035005618629790396,0.018640706835270044,0.0992658036658735,0.0
0.18,0.33735720274286574,0.04666666666666667,0.0016,0.06072429649371574,0.29917073809673184,1.99941685883582,0.035005618629790396,0.018640706835270044,0.0992658036658735,0.0004971231447586945
0.18,0.33735720274286574,0.04666666666666667,0.0032,0.06072429649371574,0.29917073809673184,1.99941685883582,0.035005618629790396,0.018640706835270044,0.0992658036658735,0.0019980220961867017
0.18,0.33735720274286574,0.04666666666666667,0.0048000000000000004,0.06072429649371574,0.29917073809673184,1.99941685883582,0.035005618629790396,0.018640706835270044,0.0992658036658735,0.004531285405739795
0.18,0.33735720274286574,0.04666666666666667,0.0064,0.06072429649371574,0.29917073809673184,1.99941685883582,0.035005618629790396,0.018640706835270044,0.0992658036658735,0.00814456065917759
0.18,0.33735720274286574,0.04666666666666667,0.008,0.06072429649371574,0.29917073809673184,1.99941685883582,0.035005618629790396,0.018640706835270044,0.0992658036658735,0.012904554476563555
0.18,0.33735720274286574,0.04666666666666667,0.009600000000000001,0.06072429649371574,0.29917073809673184,1.99941685883582,0.035005618629790396,0.018640706835270044,0.0992658036658735,0.018897032512265013
0.18,0.33735720274286574,0.04666666666666667,0.0112,0.06072429649371574,0.29917073809673184,1.99941685883582,0.035005618629790396,0.018640706835270044,0.0992658036658735,0.0262268194549531
0.18,0.33735720274286574,0.04666666666666667,0.0128,0.06072429649371574,0.29917073809673184,1.99941685883582,0.035005618629790396,0.018640706835270044,0.0992658036658735,0.03501779902760287
0.18,0.33735720274286574,0.04666666666666667,0.014400000000000001,0.06072429649371574,0.29917073809673184,1.99941685883582,0.035005618629790396,0.018640706835270044,0.0992658036658735,0.045412913987493135
0.18,0.33735720274286574,0.04666666666666667,0.016,0.06072429649371574,0.29917073809673184,1.99941685883582,0.035005618629790396,0.018640706835270044,0.0992658036658735,0.057574166126206625
0.18,0.33735720274286574,0.06833333333333333,0.0,0.06072429649371574,0.29917073809673184,1.99941685883582,0.03537619928303736,0.018838043308281857,0.10031666315093565,0.0
0.18,0.33735720274286574,0.06833333333333333,0.0016,0.06072429649371574,0.29917073809673184,1.99941685883582,0.03537619928303736,0.018838043308281857,0.10031666315093565,0.0005023858490598858
0.18,0.33735720274286574,0.06833333333333333,0.0032,0.06072429649371574,0.29917073809673184,1.99941685883582,0.03537619928303736,0.018838043308281857,0.10031666315093565,0.002019173795902033
0.18,0.33735720274286574,0.06833333333333333,0.0048000000000000004,0.06072429649371574,0.29917073809673184,1.99941685883582,0.03537619928303736,0.018838043308281857,0.10031666315093565,0.004579255039513912
0.18,0.33735720274286574,0.06833333333333333,0.0064,0.06072429649371574,0.29917073809673184,1.99941685883582,0.03537619928303736,0.018838043308281857,0.10031666315093565,0.00823078157820797
0.18,0.33735720274286574,0.06833333333333333,0.008,0.06072429649371574,0.29917073809673184,1.99941685883582,0.03537619928303736,0.018838043308281857,0.10031666315093565,0.013041166209621634
0.18,0.33735720274286574,0.06833333333333333,0.009600000000000001,0.06072429649371574,0.29917073809673184,1.99941685883582,0.03537619928303736,0.018838043308281857,0.10031666315093565,0.019097082530717322
0.18,0.33735720274286574,0.06833333333333333,0.0112,0.06072429649371574,0.29917073809673184,1.99941685883582,0.03537619928303736,0.018838043308281857,0.10031666315093565,0.026504464937782402
0.18,0.33735720274286574,0.06833333333333333,0.0128,0.06072429649371574,0.29917073809673184,1.99941685883582,0.03537619928303736,0.018838043308281857,0.10031666315093565,0.035388508626429276
0.18,0.33735720274286574,0.06833333333333333,0.014400000000000001,0.06072429649371574,0.29917073809673184,1.99941685883582,0.03537619928303736,0.018838043308281857,0.10031666315093565,0.04589366959159525
0.18,0.33735720274286574,0.06833333333333333,0.016,0.06072429649371574,0.29917073809673184,1.99941685883582,0.03537619928303736,0.018838043308281857,0.10031666315093565,0.05818366462754268
0.18,0.33735720274286574,0.09,0.0,0.06072429649371574,0.29917073809673184,1.99941685883582,0.03574677993628433,0.019035379781293674,0.10136752263599783,0.0
0.18,0.33735720274286574,0.09,0.0016,0.06072429649371574,0.29917073809673184,1.99941685883582,0.03574677993628433,0.019035379781293674,0.10136752263599783,0.0005076485533610772
0.18,0.33735720274286574,0.09,0.0032,0.06072429649371574,0.29917073809673184,1.99941685883582,0.03574677993628433,0.019035379781293674,0.10136752263599783,0.0020403254956173644
0.18,0.33735720274286574,0.09,0.0048000000000000004,0.06072429649371574,0.29917073809673184,1.99941685883582,0.03574677993628433,0.019035379781293674,0.10136752263599783,0.0046272246732880305
0.18,0.33735720274286574,0.09,0.0064,0.06072429649371574,0.29917073809673184,1.99941685883582,0.03574677993628433,0.019035379781293674,0.10136752263599783,0.008317002497238352
0.18,0.33735720274286574,0.09,0.008,0.06072429649371574,0.29917073809673184,1.99941685883582,0.03574677993628433,0.019035379781293674,0.10136752263599783,0.013177777942679717
0.18,0.33735720274286574,0.09,0.009600000000000001,0.06072429649371574,0.29917073809673184,1.99941685883582,0.03574677993628433,0.019035379781293674,0.10136752263599783,0.01929713254916964
0.18,0.33735720274286574,0.09,0.0112,0.06072429649371574,0.29917073809673184,1.99941685883582,0.03574677993628433,0.019035379781293674,0.10136752263599783,0.02678211042061171
0.18,0.33735720274286574,0.09,0.0128,0.06072429649371574,0.29917073809673184,1.99941685883582,0.03574677993628433,0.019035379781293674,0.10136752263599783,0.035759218225255684
0.18,0.33735720274286574,0.09,0.014400000000000001,0.06072429649371574,0.29917073809673184,1.99941685883582,0.03574677993628433,0.019035379781293674,0.10136752263599783,0.04637442519569737
0.18,0.33735720274286574,0.09,0.016,0.06072429649371574,0.29917073809673184,1.99941685883582,0.03574677993628433,0.019035379781293674,0.10136752263599783,0.058793163128878737
0.06,0.44987306015227924,0.025,0.0,0.026992383609136732,0.11568983703194466,2.37803701068469,0.009975696600184339,0.00450732112010432,0.027944874296565062,0.0
0.06,0.44987306015227924,0.025,0.0016,0.026992383609136732,0.11568983703194466,2.37803701068469,0.009975696600184339,0.00450732112010432,0.027944874296565062,0.00013994793047719786
0.06,0.44987306015227924,0.025,0.0032,0.026992383609136732,0.11568983703194466,2.37803701068469,0.009975696600184339,0.00450732112010432,0.027944874296565062,0.0005624744298412616
0.06,0.44987306015227924,0.025,0.0048000000000000004,0.026992383609136732,0.11568983703194466,2.37803701068469,0.009975696600184339,0.00450732112010432,0.027944874296565062,0.0012756276218896024
0.06,0.44987306015227924,0.025,0.0064,0.026992383609136732,0.11568983703194466,2.37803701068469,0.009975696600184339,0.00450732112010432,0.027944874296565062,0.0022928210462845704
0.06,0.44987306015227924,0.025,0.008,0.026992383609136732,0.11568983703194466,2.37803701068469,0.009975696600184339,0.00450732112010432,0.027944874296565062,0.003632833658553458
0.06,0.44987306015227924,0.025,0.009600000000000001,0.026992383609136732,0.11568983703194466,2.37803701068469,0.009975696600184339,0.00450732112010432,0.027944874296565062,0.0053198098300885
0.06,0.44987306015227924,0.025,0.0112,0.026992383609136732,0.11568983703194466,2.37803701068469,0.009975696600184339,0.00450732112010432,0.027944874296565062,0.007383259348146861
0.06,0.44987306015227924,0.025,0.0128,0.026992383609136732,0.11568983703194466,2.37803701068469,0.009975696600184339,0.00450732112010432,0.027944874296565062,0.009858057415850665
0.06,0.44987306015227924,0.025,0.014400000000000001,0.026992383609136732,0.11568983703194466,2.37803701068469,0.009975696600184339,0.00450732112010432,0.027944874296565062,0.012784444652186958
0.06,0.44987306015227924,0.025,0.016,0.026992383609136732,0.11568983703194466,2.37803701068469,0.009975696600184339,0.00450732112010432,0.027944874296565062,0.016208027092007735
0.06,0.44987306015227924,0.04666666666666667,0.0,0.026992383609136732,0.11568983703194466,2.37803701068469,0.010082432448581376,0.004555547601224778,0.028243872951590043,0.0
0.06,0.44987306015227924,0.04666666666666667,0.0016,0.026992383609136732,0.11568983703194466,2.37803701068469,0.010082432448581376,0.004555547601224778,0.028243872951590043,0.00014144531574156297
0.06,0.44987306015227924,0.04666666666666667,0.0032,0.026992383609136732,0.11568983703194466,2.37803701068469,0.010082432448581376,0.004555547601224778,0.028243872951590043,0.0005684926747696044
0.06,0.44987306015227924,0.04666666666666667,0.0048000000000000004,0.026992383609136732,0.11568983703194466,2.37803701068469,0.010082432448581376,0.004555547601224778,0.028243872951590043,0.0012892763124941827
0.06,0.44987306015227924,0.04666666666666667,0.0064,0.026992383609136732,0.11568983703194466,2.37803701068469,0.010082432448581376,0.004555547601224778,0.028243872951590043,0.00231735328793206
0.06,0.44987306015227924,0.04666666666666667,0.008,0.026992383609136732,0.11568983703194466,2.37803701068469,0.010082432448581376,0.004555547601224778,0.028243872951590043,0.0036717034837067055
0.06,0.44987306015227924,0.04666666666666667,0.009600000000000001,0.026992383609136732,0.11568983703194466,2.37803701068469,0.010082432448581376,0.004555547601224778,0.028243872951590043,0.005376729606048294
0.06,0.44987306015227924,0.04666666666666667,0.0112,0.026992383609136732,0.11568983703194466,2.37803701068469,0.010082432448581376,0.004555547601224778,0.028243872951590043,0.007462257184793701
0.06,0.44987306015227924,0.04666666666666667,0.0128,0.026992383609136732,0.11568983703194466,2.37803701068469,0.010082432448581376,0.004555547601224778,0.028243872951590043,0.009963534573386518
0.06,0.44987306015227924,0.04666666666666667,0.014400000000000001,0.026992383609136732,0.11568983703194466,2.37803701068469,0.010082432448581376,0.004555547601224778,0.028243872951590043,0.012921232948877027
0.06,0.44987306015227924,0.04666666666666667,0.016,0.026992383609136732,0.11568983703194466,2.37803701068469,0.010082432448581376,0.004555547601224778,0.028243872951590043,0.016381446311922225
0.06,0.44987306015227924,0.06833333333333333,0.0,0.026992383609136732,0.11568983703194466,2.37803701068469,0.010189168296978409,0.004603774082345235,0.028542871606615016,0.0
0.06,0.44987306015227924,0.06833333333333333,0.0016,0.026992383609136732,0.11568983703194466,2.37803701068469,0.010189168296978409,0.004603774082345235,0.028542871606615016,0.00014294270100592804
0.06,0.44987306015227924,0.06833333333333333,0.0032,0.026992383609136732,0.11568983703194466,2.37803701068469,0.010189168296978409,0.004603774082345235,0.028542871606615016,0.0005745109196979472
0.06,0.44987306015227924,0.06833333333333333,0.0048000000000000004,0.026992383609136732,0.11568983703194466,2.37803701068469,0.010189168296978409,0.004603774082345235,0.028542871606615016,0.0013029250030987627
0.06,0.44987306015227924,0.06833333333333333,0.0064,0.026992383609136732,0.11568983703194466,2.37803701068469,0.010189168296978409,0.004603774082345235,0.028542871606615016,0.002341885529579549
0.06,0.44987306015227924,0.06833333333333333,0.008,0.026992383609136732,0.11568983703194466,2.37803701068469,0.010189168296978409,0.004603774082345235,0.028542871606615016,0.003710573308859952
0.06,0.44987306015227924,0.06833333333333333,0.009600000000000001,0.026992383609136732,0.11568983703194466,2.37803701068469,0.010189168296978409,0.004603774082345235,0.028542871606615016,0.005433649382008089
0.06,0.44987306015227924,0.06833333333333333,0.0112,0.026992383609136732,0.11568983703194466,2.37803701068469,0.010189168296978409,0.004603774082345235,0.028542871606615016,0.00754125502144054
0.06,0.44987306015227924,0.06833333333333333,0.0128,0.026992383609136732,0.11568983703194466,2.37803701068469,0.010189168296978409,0.004603774082345235,0.028542871606615016,0.010069011730922369
0.06,0.44987306015227924,0.06833333333333333,0.014400000000000001,0.026992383609136732,0.11568983703194466,2.37803701068469,0.010189168296978409,0.004603774082345235,0.028542871606615016,0.01305802124556709
0.06,0.44987306015227924,0.06833333333333333,0.016,0.026992383609136732,0.11568983703194466,2.37803701068469,0.010189168296978409,0.004603774082345235,0.028542871606615016,0.01655486553183671
0.06,0.44987306015227924,0.09,0.0,0.026992383609136732,0.11568983703194466,2.37803701068469,0.010295904145375442,0.004652000563465692,0.02884187026163999,0.0
0.06,0.44987306015227924,0.09,0.0016,0.026992383609136732,0.11568983703194466,2.37803701068469,0.010295904145375442,0.004652000563465692,0.02884187026163999,0.0001444400862702931
0.06,0.44987306015227924,0.09,0.0032,0.026992383609136732,0.11568983703194466,2.37803701068469,0.010295904145375442,0.004652000563465692,0.02884187026163999,0.0005805291646262898
0.06,0.44987306015227924,0.09,0.0048000000000000004,0.026992383609136732,0.11568983703194466,2.37803701068469,0.010295904145375442,0.004652000563465692,0.02884187026163999,0.0013165736937033425
0.06,0.44987306015227924,0.09,0.0064,0.026992383609136732,0.11568983703194466,2.37803701068469,0.010295904145375442,0.004652000563465692,0.02884187026163999,0.002366417771227038
0.06,0.44987306015227924,0.09,0.008,0.026992383609136732,0.11568983703194466,2.37803701068469,0.010295904145375442,0.004652000563465692,0.02884187026163999,0.003749443134013199
0.06,0.44987306015227924,0.09,0.009600000000000001,0.026992383609136732,0.11568983703194466,2.37803701068469,0.010295904145375442,0.004652000563465692,0.02884187026163999,0.005490569157967883
0.06,0.44987306015227924,0.09,0.0112,0.026992383609136732,0.11568983703194466,2.37803701068469,0.010295904145375442,0.004652000563465692,0.02884187026163999,0.007620252858087377
0.06,0.44987306015227924,0.09,0.0128,0.026992383609136732,0.11568983703194466,2.37803701068469,0.010295904145375442,0.004652000563465692,0.02884187026163999,0.010174488888458217
0.06,0.44987306015227924,0.09,0.014400000000000001,0.026992383609136732,0.11568983703194466,2.37803701068469,0.010295904145375442,0.004652000563465692,0.02884187026163999,0.013194809542257156
0.06,0.44987306015227924,0.09,0.016,0.026992383609136732,0.11568983703194466,2.37803701068469,0.010295904145375442,0.004652000563465692,0.02884187026163999,0.016728284751751192
0.08,0.44987306015227924,0.025,0.0,0.035989844812182314,0.1542531160425929,2.37803701068469,0.013300928800245786,0.006009761493472426,0.037259832395420085,0.0
0.08,0.44987306015227924,0.025,0.0016,0.035989844812182314,0.1542531160425929,2.37803701068469,0.013300928800245786,0.006009761493472426,0.037259832395420085,0.00018659724063626383
0.08,0.44987306015227924,0.025,0.0032,0.035989844812182314,0.1542531160425929,2.37803701068469,0.013300928800245786,0.006009761493472426,0.037259832395420085,0.0007499659064550157
0.08,0.44987306015227924,0.025,0.0048000000000000004,0.035989844812182314,0.1542531160425929,2.37803701068469,0.013300928800245786,0.006009761493472426,0.037259832395420085,0.0017008368291861367
0.08,0.44987306015227924,0.025,0.0064,0.035989844812182314,0.1542531160425929,2.37803701068469,0.013300928800245786,0.006009761493472426,0.037259832395420085,0.0030570947283794277
0.08,0.44987306015227924,0.025,0.008,0.035989844812182314,0.1542531160425929,2.37803701068469,0.013300928800245786,0.006009761493472426,0.037259832395420085,0.004843778211404611
0.08,0.44987306015227924,0.025,0.009600000000000001,0.035989844812182314,0.1542531160425929,2.37803701068469,0.013300928800245786,0.006009761493472426,0.037259832395420085,0.007093079773451333
0.08,0.44987306015227924,0.025,0.0112,0.035989844812182314,0.1542531160425929,2.37803701068469,0.013300928800245786,0.006009761493472426,0.037259832395420085,0.00984434579752915
0.08,0.44987306015227924,0.025,0.0128,0.035989844812182314,0.1542531160425929,2.37803701068469,0.013300928800245786,0.006009761493472426,0.037259832395420085,0.013144076554467556
0.08,0.44987306015227924,0.025,0.014400000000000001,0.035989844812182314,0.1542531160425929,2.37803701068469,0.013300928800245786,0.006009761493472426,0.037259832395420085,0.017045926202915944
0.08,0.44987306015227924,0.025,0.016,0.035989844812182314,0.1542531160425929,2.37803701068469,0.013300928800245786,0.006009761493472426,0.037259832395420085,0.02161070278934365
0.08,0.44987306015227924,0.04666666666666667,0.0,0.035989844812182314,0.1542531160425929,2.37803701068469,0.013443243264775166,0.006074063468299704,0.03765849726878672,0.0
0.08,0.44987306015227924,0.04666666666666667,0.0016,0.035989844812182314,0.1542531160425929,2.37803701068469,0.013443243264775166,0.006074063468299704,0.03765849726878672,0.00018859375432208394
0.08,0.44987306015227924,0.04666666666666667,0.0032,0.035989844812182314,0.1542531160425929,2.37803701068469,0.013443243264775166,0.006074063468299704,0.03765849726878672,0.0007579902330261392
0.08,0.44987306015227924,0.04666666666666667,0.0048000000000000004,0.035989844812182314,0.1542531160425929,2.37803701068469,0.013443243264775166,0.006074063468299704,0.03765849726878672,0.0017190350833255765
0.08,0.44987306015227924,0.04666666666666667,0.0064,0.035989844812182314,0.1542531160425929,2.37803701068469,0.013443243264775166,0.006074063468299704,0.03765849726878672,0.0030898043839094136
0.08,0.44987306015227924,0.04666666666666667,0.008,0.035989844812182314,0.1542531160425929,2.37803701068469,0.013443243264775166,0.006074063468299704,0.03765849726878672,0.004895604644942274
0.08,0.44987306015227924,0.04666666666666667,0.009600000000000001,0.035989844812182314,0.1542531160425929,2.37803701068469,0.013443243264775166,0.006074063468299704,0.03765849726878672,0.007168972808064392
0.08,0.44987306015227924,0.04666666666666667,0.0112,0.035989844812182314,0.1542531160425929,2.37803701068469,0.013443243264775166,0.006074063468299704,0.03765849726878672,0.009949676246391601
0.08,0.44987306015227924,0.04666666666666667,0.0128,0.035989844812182314,0.1542531160425929,2.37803701068469,0.013443243264775166,0.006074063468299704,0.03765849726878672,0.013284712764515356
0.08,0.44987306015227924,0.04666666666666667,0.014400000000000001,0.035989844812182314,0.1542531160425929,2.37803701068469,0.013443243264775166,0.006074063468299704,0.03765849726878672,0.0172283105985027
0.08,0.44987306015227924,0.04666666666666667,0.016,0.035989844812182314,0.1542531160425929,2.37803701068469,0.013443243264775166,0.006074063468299704,0.03765849726878672,0.0218419284158963
0.08,0.44987306015227924,0.06833333333333333,0.0,0.035989844812182314,0.1542531160425929,2.37803701068469,0.013585557729304544,0.00613836544312698,0.03805716214215335,0.0
0.08,0.44987306015227924,0.06833333333333333,0.0016,0.035989844812182314,0.1542531160425929,2.37803701068469,0.013585557729304544,0.00613836544312698,0.03805716214215335,0.00019059026800790404
0.08,0.44987306015227924,0.06833333333333333,0.0032,0.035989844812182314,0.1542531160425929,2.37803701068469,0.013585557729304544,0.00613836544312698,0.03805716214215335,0.0007660145595972628
0.08,0.44987306015227924,0.06833333333333333,0.0048000000000000004,0.035989844812182314,0.1542531160425929,2.37803701068469,0.013585557729304544,0.00613836544312698,0.03805716214215335,0.0017372333374650166
0.08,0.44987306015227924,0.06833333333333333,0.0064,0.035989844812182314,0.1542531160425929,2.37803701068469,0.013585557729304544,0.00613836544312698,0.03805716214215335,0.003122514039439399
0.08,0.44987306015227924,0.06833333333333333,0.008,0.035989844812182314,0.1542531160425929,2.37803701068469,0.013585557729304544,0.00613836544312698,0.03805716214215335,0.004947431078479936
0.08,0.44987306015227924,0.06833333333333333,0.009600000000000001,0.035989844812182314,0.1542531160425929,2.37803701068469,0.013585557729304544,0.00613836544312698,0.03805716214215335,0.007244865842677451
0.08,0.44987306015227924,0.06833333333333333,0.0112,0.035989844812182314,0.1542531160425929,2.37803701068469,0.013585557729304544,0.00613836544312698,0.03805716214215335,0.01005500669525405
0.08,0.44987306015227924,0.06833333333333333,0.0128,0.035989844812182314,0.1542531160425929,2.37803701068469,0.013585557729304544,0.00613836544312698,0.03805716214215335,0.013425348974563156
0.08,0.44987306015227924,0.06833333333333333,0.014400000000000001,0.035989844812182314,0.1542531160425929,2.37803701068469,0.013585557729304544,0.00613836544312698,0.03805716214215335,0.017410694994089454
0.08,0.44987306015227924,0.06833333333333333,0.016,0.035989844812182314,0.1542531160425929,2.37803701068469,0.013585557729304544,0.00613836544312698,0.03805716214215335,0.022073154042448945
0.08,0.44987306015227924,0.09,0.0,0.035989844812182314,0.1542531160425929,2.37803701068469,0.013727872193833921,0.0062026674179542565,0.038455827015519986,0.0
0.08,0.44987306015227924,0.09,0.0016,0.035989844812182314,0.1542531160425929,2.37803701068469,0.013727872193833921,0.0062026674179542565,0.038455827015519986,0.00019258678169372412
0.08,0.44987306015227924,0.09,0.0032,0.035989844812182314,0.1542531160425929,2.37803701068469,0.013727872193833921,0.0062026674179542565,0.038455827015519986,0.0007740388861683864
0.08,0.44987306015227924,0.09,0.0048000000000000004,0.035989844812182314,0.1542531160425929,2.37803701068469,0.013727872193833921,0.0062026674179542565,0.038455827015519986,0.0017554315916044568
0.08,0.44987306015227924,0.09,0.0064,0.035989844812182314,0.1542531160425929,2.37803701068469,0.013727872193833921,0.0062026674179542565,0.038455827015519986,0.0031552236949693845
0.08,0.44987306015227924,0.09,0.008,0.035989844812182314,0.1542531160425929,2.37803701068469,0.013727872193833921,0.0062026674179542565,0.038455827015519986,0.0049992575120175985
0.08,0.44987306015227924,0.09,0.009600000000000001,0.035989844812182314,0.1542531160425929,2.37803701068469,0.013727872193833921,0.0062026674179542565,0.038455827015519986,0.007320758877290511
0.08,0.44987306015227924,0.09,0.0112,0.035989844812182314,0.1542531160425929,2.37803701068469,0.013727872193833921,0.0062026674179542565,0.038455827015519986,0.010160337144116502
0.08,0.44987306015227924,0.09,0.0128,0.035989844812182314,0.1542531160425929,2.37803701068469,0.013727872193833921,0.0062026674179542565,0.038455827015519986,0.013565985184610958
0.08,0.44987306015227924,0.09,0.014400000000000001,0.035989844812182314,0.1542531160425929,2.37803701068469,0.013727872193833921,0.0062026674179542565,0.038455827015519986,0.01759307938967621
0.08,0.44987306015227924,0.09,0.016,0.035989844812182314,0.1542531160425929,2.37803701068469,0.013727872193833921,0.0062026674179542565,0.038455827015519986,0.022304379669001593
0.1,0.44987306015227924,0.025,0.0,0.04498730601522789,0.1928163950532411,2.37803701068469,0.016626161000307234,0.007512201866840534,0.04657479049427511,0.0
0.1,0.44987306015227924,0.025,0.0016,0.04498730601522789,0.1928163950532411,2.37803701068469,0.016626161000307234,0.007512201866840534,0.04657479049427511,0.0002332465507953298
0.1,0.44987306015227924,0.025,0.0032,0.04498730601522789,0.1928163950532411,2.37803701068469,0.016626161000307234,0.007512201866840534,0.04657479049427511,0.0009374573830687696
0.1,0.44987306015227924,0.025,0.0048000000000000004,0.04498730601522789,0.1928163950532411,2.37803701068469,0.016626161000307234,0.007512201866840534,0.04657479049427511,0.002126046036482671
0.1,0.44987306015227924,0.025,0.0064,0.04498730601522789,0.1928163950532411,2.37803701068469,0.016626161000307234,0.007512201866840534,0.04657479049427511,0.003821368410474285
0.1,0.44987306015227924,0.025,0.008,0.04498730601522789,0.1928163950532411,2.37803701068469,0.016626161000307234,0.007512201866840534,0.04657479049427511,0.006054722764255765
0.1,0.44987306015227924,0.025,0.009600000000000001,0.04498730601522789,0.1928163950532411,2.37803701068469,0.016626161000307234,0.007512201866840534,0.04657479049427511,0.008866349716814168
0.1,0.44987306015227924,0.025,0.0112,0.04498730601522789,0.1928163950532411,2.37803701068469,0.016626161000307234,0.007512201866840534,0.04657479049427511,0.012305432246911437
0.1,0.44987306015227924,0.025,0.0128,0.04498730601522789,0.1928163950532411,2.37803701068469,0.016626161000307234,0.007512201866840534,0.04657479049427511,0.016430095693084446
0.1,0.44987306015227924,0.025,0.014400000000000001,0.04498730601522789,0.1928163950532411,2.37803701068469,0.016626161000307234,0.007512201866840534,0.04657479049427511,0.02130740775364493
0.1,0.44987306015227924,0.025,0.016,0.04498730601522789,0.1928163950532411,2.37803701068469,0.016626161000307234,0.007512201866840534,0.04657479049427511,0.027013378486679566
0.1,0.44987306015227924,0.04666666666666667,0.0,0.04498730601522789,0.1928163950532411,2.37803701068469,0.01680405408096896,0.007592579335374631,0.04707312158598341,0.0
0.1,0.44987306015227924,0.04666666666666667,0.0016,0.04498730601522789,0.1928163950532411,2.37803701068469,0.01680405408096896,0.007592579335374631,0.04707312158598341,0.00023574219290260496
0.1,0.44987306015227924,0.04666666666666667,0.0032,0.04498730601522789,0.1928163950532411,2.37803701068469,0.01680405408096896,0.007592579335374631,0.04707312158598341,0.0009474877912826743
0.1,0.44987306015227924,0.04666666666666667,0.0048000000000000004,0.04498730601522789,0.1928163950532411,2.37803701068469,0.01680405408096896,0.007592579335374631,0.04707312158598341,0.0021487938541569713
0.1,0.44987306015227924,0.04666666666666667,0.0064,0.04498730601522789,0.1928163950532411,2.37803701068469,0.01680405408096896,0.007592579335374631,0.04707312158598341,0.0038622554798867677
0.1,0.44987306015227924,0.04666666666666667,0.008,0.04498730601522789,0.1928163950532411,2.37803701068469,0.01680405408096896,0.007592579335374631,0.04707312158598341,0.006119505806177843
0.1,0.44987306015227924,0.04666666666666667,0.009600000000000001,0.04498730601522789,0.1928163950532411,2.37803701068469,0.01680405408096896,0.007592579335374631,0.04707312158598341,0.008961216010080493
0.1,0.44987306015227924,0.04666666666666667,0.0112,0.04498730601522789,0.1928163950532411,2.37803701068469,0.01680405408096896,0.007592579335374631,0.04707312158598341,0.012437095307989504
0.1,0.44987306015227924,0.04666666666666667,0.0128,0.04498730601522789,0.1928163950532411,2.37803701068469,0.01680405408096896,0.007592579335374631,0.04707312158598341,0.016605890955644197
0.1,0.44987306015227924,0.04666666666666667,0.014400000000000001,0.04498730601522789,0.1928163950532411,2.37803701068469,0.01680405408096896,0.007592579335374631,0.04707312158598341,0.02153538824812838
0.1,0.44987306015227924,0.04666666666666667,0.016,0.04498730601522789,0.1928163950532411,2.37803701068469,0.01680405408096896,0.007592579335374631,0.04707312158598341,0.02730241051987038
0.1,0.44987306015227924,0.06833333333333333,0.0,0.04498730601522789,0.1928163950532411,2.37803701068469,0.016981947161630682,0.007672956803908727,0.0475714526776917,0.0
0.1,0.44987306015227924,0.06833333333333333,0.0016,0.04498730601522789,0.1928163950532411,2.37803701068469,0.016981947161630682,0.007672956803908727,0.0475714526776917,0.00023823783500988006
0.1,0.44987306015227924,0.06833333333333333,0.0032,0.04498730601522789,0.1928163950532411,2.37803701068469,0.016981947161630682,0.007672956803908727,0.0475714526776917,0.0009575181994965787
0.1,0.44987306015227924,0.06833333333333333,0.0048000000000000004,0.04498730601522789,0.1928163950532411,2.37803701068469,0.016981947161630682,0.007672956803908727,0.0475714526776917,0.0021715416718312715
0.1,0.44987306015227924,0.06833333333333333,0.0064,0.04498730601522789,0.1928163950532411,2.37803701068469,0.016981947161630682,0.007672956803908727,0.0475714526776917,0.0039031425492992494
0.1,0.44987306015227924,0.06833333333333333,0.008,0.04498730601522789,0.1928163950532411,2.37803701068469,0.016981947161630682,0.007672956803908727,0.0475714526776917,0.0061842888480999215
0.1,0.44987306015227924,0.06833333333333333,0.009600000000000001,0.04498730601522789,0.1928163950532411,2.37803701068469,0.016981947161630682,0.007672956803908727,0.0475714526776917,0.009056082303346816
0.1,0.44987306015227924,0.06833333333333333,0.0112,0.04498730601522789,0.1928163950532411,2.37803701068469,0.016981947161630682,0.007672956803908727,0.0475714526776917,0.012568758369067567
0.1,0.44987306015227924,0.06833333333333333,0.0128,0.04498730601522789,0.1928163950532411,2.37803701068469,0.016981947161630682,0.007672956803908727,0.0475714526776917,0.01678168621820395
0.1,0.44987306015227924,0.06833333333333333,0.014400000000000001,0.04498730601522789,0.1928163950532411,2.37803701068469,0.016981947161630682,0.007672956803908727,0.0475714526776917,0.02176336874261182
0.1,0.44987306015227924,0.06833333333333333,0.016,0.04498730601522789,0.1928163950532411,2.37803701068469,0.016981947161630682,0.007672956803908727,0.0475714526776917,0.027591442553061188
0.1,0.44987306015227924,0.09,0.0,0.04498730601522789,0.1928163950532411,2.37803701068469,0.017159840242292404,0.007753334272442822,0.04806978376939999,0.0
0.1,0.44987306015227924,0.09,0.0016,0.04498730601522789,0.1928163950532411,2.37803701068469,0.017159840242292404,0.007753334272442822,0.04806978376939999,0.00024073347711715522
0.1,0.44987306015227924,0.09,0.0032,0.04498730601522789,0.1928163950532411,2.37803701068469,0.017159840242292404,0.007753334272442822,0.04806978376939999,0.0009675486077104832
0.1,0.44987306015227924,0.09,0.0048000000000000004,0.04498730601522789,0.1928163950532411,2.37803701068469,0.017159840242292404,0.007753334272442822,0.04806978376939999,0.0021942894895055714
0.1,0.44987306015227924,0.09,0.0064,0.04498730601522789,0.1928163950532411,2.37803701068469,0.017159840242292404,0.007753334272442822,0.04806978376939999,0.003944029618711731
0.1,0.44987306015227924,0.09,0.008,0.04498730601522789,0.1928163950532411,2.37803701068469,0.017159840242292404,0.007753334272442822,0.04806978376939999,0.006249071890021999
0.1,0.44987306015227924,0.09,0.009600000000000001,0.04498730601522789,0.1928163950532411,2.37803701068469,0.017159840242292404,0.007753334272442822,0.04806978376939999,0.00915094859661314
0.1,0.44987306015227924,0.09,0.0112,0.04498730601522789,0.1928163950532411,2.37803701068469,0.017159840242292404,0.007753334272442822,0.04806978376939999,0.01270042143014563
0.1,0.44987306015227924,0.09,0.0128,0.04498730601522789,0.1928163950532411,2.37803701068469,0.017159840242292404,0.007753334272442822,0.04806978376939999,0.0169574814807637
0.1,0.44987306015227924,0.09,0.014400000000000001,0.04498730601522789,0.1928163950532411,2.37803701068469,0.017159840242292404,0.007753334272442822,0.04806978376939999,0.021991349237095267
0.1,0.44987306015227924,0.09,0.016,0.04498730601522789,0.1928163950532411,2.37803701068469,0.017159840242292404,0.007753334272442822,0.04806978376939999,0.027880474586251997
0.12,0.44987306015227924,0.025,0.0,0.053984767218273465,0.23137967406388932,2.37803701068469,0.019951393200368678,0.00901464224020864,0.055889748593130124,0.0
0.12,0.44987306015227924,0.025,0.0016,0.053984767218273465,0.23137967406388932,2.37803701068469,0.019951393200368678,0.00901464224020864,0.055889748593130124,0.0002798958609543957
0.12,0.44987306015227924,0.025,0.0032,0.053984767218273465,0.23137967406388932,2.37803701068469,0.019951393200368678,0.00901464224020864,0.055889748593130124,0.0011249488596825233
0.12,0.44987306015227924,0.025,0.0048000000000000004,0.053984767218273465,0.23137967406388932,2.37803701068469,0.019951393200368678,0.00901464224020864,0.055889748593130124,0.002551255243779205
0.12,0.44987306015227924,0.025,0.0064,0.053984767218273465,0.23137967406388932,2.37803701068469,0.019951393200368678,0.00901464224020864,0.055889748593130124,0.004585642092569141
0.12,0.44987306015227924,0.025,0.008,0.053984767218273465,0.23137967406388932,2.37803701068469,0.019951393200368678,0.00901464224020864,0.055889748593130124,0.007265667317106916
0.12,0.44987306015227924,0.025,0.009600000000000001,0.053984767218273465,0.23137967406388932,2.37803701068469,0.019951393200368678,0.00901464224020864,0.055889748593130124,0.010639619660177
0.12,0.44987306015227924,0.025,0.0112,0.053984767218273465,0.23137967406388932,2.37803701068469,0.019951393200368678,0.00901464224020864,0.055889748593130124,0.014766518696293722
0.12,0.44987306015227924,0.025,0.0128,0.053984767218273465,0.23137967406388932,2.37803701068469,0.019951393200368678,0.00901464224020864,0.055889748593130124,0.01971611483170133
0.12,0.44987306015227924,0.025,0.014400000000000001,0.053984767218273465,0.23137967406388932,2.37803701068469,0.019951393200368678,0.00901464224020864,0.055889748593130124,0.025568889304373916
0.12,0.44987306015227924,0.025,0.016,0.053984767218273465,0.23137967406388932,2.37803701068469,0.019951393200368678,0.00901464224020864,0.055889748593130124,0.03241605418401547
0.12,0.44987306015227924,0.04666666666666667,0.0,0.053984767218273465,0.23137967406388932,2.37803701068469,0.02016486489716275,0.009111095202449557,0.056487745903180085,0.0
0.12,0.44987306015227924,0.04666666666666667,0.0016,0.053984767218273465,0.23137967406388932,2.37803701068469,0.02016486489716275,0.009111095202449557,0.056487745903180085,0.00028289063148312593
0.12,0.44987306015227924,0.04666666666666667,0.0032,0.053984767218273465,0.23137967406388932,2.37803701068469,0.02016486489716275,0.009111095202449557,0.056487745903180085,0.0011369853495392089
0.12,0.44987306015227924,0.04666666666666667,0.0048000000000000004,0.053984767218273465,0.23137967406388932,2.37803701068469,0.02016486489716275,0.009111095202449557,0.056487745903180085,0.0025785526249883653
0.12,0.44987306015227924,0.04666666666666667,0.0064,0.053984767218273465,0.23137967406388932,2.37803701068469,0.02016486489716275,0.009111095202449557,0.056487745903180085,0.00463470657586412
0.12,0.44987306015227924,0.04666666666666667,0.008,0.053984767218273465,0.23137967406388932,2.37803701068469,0.02016486489716275,0.009111095202449557,0.056487745903180085,0.007343406967413411
0.12,0.44987306015227924,0.04666666666666667,0.009600000000000001,0.053984767218273465,0.23137967406388932,2.37803701068469,0.02016486489716275,0.009111095202449557,0.056487745903180085,0.010753459212096588
0.12,0.44987306015227924,0.04666666666666667,0.0112,0.053984767218273465,0.23137967406388932,2.37803701068469,0.02016486489716275,0.009111095202449557,0.056487745903180085,0.014924514369587402
0.12,0.44987306015227924,0.04666666666666667,0.0128,0.053984767218273465,0.23137967406388932,2.37803701068469,0.02016486489716275,0.009111095202449557,0.056487745903180085,0.019927069146773037
0.12,0.44987306015227924,0.04666666666666667,0.014400000000000001,0.053984767218273465,0.23137967406388932,2.37803701068469,0.02016486489716275,0.009111095202449557,0.056487745903180085,0.025842465897754054
0.12,0.44987306015227924,0.04666666666666667,0.016,0.053984767218273465,0.23137967406388932,2.37803701068469,0.02016486489716275,0.009111095202449557,0.056487745903180085,0.03276289262384445
0.12,0.44987306015227924,0.06833333333333333,0.0,0.053984767218273465,0.23137967406388932,2.37803701068469,0.020378336593956818,0.00920754816469047,0.05708574321323003,0.0
0.12,0.44987306015227924,0.06833333333333333,0.0016,0.053984767218273465,0.23137967406388932,2.37803701068469,0.020378336593956818,0.00920754816469047,0.05708574321323003,0.0002858854020118561
0.12,0.44987306015227924,0.06833333333333333,0.0032,0.053984767218273465,0.23137967406388932,2.37803701068469,0.020378336593956818,0.00920754816469047,0.05708574321323003,0.0011490218393958944
0.12,0.44987306015227924,0.06833333333333333,0.0048000000000000004,0.053984767218273465,0.23137967406388932,2.37803701068469,0.020378336593956818,0.00920754816469047,0.05708574321323003,0.0026058500061975254
0.12,0.44987306015227924,0.06833333333333333,0.0064,0.053984767218273465,0.23137967406388932,2.37803701068469,0.020378336593956818,0.00920754816469047,0.05708574321323003,0.004683771059159098
0.12,0.44987306015227924,0.06833333333333333,0.008,0.053984767218273465,0.23137967406388932,2.37803701068469,0.020378336593956818,0.00920754816469047,0.05708574321323003,0.007421146617719904
0.12,0.44987306015227924,0.06833333333333333,0.009600000000000001,0.053984767218273465,0.23137967406388932,2.37803701068469,0.020378336593956818,0.00920754816469047,0.05708574321323003,0.010867298764016178
0.12,0.44987306015227924,0.06833333333333333,0.0112,0.053984767218273465,0.23137967406388932,2.37803701068469,0.020378336593956818,0.00920754816469047,0.05708574321323003,0.01508251004288108
0.12,0.44987306015227924,0.06833333333333333,0.0128,0.053984767218273465,0.23137967406388932,2.37803701068469,0.020378336593956818,0.00920754816469047,0.05708574321323003,0.020138023461844737
0.12,0.44987306015227924,0.06833333333333333,0.014400000000000001,0.053984767218273465,0.23137967406388932,2.37803701068469,0.020378336593956818,0.00920754816469047,0.05708574321323003,0.02611604249113418
0.12,0.44987306015227924,0.06833333333333333,0.016,0.053984767218273465,0.23137967406388932,2.37803701068469,0.020378336593956818,0.00920754816469047,0.05708574321323003,0.03310973106367342
0.12,0.44987306015227924,0.09,0.0,0.053984767218273465,0.23137967406388932,2.37803701068469,0.020591808290750885,0.009304001126931385,0.05768374052327998,0.0
0.12,0.44987306015227924,0.09,0.0016,0.053984767218273465,0.23137967406388932,2.37803701068469,0.020591808290750885,0.009304001126931385,0.05768374052327998,0.0002888801725405862
0.12,0.44987306015227924,0.09,0.0032,0.053984767218273465,0.23137967406388932,2.37803701068469,0.020591808290750885,0.009304001126931385,0.05768374052327998,0.0011610583292525796
0.12,0.44987306015227924,0.09,0.0048000000000000004,0.053984767218273465,0.23137967406388932,2.37803701068469,0.020591808290750885,0.009304001126931385,0.05768374052327998,0.002633147387406685
0.12,0.44987306015227924,0.09,0.0064,0.053984767218273465,0.23137967406388932,2.37803701068469,0.020591808290750885,0.009304001126931385,0.05768374052327998,0.004732835542454076
0.12,0.44987306015227924,0.09,0.008,0.053984767218273465,0.23137967406388932,2.37803701068469,0.020591808290750885,0.009304001126931385,0.05768374052327998,0.007498886268026398
0.12,0.44987306015227924,0.09,0.009600000000000001,0.053984767218273465,0.23137967406388932,2.37803701068469,0.020591808290750885,0.009304001126931385,0.05768374052327998,0.010981138315935767
0.12,0.44987306015227924,0.09,0.0112,0.053984767218273465,0.23137967406388932,2.37803701068469,0.020591808290750885,0.009304001126931385,0.05768374052327998,0.015240505716174755
0.12,0.44987306015227924,0.09,0.0128,0.053984767218273465,0.23137967406388932,2.37803701068469,0.020591808290750885,0.009304001126931385,0.05768374052327998,0.020348977776916435
0.12,0.44987306015227924,0.09,0.014400000000000001,0.053984767218273465,0.23137967406388932,2.37803701068469,0.020591808290750885,0.009304001126931385,0.05768374052327998,0.026389619084514312
0.12,0.44987306015227924,0.09,0.016,0.053984767218273465,0.23137967406388932,2.37803701068469,0.020591808290750885,0.009304001126931385,0.05768374052327998,0.033456569503502384
0.14,0.44987306015227924,0.025,0.0,0.06298222842131905,0.2699429530745376,2.37803701068469,0.02327662540043013,0.010517082613576747,0.06520470669198515,0.0
0.14,0.44987306015227924,0.025,0.0016,0.06298222842131905,0.2699429530745376,2.37803701068469,0.02327662540043013,0.010517082613576747,0.06520470669198515,0.0003265451711134617
0.14,0.44987306015227924,0.025,0.0032,0.06298222842131905,0.2699429530745376,2.37803701068469,0.02327662540043013,0.010517082613576747,0.06520470669198515,0.0013124403362962773
0.14,0.44987306015227924,0.025,0.0048000000000000004,0.06298222842131905,0.2699429530745376,2.37803701068469,0.02327662540043013,0.010517082613576747,0.06520470669198515,0.002976464451075739
0.14,0.44987306015227924,0.025,0.0064,0.06298222842131905,0.2699429530745376,2.37803701068469,0.02327662540043013,0.010517082613576747,0.06520470669198515,0.005349915774663998
0.14,0.44987306015227924,0.025,0.008,0.06298222842131905,0.2699429530745376,2.37803701068469,0.02327662540043013,0.010517082613576747,0.06520470669198515,0.00847661186995807
0.14,0.44987306015227924,0.025,0.009600000000000001,0.06298222842131905,0.2699429530745376,2.37803701068469,0.02327662540043013,0.010517082613576747,0.06520470669198515,0.012412889603539833
0.14,0.44987306015227924,0.025,0.0112,0.06298222842131905,0.2699429530745376,2.37803701068469,0.02327662540043013,0.010517082613576747,0.06520470669198515,0.01722760514567601
0.14,0.44987306015227924,0.025,0.0128,0.06298222842131905,0.2699429530745376,2.37803701068469,0.02327662540043013,0.010517082613576747,0.06520470669198515,0.023002133970318223
0.14,0.44987306015227924,0.025,0.014400000000000001,0.06298222842131905,0.2699429530745376,2.37803701068469,0.02327662540043013,0.010517082613576747,0.06520470669198515,0.029830370855102904
0.14,0.44987306015227924,0.025,0.016,0.06298222842131905,0.2699429530745376,2.37803701068469,0.02327662540043013,0.010517082613576747,0.06520470669198515,0.03781872988135139
0.14,0.44987306015227924,0.04666666666666667,0.0,0.06298222842131905,0.2699429530745376,2.37803701068469,0.023525675713356547,0.010629611069524484,0.06590237022037677,0.0
0.14,0.44987306015227924,0.04666666666666667,0.0016,0.06298222842131905,0.2699429530745376,2.37803701068469,0.023525675713356547,0.010629611069524484,0.06590237022037677,0.00033003907006364696
0.14,0.44987306015227924,0.04666666666666667,0.0032,0.06298222842131905,0.2699429530745376,2.37803701068469,0.023525675713356547,0.010629611069524484,0.06590237022037677,0.001326482907795744
0.14,0.44987306015227924,0.04666666666666667,0.0048000000000000004,0.06298222842131905,0.2699429530745376,2.37803701068469,0.023525675713356547,0.010629611069524484,0.06590237022037677,0.00300831139581976
0.14,0.44987306015227924,0.04666666666666667,0.0064,0.06298222842131905,0.2699429530745376,2.37803701068469,0.023525675713356547,0.010629611069524484,0.06590237022037677,0.005407157671841475
0.14,0.44987306015227924,0.04666666666666667,0.008,0.06298222842131905,0.2699429530745376,2.37803701068469,0.023525675713356547,0.010629611069524484,0.06590237022037677,0.008567308128648981
0.14,0.44987306015227924,0.04666666666666667,0.009600000000000001,0.06298222842131905,0.2699429530745376,2.37803701068469,0.023525675713356547,0.010629611069524484,0.06590237022037677,0.01254570241411269
0.14,0.44987306015227924,0.04666666666666667,0.0112,0.06298222842131905,0.2699429530745376,2.37803701068469,0.023525675713356547,0.010629611069524484,0.06590237022037677,0.017411933431185307
0.14,0.44987306015227924,0.04666666666666667,0.0128,0.06298222842131905,0.2699429530745376,2.37803701068469,0.023525675713356547,0.010629611069524484,0.06590237022037677,0.02324824733790188
0.14,0.44987306015227924,0.04666666666666667,0.014400000000000001,0.06298222842131905,0.2699429530745376,2.37803701068469,0.023525675713356547,0.010629611069524484,0.06590237022037677,0.030149543547379733
0.14,0.44987306015227924,0.04666666666666667,0.016,0.06298222842131905,0.2699429530745376,2.37803701068469,0.023525675713356547,0.010629611069524484,0.06590237022037677,0.03822337472781853
0.14,0.44987306015227924,0.06833333333333333,0.0,0.06298222842131905,0.2699429530745376,2.37803701068469,0.023774726026282958,0.010742139525472217,0.06660003374876838,0.0
0.14,0.44987306015227924,0.06833333333333333,0.0016,0.06298222842131905,0.2699429530745376,2.37803701068469,0.023774726026282958,0.010742139525472217,0.06660003374876838,0.00033353296901383216
0.14,0.44987306015227924,0.06833333333333333,0.0032,0.06298222842131905,0.2699429530745376,2.37803701068469,0.023774726026282958,0.010742139525472217,0.06660003374876838,0.0013405254792952103
0.14,0.44987306015227924,0.06833333333333333,0.0048000000000000004,0.06298222842131905,0.2699429530745376,2.37803701068469,0.023774726026282958,0.010742139525472217,0.06660003374876838,0.00304015834056378
0.14,0.44987306015227924,0.06833333333333333,0.0064,0.06298222842131905,0.2699429530745376,2.37803701068469,0.023774726026282958,0.010742139525472217,0.06660003374876838,0.00546439956901895
0.14,0.44987306015227924,0.06833333333333333,0.008,0.06298222842131905,0.2699429530745376,2.37803701068469,0.023774726026282958,0.010742139525472217,0.06660003374876838,0.00865800438733989
0.14,0.44987306015227924,0.06833333333333333,0.009600000000000001,0.06298222842131905,0.2699429530745376,2.37803701068469,0.023774726026282958,0.010742139525472217,0.06660003374876838,0.012678515224685544
0.14,0.44987306015227924,0.06833333333333333,0.0112,0.06298222842131905,0.2699429530745376,2.37803701068469,0.023774726026282958,0.010742139525472217,0.06660003374876838,0.017596261716694594
0.14,0.44987306015227924,0.06833333333333333,0.0128,0.06298222842131905,0.2699429530745376,2.37803701068469,0.023774726026282958,0.010742139525472217,0.06660003374876838,0.02349436070548553
0.14,0.44987306015227924,0.06833333333333333,0.014400000000000001,0.06298222842131905,0.2699429530745376,2.37803701068469,0.023774726026282958,0.010742139525472217,0.06660003374876838,0.03046871623965655
0.14,0.44987306015227924,0.06833333333333333,0.016,0.06298222842131905,0.2699429530745376,2.37803701068469,0.023774726026282958,0.010742139525472217,0.06660003374876838,0.03862801957428566
0.14,0.44987306015227924,0.09,0.0,0.06298222842131905,0.2699429530745376,2.37803701068469,0.02402377633920937,0.01085466798141995,0.06729769727715999,0.0
0.14,0.44987306015227924,0.09,0.0016,0.06298222842131905,0.2699429530745376,2.37803701068469,0.02402377633920937,0.01085466798141995,0.06729769727715999,0.0003370268679640173
0.14,0.44987306015227924,0.09,0.0032,0.06298222842131905,0.2699429530745376,2.37803701068469,0.02402377633920937,0.01085466798141995,0.06729769727715999,0.0013545680507946766
0.14,0.44987306015227924,0.09,0.0048000000000000004,0.06298222842131905,0.2699429530745376,2.37803701068469,0.02402377633920937,0.01085466798141995,0.06729769727715999,0.0030720052853078004
0.14,0.44987306015227924,0.09,0.0064,0.06298222842131905,0.2699429530745376,2.37803701068469,0.02402377633920937,0.01085466798141995,0.06729769727715999,0.005521641466196424
0.14,0.44987306015227924,0.09,0.008,0.06298222842131905,0.2699429530745376,2.37803701068469,0.02402377633920937,0.01085466798141995,0.06729769727715999,0.0087487006460308
0.14,0.44987306015227924,0.09,0.009600000000000001,0.06298222842131905,0.2699429530745376,2.37803701068469,0.02402377633920937,0.01085466798141995,0.06729769727715999,0.012811328035258397
0.14,0.44987306015227924,0.09,0.0112,0.06298222842131905,0.2699429530745376,2.37803701068469,0.02402377633920937,0.01085466798141995,0.06729769727715999,0.017780590002203885
0.14,0.44987306015227924,0.09,0.0128,0.06298222842131905,0.2699429530745376,2.37803701068469,0.02402377633920937,0.01085466798141995,0.06729769727715999,0.02374047407306918
0.14,0.44987306015227924,0.09,0.014400000000000001,0.06298222842131905,0.2699429530745376,2.37803701068469,0.02402377633920937,0.01085466798141995,0.06729769727715999,0.030787888931933374
0.14,0.44987306015227924,0.09,0.016,0.06298222842131905,0.2699429530745376,2.37803701068469,0.02402377633920937,0.01085466798141995,0.06729769727715999,0.039032664420752795
0.16,0.44987306015227924,0.025,0.0,0.07197968962436463,0.3085062320851858,2.37803701068469,0.026601857600491573,0.012019522986944852,0.07451966479084017,0.0
0.16,0.44987306015227924,0.025,0.0016,0.07197968962436463,0.3085062320851858,2.37803701068469,0.026601857600491573,0.012019522986944852,0.07451966479084017,0.00037319448127252767
0.16,0.44987306015227924,0.025,0.0032,0.07197968962436463,0.3085062320851858,2.37803701068469,0.026601857600491573,0.012019522986944852,0.07451966479084017,0.0014999318129100313
0.16,0.44987306015227924,0.025,0.0048000000000000004,0.07197968962436463,0.3085062320851858,2.37803701068469,0.026601857600491573,0.012019522986944852,0.07451966479084017,0.0034016736583722734
0.16,0.44987306015227924,0.025,0.0064,0.07197968962436463,0.3085062320851858,2.37803701068469,0.026601857600491573,0.012019522986944852,0.07451966479084017,0.0061141894567588555
0.16,0.44987306015227924,0.025,0.008,0.07197968962436463,0.3085062320851858,2.37803701068469,0.026601857600491573,0.012019522986944852,0.07451966479084017,0.009687556422809222
0.16,0.44987306015227924,0.025,0.009600000000000001,0.07197968962436463,0.3085062320851858,2.37803701068469,0.026601857600491573,0.012019522986944852,0.07451966479084017,0.014186159546902666
0.16,0.44987306015227924,0.025,0.0112,0.07197968962436463,0.3085062320851858,2.37803701068469,0.026601857600491573,0.012019522986944852,0.07451966479084017,0.0196886915950583
0.16,0.44987306015227924,0.025,0.0128,0.07197968962436463,0.3085062320851858,2.37803701068469,0.026601857600491573,0.012019522986944852,0.07451966479084017,0.026288153108935113
0.16,0.44987306015227924,0.025,0.014400000000000001,0.07197968962436463,0.3085062320851858,2.37803701068469,0.026601857600491573,0.012019522986944852,0.07451966479084017,0.03409185240583189
0.16,0.44987306015227924,0.025,0.016,0.07197968962436463,0.3085062320851858,2.37803701068469,0.026601857600491573,0.012019522986944852,0.07451966479084017,0.0432214055786873
0.16,0.44987306015227924,0.04666666666666667,0.0,0.07197968962436463,0.3085062320851858,2.37803701068469,0.026886486529550332,0.012148126936599408,0.07531699453757344,0.0
0.16,0.44987306015227924,0.04666666666666667,0.0016,0.07197968962436463,0.3085062320851858,2.37803701068469,0.026886486529550332,0.012148126936599408,0.07531699453757344,0.0003771875086441679
0.16,0.44987306015227924,0.04666666666666667,0.0032,0.07197968962436463,0.3085062320851858,2.37803701068469,0.026886486529550332,0.012148126936599408,0.07531699453757344,0.0015159804660522785
0.16,0.44987306015227924,0.04666666666666667,0.0048000000000000004,0.07197968962436463,0.3085062320851858,2.37803701068469,0.026886486529550332,0.012148126936599408,0.07531699453757344,0.003438070166651153
0.16,0.44987306015227924,0.04666666666666667,0.0064,0.07197968962436463,0.3085062320851858,2.37803701068469,0.026886486529550332,0.012148126936599408,0.07531699453757344,0.006179608767818827
0.16,0.44987306015227924,0.04666666666666667,0.008,0.07197968962436463,0.3085062320851858,2.37803701068469,0.026886486529550332,0.012148126936599408,0.07531699453757344,0.009791209289884547
0.16,0.44987306015227924,0.04666666666666667,0.009600000000000001,0.07197968962436463,0.3085062320851858,2.37803701068469,0.026886486529550332,0.012148126936599408,0.07531699453757344,0.014337945616128785
0.16,0.44987306015227924,0.04666666666666667,0.0112,0.07197968962436463,0.3085062320851858,2.37803701068469,0.026886486529550332,0.012148126936599408,0.07531699453757344,0.019899352492783202
0.16,0.44987306015227924,0.04666666666666667,0.0128,0.07197968962436463,0.3085062320851858,2.37803701068469,0.026886486529550332,0.012148126936599408,0.07531699453757344,0.026569425529030712
0.16,0.44987306015227924,0.04666666666666667,0.014400000000000001,0.07197968962436463,0.3085062320851858,2.37803701068469,0.026886486529550332,0.012148126936599408,0.07531699453757344,0.0344566211970054
0.16,0.44987306015227924,0.04666666666666667,0.016,0.07197968962436463,0.3085062320851858,2.37803701068469,0.026886486529550332,0.012148126936599408,0.07531699453757344,0.0436838568317926
0.16,0.44987306015227924,0.06833333333333333,0.0,0.07197968962436463,0.3085062320851858,2.37803701068469,0.027171115458609087,0.01227673088625396,0.0761143242843067,0.0
0.16,0.44987306015227924,0.06833333333333333,0.0016,0.07197968962436463,0.3085062320851858,2.37803701068469,0.027171115458609087,0.01227673088625396,0.0761143242843067,0.0003811805360158081
0.16,0.44987306015227924,0.06833333333333333,0.0032,0.07197968962436463,0.3085062320851858,2.37803701068469,0.027171115458609087,0.01227673088625396,0.0761143242843067,0.0015320291191945256
0.16,0.44987306015227924,0.06833333333333333,0.0048000000000000004,0.07197968962436463,0.3085062320851858,2.37803701068469,0.027171115458609087,0.01227673088625396,0.0761143242843067,0.003474466674930033
0.16,0.44987306015227924,0.06833333333333333,0.0064,0.07197968962436463,0.3085062320851858,2.37803701068469,0.027171115458609087,0.01227673088625396,0.0761143242843067,0.006245028078878798
0.16,0.44987306015227924,0.06833333333333333,0.008,0.07197968962436463,0.3085062320851858,2.37803701068469,0.027171115458609087,0.01227673088625396,0.0761143242843067,0.009894862156959871
0.16,0.44987306015227924,0.06833333333333333,0.009600000000000001,0.07197968962436463,0.3085062320851858,2.37803701068469,0.027171115458609087,0.01227673088625396,0.0761143242843067,0.014489731685354902
0.16,0.44987306015227924,0.06833333333333333,0.0112,0.07197968962436463,0.3085062320851858,2.37803701068469,0.027171115458609087,0.01227673088625396,0.0761143242843067,0.0201100133905081
0.16,0.44987306015227924,0.06833333333333333,0.0128,0.07197968962436463,0.3085062320851858,2.37803701068469,0.027171115458609087,0.01227673088625396,0.0761143242843067,0.026850697949126312
0.16,0.44987306015227924,0.06833333333333333,0.014400000000000001,0.07197968962436463,0.3085062320851858,2.37803701068469,0.027171115458609087,0.01227673088625396,0.0761143242843067,0.03482138998817891
0.16,0.44987306015227924,0.06833333333333333,0.016,0.07197968962436463,0.3085062320851858,2.37803701068469,0.027171115458609087,0.01227673088625396,0.0761143242843067,0.04414630808489789
0.16,0.44987306015227924,0.09,0.0,0.07197968962436463,0.3085062320851858,2.37803701068469,0.027455744387667843,0.012405334835908513,0.07691165403103997,0.0
0.16,0.44987306015227924,0.09,0.0016,0.07197968962436463,0.3085062320851858,2.37803701068469,0.027455744387667843,0.012405334835908513,0.07691165403103997,0.00038517356338744823
0.16,0.44987306015227924,0.09,0.0032,0.07197968962436463,0.3085062320851858,2.37803701068469,0.027455744387667843,0.012405334835908513,0.07691165403103997,0.0015480777723367728
0.16,0.44987306015227924,0.09,0.0048000000000000004,0.07197968962436463,0.3085062320851858,2.37803701068469,0.027455744387667843,0.012405334835908513,0.07691165403103997,0.0035108631832089137
0.16,0.44987306015227924,0.09,0.0064,0.07197968962436463,0.3085062320851858,2.37803701068469,0.027455744387667843,0.012405334835908513,0.07691165403103997,0.006310447389938769
0.16,0.44987306015227924,0.09,0.008,0.07197968962436463,0.3085062320851858,2.37803701068469,0.027455744387667843,0.012405334835908513,0.07691165403103997,0.009998515024035197
0.16,0.44987306015227924,0.09,0.009600000000000001,0.07197968962436463,0.3085062320851858,2.37803701068469,0.027455744387667843,0.012405334835908513,0.07691165403103997,0.014641517754581022
0.16,0.44987306015227924,0.09,0.0112,0.07197968962436463,0.3085062320851858,2.37803701068469,0.027455744387667843,0.012405334835908513,0.07691165403103997,0.020320674288233004
0.16,0.44987306015227924,0.09,0.0128,0.07197968962436463,0.3085062320851858,2.37803701068469,0.027455744387667843,0.012405334835908513,0.07691165403103997,0.027131970369221915
0.16,0.44987306015227924,0.09,0.014400000000000001,0.07197968962436463,0.3085062320851858,2.37803701068469,0.027455744387667843,0.012405334835908513,0.07691165403103997,0.03518615877935242
0.16,0.44987306015227924,0.09,0.016,0.07197968962436463,0.3085062320851858,2.37803701068469,0.027455744387667843,0.012405334835908513,0.07691165403103997,0.044608759338003186
0.18,0.44987306015227924,0.025,0.0,0.0809771508274102,0.347069511095834,2.37803701068469,0.029927089800553024,0.01352196336031296,0.0838346228896952,0.0
0.18,0.44987306015227924,0.025,0.0016,0.0809771508274102,0.347069511095834,2.37803701068469,0.029927089800553024,0.01352196336031296,0.0838346228896952,0.00041984379143159364
0.18,0.44987306015227924,0.025,0.0032,0.0809771508274102,0.347069511095834,2.37803701068469,0.029927089800553024,0.01352196336031296,0.0838346228896952,0.0016874232895237853
0.18,0.44987306015227924,0.025,0.0048000000000000004,0.0809771508274102,0.347069511095834,2.37803701068469,0.029927089800553024,0.01352196336031296,0.0838346228896952,0.0038268828656688077
0.18,0.44987306015227924,0.025,0.0064,0.0809771508274102,0.347069511095834,2.37803701068469,0.029927089800553024,0.01352196336031296,0.0838346228896952,0.006878463138853714
0.18,0.44987306015227924,0.025,0.008,0.0809771508274102,0.347069511095834,2.37803701068469,0.029927089800553024,0.01352196336031296,0.0838346228896952,0.010898500975660377
0.18,0.44987306015227924,0.025,0.009600000000000001,0.0809771508274102,0.347069511095834,2.37803701068469,0.029927089800553024,0.01352196336031296,0.0838346228896952,0.015959429490265502
0.18,0.44987306015227924,0.025,0.0112,0.0809771508274102,0.347069511095834,2.37803701068469,0.029927089800553024,0.01352196336031296,0.0838346228896952,0.022149778044440585
0.18,0.44987306015227924,0.025,0.0128,0.0809771508274102,0.347069511095834,2.37803701068469,0.029927089800553024,0.01352196336031296,0.0838346228896952,0.029574172247552002
0.18,0.44987306015227924,0.025,0.014400000000000001,0.0809771508274102,0.347069511095834,2.37803701068469,0.029927089800553024,0.01352196336031296,0.0838346228896952,0.03835333395656088
0.18,0.44987306015227924,0.025,0.016,0.0809771508274102,0.347069511095834,2.37803701068469,0.029927089800553024,0.01352196336031296,0.0838346228896952,0.04862408127602322
0.18,0.44987306015227924,0.04666666666666667,0.0,0.0809771508274102,0.347069511095834,2.37803701068469,0.030247297345744127,0.013666642803674335,0.08473161885477014,0.0
0.18,0.44987306015227924,0.04666666666666667,0.0016,0.0809771508274102,0.347069511095834,2.37803701068469,0.030247297345744127,0.013666642803674335,0.08473161885477014,0.0004243359472246889
0.18,0.44987306015227924,0.04666666666666667,0.0032,0.0809771508274102,0.347069511095834,2.37803701068469,0.030247297345744127,0.013666642803674335,0.08473161885477014,0.0017054780243088137
0.18,0.44987306015227924,0.04666666666666667,0.0048000000000000004,0.0809771508274102,0.347069511095834,2.37803701068469,0.030247297345744127,0.013666642803674335,0.08473161885477014,0.0038678289374825484
0.18,0.44987306015227924,0.04666666666666667,0.0064,0.0809771508274102,0.347069511095834,2.37803701068469,0.030247297345744127,0.013666642803674335,0.08473161885477014,0.006952059863796181
0.18,0.44987306015227924,0.04666666666666667,0.008,0.0809771508274102,0.347069511095834,2.37803701068469,0.030247297345744127,0.013666642803674335,0.08473161885477014,0.011015110451120119
0.18,0.44987306015227924,0.04666666666666667,0.009600000000000001,0.0809771508274102,0.347069511095834,2.37803701068469,0.030247297345744127,0.013666642803674335,0.08473161885477014,0.016130188818144885
0.18,0.44987306015227924,0.04666666666666667,0.0112,0.0809771508274102,0.347069511095834,2.37803701068469,0.030247297345744127,0.013666642803674335,0.08473161885477014,0.022386771554381107
0.18,0.44987306015227924,0.04666666666666667,0.0128,0.0809771508274102,0.347069511095834,2.37803701068469,0.030247297345744127,0.013666642803674335,0.08473161885477014,0.02989060372015956
0.18,0.44987306015227924,0.04666666666666667,0.014400000000000001,0.0809771508274102,0.347069511095834,2.37803701068469,0.030247297345744127,0.013666642803674335,0.08473161885477014,0.038763698846631084
0.18,0.44987306015227924,0.04666666666666667,0.016,0.0809771508274102,0.347069511095834,2.37803701068469,0.030247297345744127,0.013666642803674335,0.08473161885477014,0.04914433893576668
0.18,0.44987306015227924,0.06833333333333333,0.0,0.0809771508274102,0.347069511095834,2.37803701068469,0.030567504890935227,0.013811322247035707,0.08562861481984506,0.0
0.18,0.44987306015227924,0.06833333333333333,0.0016,0.0809771508274102,0.347069511095834,2.37803701068469,0.030567504890935227,0.013811322247035707,0.08562861481984506,0.0004288281030177841
0.18,0.44987306015227924,0.06833333333333333,0.0032,0.0809771508274102,0.347069511095834,2.37803701068469,0.030567504890935227,0.013811322247035707,0.08562861481984506,0.0017235327590938417
0.18,0.44987306015227924,0.06833333333333333,0.0048000000000000004,0.0809771508274102,0.347069511095834,2.37803701068469,0.030567504890935227,0.013811322247035707,0.08562861481984506,0.003908775009296288
0.18,0.44987306015227924,0.06833333333333333,0.0064,0.0809771508274102,0.347069511095834,2.37803701068469,0.030567504890935227,0.013811322247035707,0.08562861481984506,0.007025656588738649
0.18,0.44987306015227924,0.06833333333333333,0.008,0.0809771508274102,0.347069511095834,2.37803701068469,0.030567504890935227,0.013811322247035707,0.08562861481984506,0.011131719926579858
0.18,0.44987306015227924,0.06833333333333333,0.009600000000000001,0.0809771508274102,0.347069511095834,2.37803701068469,0.030567504890935227,0.013811322247035707,0.08562861481984506,0.016300948146024268
0.18,0.44987306015227924,0.06833333333333333,0.0112,0.0809771508274102,0.347069511095834,2.37803701068469,0.030567504890935227,0.013811322247035707,0.08562861481984506,0.022623765064321618
0.18,0.44987306015227924,0.06833333333333333,0.0128,0.0809771508274102,0.347069511095834,2.37803701068469,0.030567504890935227,0.013811322247035707,0.08562861481984506,0.030207035192767108
0.18,0.44987306015227924,0.06833333333333333,0.014400000000000001,0.0809771508274102,0.347069511095834,2.37803701068469,0.030567504890935227,0.013811322247035707,0.08562861481984506,0.03917406373670128
0.18,0.44987306015227924,0.06833333333333333,0.016,0.0809771508274102,0.347069511095834,2.37803701068469,0.030567504890935227,0.013811322247035707,0.08562861481984506,0.04966459659551013
0.18,0.44987306015227924,0.09,0.0,0.0809771508274102,0.347069511095834,2.37803701068469,0.030887712436126327,0.01395600169039708,0.08652561078491998,0.0
0.18,0.44987306015227924,0.09,0.0016,0.0809771508274102,0.347069511095834,2.37803701068469,0.030887712436126327,0.01395600169039708,0.08652561078491998,0.00043332025881087936
0.18,0.44987306015227924,0.09,0.0032,0.0809771508274102,0.347069511095834,2.37803701068469,0.030887712436126327,0.01395600169039708,0.08652561078491998,0.0017415874938788696
0.18,0.44987306015227924,0.09,0.0048000000000000004,0.0809771508274102,0.347069511095834,2.37803701068469,0.030887712436126327,0.01395600169039708,0.08652561078491998,0.003949721081110028
0.18,0.44987306015227924,0.09,0.0064,0.0809771508274102,0.347069511095834,2.37803701068469,0.030887712436126327,0.01395600169039708,0.08652561078491998,0.007099253313681116
0.18,0.44987306015227924,0.09,0.008,0.0809771508274102,0.347069511095834,2.37803701068469,0.030887712436126327,0.01395600169039708,0.08652561078491998,0.011248329402039597
0.18,0.44987306015227924,0.09,0.009600000000000001,0.0809771508274102,0.347069511095834,2.37803701068469,0.030887712436126327,0.01395600169039708,0.08652561078491998,0.01647170747390365
0.18,0.44987306015227924,0.09,0.0112,0.0809771508274102,0.347069511095834,2.37803701068469,0.030887712436126327,0.01395600169039708,0.08652561078491998,0.022860758574262136
0.18,0.44987306015227924,0.09,0.0128,0.0809771508274102,0.347069511095834,2.37803701068469,0.030887712436126327,0.01395600169039708,0.08652561078491998,0.030523466665374657
0.18,0.44987306015227924,0.09,0.014400000000000001,0.0809771508274102,0.347069511095834,2.37803701068469,0.030887712436126327,0.01395600169039708,0.08652561078491998,0.03958442862677147
0.18,0.44987306015227924,0.09,0.016,0.0809771508274102,0.347069511095834,2.37803701068469,0.030887712436126327,0.01395600169039708,0.08652561078491998,0.05018485425525359
0.06,0.5999153674659646,0.025,0.0,0.035994922047955284,0.1381766226525452,2.9028590783416752,0.0084201868923559,0.0031192472631165723,0.02346839255806554,0.0
0.06,0.5999153674659646,0.025,0.0016,0.035994922047955284,0.1381766226525452,2.9028590783416752,0.0084201868923559,0.0031192472631165723,0.02346839255806554,0.00011752970993079225
0.06,0.5999153674659646,0.025,0.0032,0.035994922047955284,0.1381766226525452,2.9028590783416752,0.0084201868923559,0.0031192472631165723,0.02346839255806554,0.00047237180540874325
0.06,0.5999153674659646,0.025,0.0048000000000000004,0.035994922047955284,0.1381766226525452,2.9028590783416752,0.0084201868923559,0.0031192472631165723,0.02346839255806554,0.0010712851834905762
0.06,0.5999153674659646,0.025,0.0064,0.035994922047955284,0.1381766226525452,2.9028590783416752,0.0084201868923559,0.0031192472631165723,0.02346839255806554,0.0019255346726041616
0.06,0.5999153674659646,0.025,0.008,0.035994922047955284,0.1381766226525452,2.9028590783416752,0.0084201868923559,0.0031192472631165723,0.02346839255806554,0.0030508910325485203
0.06,0.5999153674659646,0.025,0.009600000000000001,0.035994922047955284,0.1381766226525452,2.9028590783416752,0.0084201868923559,0.0031192472631165723,0.02346839255806554,0.004467630954493822
0.06,0.5999153674659646,0.025,0.0112,0.035994922047955284,0.1381766226525452,2.9028590783416752,0.0084201868923559,0.0031192472631165723,0.02346839255806554,0.0062005370609813796
0.06,0.5999153674659646,0.025,0.0128,0.035994922047955284,0.1381766226525452,2.9028590783416752,0.0084201868923559,0.0031192472631165723,0.02346839255806554,0.008278897905923666
0.06,0.5999153674659646,0.025,0.014400000000000001,0.035994922047955284,0.1381766226525452,2.9028590783416752,0.0084201868923559,0.0031192472631165723,0.02346839255806554,0.010736507974604287
0.06,0.5999153674659646,0.025,0.016,0.035994922047955284,0.1381766226525452,2.9028590783416752,0.0084201868923559,0.0031192472631165723,0.02346839255806554,0.013611667683678013
0.06,0.5999153674659646,0.04666666666666667,0.0,0.035994922047955284,0.1381766226525452,2.9028590783416752,0.008510279427006624,0.003152621925191071,0.02371949470066213,0.0
0.06,0.5999153674659646,0.04666666666666667,0.0016,0.035994922047955284,0.1381766226525452,2.9028590783416752,0.008510279427006624,0.003152621925191071,0.02371949470066213,0.00011878722946091597
0.06,0.5999153674659646,0.04666666666666667,0.0032,0.035994922047955284,0.1381766226525452,2.9028590783416752,0.008510279427006624,0.003152621925191071,0.02371949470066213,0.0004774259893349275
0.06,0.5999153674659646,0.04666666666666667,0.0048000000000000004,0.035994922047955284,0.1381766226525452,2.9028590783416752,0.008510279427006624,0.003152621925191071,0.02371949470066213,0.0010827474940958252
0.06,0.5999153674659646,0.04666666666666667,0.0064,0.035994922047955284,0.1381766226525452,2.9028590783416752,0.008510279427006624,0.003152621925191071,0.02371949470066213,0.0019461371011999268
0.06,0.5999153674659646,0.04666666666666667,0.008,0.035994922047955284,0.1381766226525452,2.9028590783416752,0.008510279427006624,0.003152621925191071,0.02371949470066213,0.003083534311086077
0.06,0.5999153674659646,0.04666666666666667,0.009600000000000001,0.035994922047955284,0.1381766226525452,2.9028590783416752,0.008510279427006624,0.003152621925191071,0.02371949470066213,0.004515432767175649
0.06,0.5999153674659646,0.04666666666666667,0.0112,0.035994922047955284,0.1381766226525452,2.9028590783416752,0.008510279427006624,0.003152621925191071,0.02371949470066213,0.006266880255872539
0.06,0.5999153674659646,0.04666666666666667,0.0128,0.035994922047955284,0.1381766226525452,2.9028590783416752,0.008510279427006624,0.003152621925191071,0.02371949470066213,0.00836747870656318
0.06,0.5999153674659646,0.04666666666666667,0.014400000000000001,0.035994922047955284,0.1381766226525452,2.9028590783416752,0.008510279427006624,0.003152621925191071,0.02371949470066213,0.010851384191616516
0.06,0.5999153674659646,0.04666666666666667,0.016,0.035994922047955284,0.1381766226525452,2.9028590783416752,0.008510279427006624,0.003152621925191071,0.02371949470066213,0.013757306926384036
0.06,0.5999153674659646,0.06833333333333333,0.0,0.035994922047955284,0.1381766226525452,2.9028590783416752,0.008600371961657343,0.003185996587265569,0.023970596843258713,0.0
0.06,0.5999153674659646,0.06833333333333333,0.0016,0.035994922047955284,0.1381766226525452,2.9028590783416752,0.008600371961657343,0.003185996587265569,0.023970596843258713,0.00012004474899103966
0.06,0.5999153674659646,0.06833333333333333,0.0032,0.035994922047955284,0.1381766226525452,2.9028590783416752,0.008600371961657343,0.003185996587265569,0.023970596843258713,0.0004824801732611115
0.06,0.5999153674659646,0.06833333333333333,0.0048000000000000004,0.035994922047955284,0.1381766226525452,2.9028590783416752,0.008600371961657343,0.003185996587265569,0.023970596843258713,0.001094209804701074
0.06,0.5999153674659646,0.06833333333333333,0.0064,0.035994922047955284,0.1381766226525452,2.9028590783416752,0.008600371961657343,0.003185996587265569,0.023970596843258713,0.001966739529795691
0.06,0.5999153674659646,0.06833333333333333,0.008,0.035994922047955284,0.1381766226525452,2.9028590783416752,0.008600371961657343,0.003185996587265569,0.023970596843258713,0.003116177589623633
0.06,0.5999153674659646,0.06833333333333333,0.009600000000000001,0.035994922047955284,0.1381766226525452,2.9028590783416752,0.008600371961657343,0.003185996587265569,0.023970596843258713,0.004563234579857476
0.06,0.5999153674659646,0.06833333333333333,0.0112,0.035994922047955284,0.1381766226525452,2.9028590783416752,0.008600371961657343,0.003185996587265569,0.023970596843258713,0.006333223450763697
0.06,0.5999153674659646,0.06833333333333333,0.0128,0.035994922047955284,0.1381766226525452,2.9028590783416752,0.008600371961657343,0.003185996587265569,0.023970596843258713,0.008456059507202691
0.06,0.5999153674659646,0.06833333333333333,0.014400000000000001,0.035994922047955284,0.1381766226525452,2.9028590783416752,0.008600371961657343,0.003185996587265569,0.023970596843258713,0.010966260408628744
0.06,0.5999153674659646,0.06833333333333333,0.016,0.035994922047955284,0.1381766226525452,2.9028590783416752,0.008600371961657343,0.003185996587265569,0.023970596843258713,0.013902946169090054
0.06,0.5999153674659646,0.09,0.0,0.035994922047955284,0.1381766226525452,2.9028590783416752,0.008690464496308064,0.003219371249340067,0.024221698985855297,0.0
0.06,0.5999153674659646,0.09,0.0016,0.035994922047955284,0.1381766226525452,2.9028590783416752,0.008690464496308064,0.003219371249340067,0.024221698985855297,0.00012130226852116335
0.06,0.5999153674659646,0.09,0.0032,0.035994922047955284,0.1381766226525452,2.9028590783416752,0.008690464496308064,0.003219371249340067,0.024221698985855297,0.0004875343571872955
0.06,0.5999153674659646,0.09,0.0048000000000000004,0.035994922047955284,0.1381766226525452,2.9028590783416752,0.008690464496308064,0.003219371249340067,0.024221698985855297,0.001105672115306323
0.06,0.5999153674659646,0.09,0.0064,0.035994922047955284,0.1381766226525452,2.9028590783416752,0.008690464496308064,0.003219371249340067,0.024221698985855297,0.0019873419583914557
0.06,0.5999153674659646,0.09,0.008,0.035994922047955284,0.1381766226525452,2.9028590783416752,0.008690464496308064,0.003219371249340067,0.024221698985855297,0.0031488208681611884
0.06,0.5999153674659646,0.09,0.009600000000000001,0.035994922047955284,0.1381766226525452,2.9028590783416752,0.008690464496308064,0.003219371249340067,0.024221698985855297,0.004611036392539302
0.06,0.5999153674659646,0.09,0.0112,0.035994922047955284,0.1381766226525452,2.9028590783416752,0.008690464496308064,0.003219371249340067,0.024221698985855297,0.006399566645654856
0.06,0.5999153674659646,0.09,0.0128,0.035994922047955284,0.1381766226525452,2.9028590783416752,0.008690464496308064,0.003219371249340067,0.024221698985855297,0.008544640307842202
0.06,0.5999153674659646,0.09,0.014400000000000001,0.035994922047955284,0.1381766226525452,2.9028590783416752,0.008690464496308064,0.003219371249340067,0.024221698985855297,0.011081136625640968
0.06,0.5999153674659646,0.09,0.016,0.035994922047955284,0.1381766226525452,2.9028590783416752,0.008690464496308064,0.003219371249340067,0.024221698985855297,0.014048585411796072
0.08,0.5999153674659646,0.025,0.0,0.04799322939727372,0.1842354968700603,2.9028590783416752,0.011226915856474534,0.004158996350822097,0.031291190077420726,0.0
0.08,0.5999153674659646,0.025,0.0016,0.04799322939727372,0.1842354968700603,2.9028590783416752,0.011226915856474534,0.004158996350822097,0.031291190077420726,0.00015670627990772303
0.08,0.5999153674659646,0.025,0.0032,0.04799322939727372,0.1842354968700603,2.9028590783416752,0.011226915856474534,0.004158996350822097,0.031291190077420726,0.0006298290738783245
0.08,0.5999153674659646,0.025,0.0048000000000000004,0.04799322939727372,0.1842354968700603,2.9028590783416752,0.011226915856474534,0.004158996350822097,0.031291190077420726,0.0014283802446541018
0.08,0.5999153674659646,0.025,0.0064,0.04799322939727372,0.1842354968700603,2.9028590783416752,0.011226915856474534,0.004158996350822097,0.031291190077420726,0.002567379563472216
0.08,0.5999153674659646,0.025,0.008,0.04799322939727372,0.1842354968700603,2.9028590783416752,0.011226915856474534,0.004158996350822097,0.031291190077420726,0.004067854710064695
0.08,0.5999153674659646,0.025,0.009600000000000001,0.04799322939727372,0.1842354968700603,2.9028590783416752,0.011226915856474534,0.004158996350822097,0.031291190077420726,0.005956841272658431
0.08,0.5999153674659646,0.025,0.0112,0.04799322939727372,0.1842354968700603,2.9028590783416752,0.011226915856474534,0.004158996350822097,0.031291190077420726,0.008267382747975173
0.08,0.5999153674659646,0.025,0.0128,0.04799322939727372,0.1842354968700603,2.9028590783416752,0.011226915856474534,0.004158996350822097,0.031291190077420726,0.011038530541231557
0.08,0.5999153674659646,0.025,0.014400000000000001,0.04799322939727372,0.1842354968700603,2.9028590783416752,0.011226915856474534,0.004158996350822097,0.031291190077420726,0.014315343966139054
0.08,0.5999153674659646,0.025,0.016,0.04799322939727372,0.1842354968700603,2.9028590783416752,0.011226915856474534,0.004158996350822097,0.031291190077420726,0.01814889024490402
0.08,0.5999153674659646,0.04666666666666667,0.0,0.04799322939727372,0.1842354968700603,2.9028590783416752,0.011347039236008832,0.004203495900254762,0.031625992934216175,0.0
0.08,0.5999153674659646,0.04666666666666667,0.0016,0.04799322939727372,0.1842354968700603,2.9028590783416752,0.011347039236008832,0.004203495900254762,0.031625992934216175,0.00015838297261455464
0.08,0.5999153674659646,0.04666666666666667,0.0032,0.04799322939727372,0.1842354968700603,2.9028590783416752,0.011347039236008832,0.004203495900254762,0.031625992934216175,0.0006365679857799033
0.08,0.5999153674659646,0.04666666666666667,0.0048000000000000004,0.04799322939727372,0.1842354968700603,2.9028590783416752,0.011347039236008832,0.004203495900254762,0.031625992934216175,0.0014436633254611003
0.08,0.5999153674659646,0.04666666666666667,0.0064,0.04799322939727372,0.1842354968700603,2.9028590783416752,0.011347039236008832,0.004203495900254762,0.031625992934216175,0.0025948494682665694
0.08,0.5999153674659646,0.04666666666666667,0.008,0.04799322939727372,0.1842354968700603,2.9028590783416752,0.011347039236008832,0.004203495900254762,0.031625992934216175,0.004111379081448103
0.08,0.5999153674659646,0.04666666666666667,0.009600000000000001,0.04799322939727372,0.1842354968700603,2.9028590783416752,0.011347039236008832,0.004203495900254762,0.031625992934216175,0.006020577022900866
0.08,0.5999153674659646,0.04666666666666667,0.0112,0.04799322939727372,0.1842354968700603,2.9028590783416752,0.011347039236008832,0.004203495900254762,0.031625992934216175,0.008355840341163386
0.08,0.5999153674659646,0.04666666666666667,0.0128,0.04799322939727372,0.1842354968700603,2.9028590783416752,0.011347039236008832,0.004203495900254762,0.031625992934216175,0.011156638275417574
0.08,0.5999153674659646,0.04666666666666667,0.014400000000000001,0.04799322939727372,0.1842354968700603,2.9028590783416752,0.011347039236008832,0.004203495900254762,0.031625992934216175,0.01446851225548869
0.08,0.5999153674659646,0.04666666666666667,0.016,0.04799322939727372,0.1842354968700603,2.9028590783416752,0.011347039236008832,0.004203495900254762,0.031625992934216175,0.018343075901845383
0.08,0.5999153674659646,0.06833333333333333,0.0,0.04799322939727372,0.1842354968700603,2.9028590783416752,0.011467162615543126,0.004247995449687426,0.031960795791011624,0.0
0.08,0.5999153674659646,0.06833333333333333,0.0016,0.04799322939727372,0.1842354968700603,2.9028590783416752,0.011467162615543126,0.004247995449687426,0.031960795791011624,0.00016005966532138625
0.08,0.5999153674659646,0.06833333333333333,0.0032,0.04799322939727372,0.1842354968700603,2.9028590783416752,0.011467162615543126,0.004247995449687426,0.031960795791011624,0.0006433068976814822
0.08,0.5999153674659646,0.06833333333333333,0.0048000000000000004,0.04799322939727372,0.1842354968700603,2.9028590783416752,0.011467162615543126,0.004247995449687426,0.031960795791011624,0.001458946406268099
0.08,0.5999153674659646,0.06833333333333333,0.0064,0.04799322939727372,0.1842354968700603,2.9028590783416752,0.011467162615543126,0.004247995449687426,0.031960795791011624,0.0026223193730609226
0.08,0.5999153674659646,0.06833333333333333,0.008,0.04799322939727372,0.1842354968700603,2.9028590783416752,0.011467162615543126,0.004247995449687426,0.031960795791011624,0.004154903452831512
0.08,0.5999153674659646,0.06833333333333333,0.009600000000000001,0.04799322939727372,0.1842354968700603,2.9028590783416752,0.011467162615543126,0.004247995449687426,0.031960795791011624,0.006084312773143303
0.08,0.5999153674659646,0.06833333333333333,0.0112,0.04799322939727372,0.1842354968700603,2.9028590783416752,0.011467162615543126,0.004247995449687426,0.031960795791011624,0.008444297934351598
0.08,0.5999153674659646,0.06833333333333333,0.0128,0.04799322939727372,0.1842354968700603,2.9028590783416752,0.011467162615543126,0.004247995449687426,0.031960795791011624,0.011274746009603591
0.08,0.5999153674659646,0.06833333333333333,0.014400000000000001,0.04799322939727372,0.1842354968700603,2.9028590783416752,0.011467162615543126,0.004247995449687426,0.031960795791011624,0.014621680544838329
0.08,0.5999153674659646,0.06833333333333333,0.016,0.04799322939727372,0.1842354968700603,2.9028590783416752,0.011467162615543126,0.004247995449687426,0.031960795791011624,0.018537261558786742
0.08,0.5999153674659646,0.09,0.0,0.04799322939727372,0.1842354968700603,2.9028590783416752,0.01158728599507742,0.0042924949991200905,0.03229559864780707,0.0
0.08,0.5999153674659646,0.09,0.0016,0.04799322939727372,0.1842354968700603,2.9028590783416752,0.01158728599507742,0.0042924949991200905,0.03229559864780707,0.0001617363580282178
0.08,0.5999153674659646,0.09,0.0032,0.04799322939727372,0.1842354968700603,2.9028590783416752,0.01158728599507742,0.0042924949991200905,0.03229559864780707,0.0006500458095830608
0.08,0.5999153674659646,0.09,0.0048000000000000004,0.04799322939727372,0.1842354968700603,2.9028590783416752,0.01158728599507742,0.0042924949991200905,0.03229559864780707,0.0014742294870750973
0.08,0.5999153674659646,0.09,0.0064,0.04799322939727372,0.1842354968700603,2.9028590783416752,0.01158728599507742,0.0042924949991200905,0.03229559864780707,0.0026497892778552744
0.08,0.5999153674659646,0.09,0.008,0.04799322939727372,0.1842354968700603,2.9028590783416752,0.01158728599507742,0.0042924949991200905,0.03229559864780707,0.004198427824214919
0.08,0.5999153674659646,0.09,0.009600000000000001,0.04799322939727372,0.1842354968700603,2.9028590783416752,0.01158728599507742,0.0042924949991200905,0.03229559864780707,0.006148048523385737
0.08,0.5999153674659646,0.09,0.0112,0.04799322939727372,0.1842354968700603,2.9028590783416752,0.01158728599507742,0.0042924949991200905,0.03229559864780707,0.008532755527539808
0.08,0.5999153674659646,0.09,0.0128,0.04799322939727372,0.1842354968700603,2.9028590783416752,0.01158728599507742,0.0042924949991200905,0.03229559864780707,0.011392853743789604
0.08,0.5999153674659646,0.09,0.014400000000000001,0.04799322939727372,0.1842354968700603,2.9028590783416752,0.01158728599507742,0.0042924949991200905,0.03229559864780707,0.01477484883418796
0.08,0.5999153674659646,0.09,0.016,0.04799322939727372,0.1842354968700603,2.9028590783416752,0.01158728599507742,0.0042924949991200905,0.03229559864780707,0.0187314472157281
0.1,0.5999153674659646,0.025,0.0,0.05999153674659215,0.2302943710875754,2.9028590783416752,0.014033644820593168,0.005198745438527621,0.0391139875967759,0.0
0.1,0.5999153674659646,0.025,0.0016,0.05999153674659215,0.2302943710875754,2.9028590783416752,0.014033644820593168,0.005198745438527621,0.0391139875967759,0.00019588284988465376
0.1,0.5999153674659646,0.025,0.0032,0.05999153674659215,0.2302943710875754,2.9028590783416752,0.014033644820593168,0.005198745438527621,0.0391139875967759,0.0007872863423479054
0.1,0.5999153674659646,0.025,0.0048000000000000004,0.05999153674659215,0.2302943710875754,2.9028590783416752,0.014033644820593168,0.005198745438527621,0.0391139875967759,0.001785475305817627
0.1,0.5999153674659646,0.025,0.0064,0.05999153674659215,0.2302943710875754,2.9028590783416752,0.014033644820593168,0.005198745438527621,0.0391139875967759,0.00320922445434027
0.1,0.5999153674659646,0.025,0.008,0.05999153674659215,0.2302943710875754,2.9028590783416752,0.014033644820593168,0.005198745438527621,0.0391139875967759,0.005084818387580867
0.1,0.5999153674659646,0.025,0.009600000000000001,0.05999153674659215,0.2302943710875754,2.9028590783416752,0.014033644820593168,0.005198745438527621,0.0391139875967759,0.007446051590823038
0.1,0.5999153674659646,0.025,0.0112,0.05999153674659215,0.2302943710875754,2.9028590783416752,0.014033644820593168,0.005198745438527621,0.0391139875967759,0.010334228434968966
0.1,0.5999153674659646,0.025,0.0128,0.05999153674659215,0.2302943710875754,2.9028590783416752,0.014033644820593168,0.005198745438527621,0.0391139875967759,0.013798163176539443
0.1,0.5999153674659646,0.025,0.014400000000000001,0.05999153674659215,0.2302943710875754,2.9028590783416752,0.014033644820593168,0.005198745438527621,0.0391139875967759,0.017894179957673815
0.1,0.5999153674659646,0.025,0.016,0.05999153674659215,0.2302943710875754,2.9028590783416752,0.014033644820593168,0.005198745438527621,0.0391139875967759,0.022686112806130025
0.1,0.5999153674659646,0.04666666666666667,0.0,0.05999153674659215,0.2302943710875754,2.9028590783416752,0.014183799045011039,0.005254369875318452,0.03953249116777022,0.0
0.1,0.5999153674659646,0.04666666666666667,0.0016,0.05999153674659215,0.2302943710875754,2.9028590783416752,0.014183799045011039,0.005254369875318452,0.03953249116777022,0.0001979787157681933
0.1,0.5999153674659646,0.04666666666666667,0.0032,0.05999153674659215,0.2302943710875754,2.9028590783416752,0.014183799045011039,0.005254369875318452,0.03953249116777022,0.0007957099822248791
0.1,0.5999153674659646,0.04666666666666667,0.0048000000000000004,0.05999153674659215,0.2302943710875754,2.9028590783416752,0.014183799045011039,0.005254369875318452,0.03953249116777022,0.0018045791568263754
0.1,0.5999153674659646,0.04666666666666667,0.0064,0.05999153674659215,0.2302943710875754,2.9028590783416752,0.014183799045011039,0.005254369875318452,0.03953249116777022,0.0032435618353332113
0.1,0.5999153674659646,0.04666666666666667,0.008,0.05999153674659215,0.2302943710875754,2.9028590783416752,0.014183799045011039,0.005254369875318452,0.03953249116777022,0.0051392238518101286
0.1,0.5999153674659646,0.04666666666666667,0.009600000000000001,0.05999153674659215,0.2302943710875754,2.9028590783416752,0.014183799045011039,0.005254369875318452,0.03953249116777022,0.007525721278626083
0.1,0.5999153674659646,0.04666666666666667,0.0112,0.05999153674659215,0.2302943710875754,2.9028590783416752,0.014183799045011039,0.005254369875318452,0.03953249116777022,0.010444800426454232
0.1,0.5999153674659646,0.04666666666666667,0.0128,0.05999153674659215,0.2302943710875754,2.9028590783416752,0.014183799045011039,0.005254369875318452,0.03953249116777022,0.013945797844271968
0.1,0.5999153674659646,0.04666666666666667,0.014400000000000001,0.05999153674659215,0.2302943710875754,2.9028590783416752,0.014183799045011039,0.005254369875318452,0.03953249116777022,0.01808564031936086
0.1,0.5999153674659646,0.04666666666666667,0.016,0.05999153674659215,0.2302943710875754,2.9028590783416752,0.014183799045011039,0.005254369875318452,0.03953249116777022,0.022928844877306728
0.1,0.5999153674659646,0.06833333333333333,0.0,0.05999153674659215,0.2302943710875754,2.9028590783416752,0.014333953269428906,0.005309994312109282,0.03995099473876452,0.0
0.1,0.5999153674659646,0.06833333333333333,0.0016,0.05999153674659215,0.2302943710875754,2.9028590783416752,0.014333953269428906,0.005309994312109282,0.03995099473876452,0.00020007458165173276
0.1,0.5999153674659646,0.06833333333333333,0.0032,0.05999153674659215,0.2302943710875754,2.9028590783416752,0.014333953269428906,0.005309994312109282,0.03995099473876452,0.0008041336221018524
0.1,0.5999153674659646,0.06833333333333333,0.0048000000000000004,0.05999153674659215,0.2302943710875754,2.9028590783416752,0.014333953269428906,0.005309994312109282,0.03995099473876452,0.0018236830078351232
0.1,0.5999153674659646,0.06833333333333333,0.0064,0.05999153674659215,0.2302943710875754,2.9028590783416752,0.014333953269428906,0.005309994312109282,0.03995099473876452,0.003277899216326152
0.1,0.5999153674659646,0.06833333333333333,0.008,0.05999153674659215,0.2302943710875754,2.9028590783416752,0.014333953269428906,0.005309994312109282,0.03995099473876452,0.005193629316039387
0.1,0.5999153674659646,0.06833333333333333,0.009600000000000001,0.05999153674659215,0.2302943710875754,2.9028590783416752,0.014333953269428906,0.005309994312109282,0.03995099473876452,0.007605390966429126
0.1,0.5999153674659646,0.06833333333333333,0.0112,0.05999153674659215,0.2302943710875754,2.9028590783416752,0.014333953269428906,0.005309994312109282,0.03995099473876452,0.010555372417939496
0.1,0.5999153674659646,0.06833333333333333,0.0128,0.05999153674659215,0.2302943710875754,2.9028590783416752,0.014333953269428906,0.005309994312109282,0.03995099473876452,0.014093432512004485
0.1,0.5999153674659646,0.06833333333333333,0.014400000000000001,0.05999153674659215,0.2302943710875754,2.9028590783416752,0.014333953269428906,0.005309994312109282,0.03995099473876452,0.018277100681047903
0.1,0.5999153674659646,0.06833333333333333,0.016,0.05999153674659215,0.2302943710875754,2.9028590783416752,0.014333953269428906,0.005309994312109282,0.03995099473876452,0.02317157694848342
0.1,0.5999153674659646,0.09,0.0,0.05999153674659215,0.2302943710875754,2.9028590783416752,0.014484107493846776,0.005365618748900112,0.040369498309758826,0.0
0.1,0.5999153674659646,0.09,0.0016,0.05999153674659215,0.2302943710875754,2.9028590783416752,0.014484107493846776,0.005365618748900112,0.040369498309758826,0.00020217044753527224
0.1,0.5999153674659646,0.09,0.0032,0.05999153674659215,0.2302943710875754,2.9028590783416752,0.014484107493846776,0.005365618748900112,0.040369498309758826,0.0008125572619788258
0.1,0.5999153674659646,0.09,0.0048000000000000004,0.05999153674659215,0.2302943710875754,2.9028590783416752,0.014484107493846776,0.005365618748900112,0.040369498309758826,0.0018427868588438714
0.1,0.5999153674659646,0.09,0.0064,0.05999153674659215,0.2302943710875754,2.9028590783416752,0.014484107493846776,0.005365618748900112,0.040369498309758826,0.0033122365973190927
0.1,0.5999153674659646,0.09,0.008,0.05999153674659215,0.2302943710875754,2.9028590783416752,0.014484107493846776,0.005365618748900112,0.040369498309758826,0.005248034780268648
0.1,0.5999153674659646,0.09,0.009600000000000001,0.05999153674659215,0.2302943710875754,2.9028590783416752,0.014484107493846776,0.005365618748900112,0.040369498309758826,0.00768506065423217
0.1,0.5999153674659646,0.09,0.0112,0.05999153674659215,0.2302943710875754,2.9028590783416752,0.014484107493846776,0.005365618748900112,0.040369498309758826,0.010665944409424758
0.1,0.5999153674659646,0.09,0.0128,0.05999153674659215,0.2302943710875754,2.9028590783416752,0.014484107493846776,0.005365618748900112,0.040369498309758826,0.014241067179737004
0.1,0.5999153674659646,0.09,0.014400000000000001,0.05999153674659215,0.2302943710875754,2.9028590783416752,0.014484107493846776,0.005365618748900112,0.040369498309758826,0.01846856104273495
0.1,0.5999153674659646,0.09,0.016,0.05999153674659215,0.2302943710875754,2.9028590783416752,0.014484107493846776,0.005365618748900112,0.040369498309758826,0.02341430901966012
0.12,0.5999153674659646,0.025,0.0,0.07198984409591057,0.2763532453050904,2.9028590783416752,0.0168403737847118,0.0062384945262331445,0.04693678511613108,0.0
0.12,0.5999153674659646,0.025,0.0016,0.07198984409591057,0.2763532453050904,2.9028590783416752,0.0168403737847118,0.0062384945262331445,0.04693678511613108,0.0002350594198615845
0.12,0.5999153674659646,0.025,0.0032,0.07198984409591057,0.2763532453050904,2.9028590783416752,0.0168403737847118,0.0062384945262331445,0.04693678511613108,0.0009447436108174865
0.12,0.5999153674659646,0.025,0.0048000000000000004,0.07198984409591057,0.2763532453050904,2.9028590783416752,0.0168403737847118,0.0062384945262331445,0.04693678511613108,0.0021425703669811524
0.12,0.5999153674659646,0.025,0.0064,0.07198984409591057,0.2763532453050904,2.9028590783416752,0.0168403737847118,0.0062384945262331445,0.04693678511613108,0.0038510693452083232
0.12,0.5999153674659646,0.025,0.008,0.07198984409591057,0.2763532453050904,2.9028590783416752,0.0168403737847118,0.0062384945262331445,0.04693678511613108,0.006101782065097041
0.12,0.5999153674659646,0.025,0.009600000000000001,0.07198984409591057,0.2763532453050904,2.9028590783416752,0.0168403737847118,0.0062384945262331445,0.04693678511613108,0.008935261908987644
0.12,0.5999153674659646,0.025,0.0112,0.07198984409591057,0.2763532453050904,2.9028590783416752,0.0168403737847118,0.0062384945262331445,0.04693678511613108,0.012401074121962759
0.12,0.5999153674659646,0.025,0.0128,0.07198984409591057,0.2763532453050904,2.9028590783416752,0.0168403737847118,0.0062384945262331445,0.04693678511613108,0.016557795811847333
0.12,0.5999153674659646,0.025,0.014400000000000001,0.07198984409591057,0.2763532453050904,2.9028590783416752,0.0168403737847118,0.0062384945262331445,0.04693678511613108,0.021473015949208574
0.12,0.5999153674659646,0.025,0.016,0.07198984409591057,0.2763532453050904,2.9028590783416752,0.0168403737847118,0.0062384945262331445,0.04693678511613108,0.027223335367356025
0.12,0.5999153674659646,0.04666666666666667,0.0,0.07198984409591057,0.2763532453050904,2.9028590783416752,0.017020558854013247,0.006305243850382142,0.04743898940132426,0.0
0.12,0.5999153674659646,0.04666666666666667,0.0016,0.07198984409591057,0.2763532453050904,2.9028590783416752,0.017020558854013247,0.006305243850382142,0.04743898940132426,0.00023757445892183193
0.12,0.5999153674659646,0.04666666666666667,0.0032,0.07198984409591057,0.2763532453050904,2.9028590783416752,0.017020558854013247,0.006305243850382142,0.04743898940132426,0.000954851978669855
0.12,0.5999153674659646,0.04666666666666667,0.0048000000000000004,0.07198984409591057,0.2763532453050904,2.9028590783416752,0.017020558854013247,0.006305243850382142,0.04743898940132426,0.0021654949881916505
0.12,0.5999153674659646,0.04666666666666667,0.0064,0.07198984409591057,0.2763532453050904,2.9028590783416752,0.017020558854013247,0.006305243850382142,0.04743898940132426,0.0038922742023998536
0.12,0.5999153674659646,0.04666666666666667,0.008,0.07198984409591057,0.2763532453050904,2.9028590783416752,0.017020558854013247,0.006305243850382142,0.04743898940132426,0.006167068622172154
0.12,0.5999153674659646,0.04666666666666667,0.009600000000000001,0.07198984409591057,0.2763532453050904,2.9028590783416752,0.017020558854013247,0.006305243850382142,0.04743898940132426,0.009030865534351298
0.12,0.5999153674659646,0.04666666666666667,0.0112,0.07198984409591057,0.2763532453050904,2.9028590783416752,0.017020558854013247,0.006305243850382142,0.04743898940132426,0.012533760511745078
0.12,0.5999153674659646,0.04666666666666667,0.0128,0.07198984409591057,0.2763532453050904,2.9028590783416752,0.017020558854013247,0.006305243850382142,0.04743898940132426,0.01673495741312636
0.12,0.5999153674659646,0.04666666666666667,0.014400000000000001,0.07198984409591057,0.2763532453050904,2.9028590783416752,0.017020558854013247,0.006305243850382142,0.04743898940132426,0.021702768383233033
0.12,0.5999153674659646,0.04666666666666667,0.016,0.07198984409591057,0.2763532453050904,2.9028590783416752,0.017020558854013247,0.006305243850382142,0.04743898940132426,0.02751461385276807
0.12,0.5999153674659646,0.06833333333333333,0.0,0.07198984409591057,0.2763532453050904,2.9028590783416752,0.017200743923314686,0.006371993174531138,0.047941193686517426,0.0
0.12,0.5999153674659646,0.06833333333333333,0.0016,0.07198984409591057,0.2763532453050904,2.9028590783416752,0.017200743923314686,0.006371993174531138,0.047941193686517426,0.00024008949798207932
0.12,0.5999153674659646,0.06833333333333333,0.0032,0.07198984409591057,0.2763532453050904,2.9028590783416752,0.017200743923314686,0.006371993174531138,0.047941193686517426,0.000964960346522223
0.12,0.5999153674659646,0.06833333333333333,0.0048000000000000004,0.07198984409591057,0.2763532453050904,2.9028590783416752,0.017200743923314686,0.006371993174531138,0.047941193686517426,0.002188419609402148
0.12,0.5999153674659646,0.06833333333333333,0.0064,0.07198984409591057,0.2763532453050904,2.9028590783416752,0.017200743923314686,0.006371993174531138,0.047941193686517426,0.003933479059591382
0.12,0.5999153674659646,0.06833333333333333,0.008,0.07198984409591057,0.2763532453050904,2.9028590783416752,0.017200743923314686,0.006371993174531138,0.047941193686517426,0.006232355179247266
0.12,0.5999153674659646,0.06833333333333333,0.009600000000000001,0.07198984409591057,0.2763532453050904,2.9028590783416752,0.017200743923314686,0.006371993174531138,0.047941193686517426,0.009126469159714951
0.12,0.5999153674659646,0.06833333333333333,0.0112,0.07198984409591057,0.2763532453050904,2.9028590783416752,0.017200743923314686,0.006371993174531138,0.047941193686517426,0.012666446901527394
0.12,0.5999153674659646,0.06833333333333333,0.0128,0.07198984409591057,0.2763532453050904,2.9028590783416752,0.017200743923314686,0.006371993174531138,0.047941193686517426,0.016912119014405383
0.12,0.5999153674659646,0.06833333333333333,0.014400000000000001,0.07198984409591057,0.2763532453050904,2.9028590783416752,0.017200743923314686,0.006371993174531138,0.047941193686517426,0.021932520817257488
0.12,0.5999153674659646,0.06833333333333333,0.016,0.07198984409591057,0.2763532453050904,2.9028590783416752,0.017200743923314686,0.006371993174531138,0.047941193686517426,0.027805892338180108
0.12,0.5999153674659646,0.09,0.0,0.07198984409591057,0.2763532453050904,2.9028590783416752,0.01738092899261613,0.006438742498680134,0.04844339797171059,0.0
0.12,0.5999153674659646,0.09,0.0016,0.07198984409591057,0.2763532453050904,2.9028590783416752,0.01738092899261613,0.006438742498680134,0.04844339797171059,0.0002426045370423267
0.12,0.5999153674659646,0.09,0.0032,0.07198984409591057,0.2763532453050904,2.9028590783416752,0.01738092899261613,0.006438742498680134,0.04844339797171059,0.000975068714374591
0.12,0.5999153674659646,0.09,0.0048000000000000004,0.07198984409591057,0.2763532453050904,2.9028590783416752,0.01738092899261613,0.006438742498680134,0.04844339797171059,0.002211344230612646
0.12,0.5999153674659646,0.09,0.0064,0.07198984409591057,0.2763532453050904,2.9028590783416752,0.01738092899261613,0.006438742498680134,0.04844339797171059,0.003974683916782911
0.12,0.5999153674659646,0.09,0.008,0.07198984409591057,0.2763532453050904,2.9028590783416752,0.01738092899261613,0.006438742498680134,0.04844339797171059,0.006297641736322377
0.12,0.5999153674659646,0.09,0.009600000000000001,0.07198984409591057,0.2763532453050904,2.9028590783416752,0.01738092899261613,0.006438742498680134,0.04844339797171059,0.009222072785078604
0.12,0.5999153674659646,0.09,0.0112,0.07198984409591057,0.2763532453050904,2.9028590783416752,0.01738092899261613,0.006438742498680134,0.04844339797171059,0.012799133291309711
0.12,0.5999153674659646,0.09,0.0128,0.07198984409591057,0.2763532453050904,2.9028590783416752,0.01738092899261613,0.006438742498680134,0.04844339797171059,0.017089280615684405
0.12,0.5999153674659646,0.09,0.014400000000000001,0.07198984409591057,0.2763532453050904,2.9028590783416752,0.01738092899261613,0.006438742498680134,0.04844339797171059,0.022162273251281936
0.12,0.5999153674659646,0.09,0.016,0.07198984409591057,0.2763532453050904,2.9028590783416752,0.01738092899261613,0.006438742498680134,0.04844339797171059,0.028097170823592144
0.14,0.5999153674659646,0.025,0.0,0.083988151445229,0.32241211952260557,2.9028590783416752,0.019647102748830438,0.00727824361393867,0.05475958263548627,0.0
0.14,0.5999153674659646,0.025,0.0016,0.083988151445229,0.32241211952260557,2.9028590783416752,0.019647102748830438,0.00727824361393867,0.05475958263548627,0.0002742359898385153
0.14,0.5999153674659646,0.025,0.0032,0.083988151445229,0.32241211952260557,2.9028590783416752,0.019647102748830438,0.00727824361393867,0.05475958263548627,0.0011022008792870679
0.14,0.5999153674659646,0.025,0.0048000000000000004,0.083988151445229,0.32241211952260557,2.9028590783416752,0.019647102748830438,0.00727824361393867,0.05475958263548627,0.002499665428144678
0.14,0.5999153674659646,0.025,0.0064,0.083988151445229,0.32241211952260557,2.9028590783416752,0.019647102748830438,0.00727824361393867,0.05475958263548627,0.004492914236076379
0.14,0.5999153674659646,0.025,0.008,0.083988151445229,0.32241211952260557,2.9028590783416752,0.019647102748830438,0.00727824361393867,0.05475958263548627,0.007118745742613215
0.14,0.5999153674659646,0.025,0.009600000000000001,0.083988151445229,0.32241211952260557,2.9028590783416752,0.019647102748830438,0.00727824361393867,0.05475958263548627,0.010424472227152254
0.14,0.5999153674659646,0.025,0.0112,0.083988151445229,0.32241211952260557,2.9028590783416752,0.019647102748830438,0.00727824361393867,0.05475958263548627,0.014467919808956554
0.14,0.5999153674659646,0.025,0.0128,0.083988151445229,0.32241211952260557,2.9028590783416752,0.019647102748830438,0.00727824361393867,0.05475958263548627,0.019317428447155224
0.14,0.5999153674659646,0.025,0.014400000000000001,0.083988151445229,0.32241211952260557,2.9028590783416752,0.019647102748830438,0.00727824361393867,0.05475958263548627,0.025051851940743344
0.14,0.5999153674659646,0.025,0.016,0.083988151445229,0.32241211952260557,2.9028590783416752,0.019647102748830438,0.00727824361393867,0.05475958263548627,0.03176055792858204
0.14,0.5999153674659646,0.04666666666666667,0.0,0.083988151445229,0.32241211952260557,2.9028590783416752,0.019857318663015457,0.007356117825445834,0.05534548763487831,0.0
0.14,0.5999153674659646,0.04666666666666667,0.0016,0.083988151445229,0.32241211952260557,2.9028590783416752,0.019857318663015457,0.007356117825445834,0.05534548763487831,0.00027717020207547065
0.14,0.5999153674659646,0.04666666666666667,0.0032,0.083988151445229,0.32241211952260557,2.9028590783416752,0.019857318663015457,0.007356117825445834,0.05534548763487831,0.0011139939751148309
0.14,0.5999153674659646,0.04666666666666667,0.0048000000000000004,0.083988151445229,0.32241211952260557,2.9028590783416752,0.019857318663015457,0.007356117825445834,0.05534548763487831,0.002526410819556926
0.14,0.5999153674659646,0.04666666666666667,0.0064,0.083988151445229,0.32241211952260557,2.9028590783416752,0.019857318663015457,0.007356117825445834,0.05534548763487831,0.004540986569466497
0.14,0.5999153674659646,0.04666666666666667,0.008,0.083988151445229,0.32241211952260557,2.9028590783416752,0.019857318663015457,0.007356117825445834,0.05534548763487831,0.00719491339253418
0.14,0.5999153674659646,0.04666666666666667,0.009600000000000001,0.083988151445229,0.32241211952260557,2.9028590783416752,0.019857318663015457,0.007356117825445834,0.05534548763487831,0.010536009790076517
0.14,0.5999153674659646,0.04666666666666667,0.0112,0.083988151445229,0.32241211952260557,2.9028590783416752,0.019857318663015457,0.007356117825445834,0.05534548763487831,0.014622720597035926
0.14,0.5999153674659646,0.04666666666666667,0.0128,0.083988151445229,0.32241211952260557,2.9028590783416752,0.019857318663015457,0.007356117825445834,0.05534548763487831,0.019524116981980758
0.14,0.5999153674659646,0.04666666666666667,0.014400000000000001,0.083988151445229,0.32241211952260557,2.9028590783416752,0.019857318663015457,0.007356117825445834,0.05534548763487831,0.02531989644710521
0.14,0.5999153674659646,0.04666666666666667,0.016,0.083988151445229,0.32241211952260557,2.9028590783416752,0.019857318663015457,0.007356117825445834,0.05534548763487831,0.03210038282822942
0.14,0.5999153674659646,0.06833333333333333,0.0,0.083988151445229,0.32241211952260557,2.9028590783416752,0.020067534577200473,0.007433992036952996,0.05593139263427034,0.0
0.14,0.5999153674659646,0.06833333333333333,0.0016,0.083988151445229,0.32241211952260557,2.9028590783416752,0.020067534577200473,0.007433992036952996,0.05593139263427034,0.0002801044143124259
0.14,0.5999153674659646,0.06833333333333333,0.0032,0.083988151445229,0.32241211952260557,2.9028590783416752,0.020067534577200473,0.007433992036952996,0.05593139263427034,0.0011257870709425937
0.14,0.5999153674659646,0.06833333333333333,0.0048000000000000004,0.083988151445229,0.32241211952260557,2.9028590783416752,0.020067534577200473,0.007433992036952996,0.05593139263427034,0.002553156210969173
0.14,0.5999153674659646,0.06833333333333333,0.0064,0.083988151445229,0.32241211952260557,2.9028590783416752,0.020067534577200473,0.007433992036952996,0.05593139263427034,0.004589058902856613
0.14,0.5999153674659646,0.06833333333333333,0.008,0.083988151445229,0.32241211952260557,2.9028590783416752,0.020067534577200473,0.007433992036952996,0.05593139263427034,0.007271081042455144
0.14,0.5999153674659646,0.06833333333333333,0.009600000000000001,0.083988151445229,0.32241211952260557,2.9028590783416752,0.020067534577200473,0.007433992036952996,0.05593139263427034,0.01064754735300078
0.14,0.5999153674659646,0.06833333333333333,0.0112,0.083988151445229,0.32241211952260557,2.9028590783416752,0.020067534577200473,0.007433992036952996,0.05593139263427034,0.014777521385115297
0.14,0.5999153674659646,0.06833333333333333,0.0128,0.083988151445229,0.32241211952260557,2.9028590783416752,0.020067534577200473,0.007433992036952996,0.05593139263427034,0.019730805516806282
0.14,0.5999153674659646,0.06833333333333333,0.014400000000000001,0.083988151445229,0.32241211952260557,2.9028590783416752,0.020067534577200473,0.007433992036952996,0.05593139263427034,0.025587940953467073
0.14,0.5999153674659646,0.06833333333333333,0.016,0.083988151445229,0.32241211952260557,2.9028590783416752,0.020067534577200473,0.007433992036952996,0.05593139263427034,0.0324402077278768
0.14,0.5999153674659646,0.09,0.0,0.083988151445229,0.32241211952260557,2.9028590783416752,0.02027775049138549,0.007511866248460158,0.05651729763366237,0.0
0.14,0.5999153674659646,0.09,0.0016,0.083988151445229,0.32241211952260557,2.9028590783416752,0.02027775049138549,0.007511866248460158,0.05651729763366237,0.0002830386265493812
0.14,0.5999153674659646,0.09,0.0032,0.083988151445229,0.32241211952260557,2.9028590783416752,0.02027775049138549,0.007511866248460158,0.05651729763366237,0.0011375801667703564
0.14,0.5999153674659646,0.09,0.0048000000000000004,0.083988151445229,0.32241211952260557,2.9028590783416752,0.02027775049138549,0.007511866248460158,0.05651729763366237,0.0025799016023814202
0.14,0.5999153674659646,0.09,0.0064,0.083988151445229,0.32241211952260557,2.9028590783416752,0.02027775049138549,0.007511866248460158,0.05651729763366237,0.0046371312362467314
0.14,0.5999153674659646,0.09,0.008,0.083988151445229,0.32241211952260557,2.9028590783416752,0.02027775049138549,0.007511866248460158,0.05651729763366237,0.007347248692376108
0.14,0.5999153674659646,0.09,0.009600000000000001,0.083988151445229,0.32241211952260557,2.9028590783416752,0.02027775049138549,0.007511866248460158,0.05651729763366237,0.01075908491592504
0.14,0.5999153674659646,0.09,0.0112,0.083988151445229,0.32241211952260557,2.9028590783416752,0.02027775049138549,0.007511866248460158,0.05651729763366237,0.014932322173194665
0.14,0.5999153674659646,0.09,0.0128,0.083988151445229,0.32241211952260557,2.9028590783416752,0.02027775049138549,0.007511866248460158,0.05651729763366237,0.01993749405163181
0.14,0.5999153674659646,0.09,0.014400000000000001,0.083988151445229,0.32241211952260557,2.9028590783416752,0.02027775049138549,0.007511866248460158,0.05651729763366237,0.02585598545982893
0.14,0.5999153674659646,0.09,0.016,0.083988151445229,0.32241211952260557,2.9028590783416752,0.02027775049138549,0.007511866248460158,0.05651729763366237,0.03278003262752417
0.16,0.5999153674659646,0.025,0.0,0.09598645879454744,0.3684709937401206,2.9028590783416752,0.02245383171294907,0.008317992701644194,0.06258238015484145,0.0
0.16,0.5999153674659646,0.025,0.0016,0.09598645879454744,0.3684709937401206,2.9028590783416752,0.02245383171294907,0.008317992701644194,0.06258238015484145,0.00031341255981544606
0.16,0.5999153674659646,0.025,0.0032,0.09598645879454744,0.3684709937401206,2.9028590783416752,0.02245383171294907,0.008317992701644194,0.06258238015484145,0.001259658147756649
0.16,0.5999153674659646,0.025,0.0048000000000000004,0.09598645879454744,0.3684709937401206,2.9028590783416752,0.02245383171294907,0.008317992701644194,0.06258238015484145,0.0028567604893082036
0.16,0.5999153674659646,0.025,0.0064,0.09598645879454744,0.3684709937401206,2.9028590783416752,0.02245383171294907,0.008317992701644194,0.06258238015484145,0.005134759126944432
0.16,0.5999153674659646,0.025,0.008,0.09598645879454744,0.3684709937401206,2.9028590783416752,0.02245383171294907,0.008317992701644194,0.06258238015484145,0.00813570942012939
0.16,0.5999153674659646,0.025,0.009600000000000001,0.09598645879454744,0.3684709937401206,2.9028590783416752,0.02245383171294907,0.008317992701644194,0.06258238015484145,0.011913682545316861
0.16,0.5999153674659646,0.025,0.0112,0.09598645879454744,0.3684709937401206,2.9028590783416752,0.02245383171294907,0.008317992701644194,0.06258238015484145,0.016534765495950347
0.16,0.5999153674659646,0.025,0.0128,0.09598645879454744,0.3684709937401206,2.9028590783416752,0.02245383171294907,0.008317992701644194,0.06258238015484145,0.022077061082463115
0.16,0.5999153674659646,0.025,0.014400000000000001,0.09598645879454744,0.3684709937401206,2.9028590783416752,0.02245383171294907,0.008317992701644194,0.06258238015484145,0.028630687932278107
0.16,0.5999153674659646,0.025,0.016,0.09598645879454744,0.3684709937401206,2.9028590783416752,0.02245383171294907,0.008317992701644194,0.06258238015484145,0.03629778048980804
0.16,0.5999153674659646,0.04666666666666667,0.0,0.09598645879454744,0.3684709937401206,2.9028590783416752,0.022694078472017664,0.008406991800509524,0.06325198586843235,0.0
0.16,0.5999153674659646,0.04666666666666667,0.0016,0.09598645879454744,0.3684709937401206,2.9028590783416752,0.022694078472017664,0.008406991800509524,0.06325198586843235,0.0003167659452291093
0.16,0.5999153674659646,0.04666666666666667,0.0032,0.09598645879454744,0.3684709937401206,2.9028590783416752,0.022694078472017664,0.008406991800509524,0.06325198586843235,0.0012731359715598067
0.16,0.5999153674659646,0.04666666666666667,0.0048000000000000004,0.09598645879454744,0.3684709937401206,2.9028590783416752,0.022694078472017664,0.008406991800509524,0.06325198586843235,0.0028873266509222006
0.16,0.5999153674659646,0.04666666666666667,0.0064,0.09598645879454744,0.3684709937401206,2.9028590783416752,0.022694078472017664,0.008406991800509524,0.06325198586843235,0.005189698936533139
0.16,0.5999153674659646,0.04666666666666667,0.008,0.09598645879454744,0.3684709937401206,2.9028590783416752,0.022694078472017664,0.008406991800509524,0.06325198586843235,0.008222758162896205
0.16,0.5999153674659646,0.04666666666666667,0.009600000000000001,0.09598645879454744,0.3684709937401206,2.9028590783416752,0.022694078472017664,0.008406991800509524,0.06325198586843235,0.012041154045801732
0.16,0.5999153674659646,0.04666666666666667,0.0112,0.09598645879454744,0.3684709937401206,2.9028590783416752,0.022694078472017664,0.008406991800509524,0.06325198586843235,0.01671168068232677
0.16,0.5999153674659646,0.04666666666666667,0.0128,0.09598645879454744,0.3684709937401206,2.9028590783416752,0.022694078472017664,0.008406991800509524,0.06325198586843235,0.02231327655083515
0.16,0.5999153674659646,0.04666666666666667,0.014400000000000001,0.09598645879454744,0.3684709937401206,2.9028590783416752,0.022694078472017664,0.008406991800509524,0.06325198586843235,0.02893702451097738
0.16,0.5999153674659646,0.04666666666666667,0.016,0.09598645879454744,0.3684709937401206,2.9028590783416752,0.022694078472017664,0.008406991800509524,0.06325198586843235,0.03668615180369077
0.16,0.5999153674659646,0.06833333333333333,0.0,0.09598645879454744,0.3684709937401206,2.9028590783416752,0.022934325231086253,0.008495990899374853,0.06392159158202325,0.0
0.16,0.5999153674659646,0.06833333333333333,0.0016,0.09598645879454744,0.3684709937401206,2.9028590783416752,0.022934325231086253,0.008495990899374853,0.06392159158202325,0.0003201193306427725
0.16,0.5999153674659646,0.06833333333333333,0.0032,0.09598645879454744,0.3684709937401206,2.9028590783416752,0.022934325231086253,0.008495990899374853,0.06392159158202325,0.0012866137953629643
0.16,0.5999153674659646,0.06833333333333333,0.0048000000000000004,0.09598645879454744,0.3684709937401206,2.9028590783416752,0.022934325231086253,0.008495990899374853,0.06392159158202325,0.002917892812536198
0.16,0.5999153674659646,0.06833333333333333,0.0064,0.09598645879454744,0.3684709937401206,2.9028590783416752,0.022934325231086253,0.008495990899374853,0.06392159158202325,0.005244638746121845
0.16,0.5999153674659646,0.06833333333333333,0.008,0.09598645879454744,0.3684709937401206,2.9028590783416752,0.022934325231086253,0.008495990899374853,0.06392159158202325,0.008309806905663023
0.16,0.5999153674659646,0.06833333333333333,0.009600000000000001,0.09598645879454744,0.3684709937401206,2.9028590783416752,0.022934325231086253,0.008495990899374853,0.06392159158202325,0.012168625546286607
0.16,0.5999153674659646,0.06833333333333333,0.0112,0.09598645879454744,0.3684709937401206,2.9028590783416752,0.022934325231086253,0.008495990899374853,0.06392159158202325,0.016888595868703195
0.16,0.5999153674659646,0.06833333333333333,0.0128,0.09598645879454744,0.3684709937401206,2.9028590783416752,0.022934325231086253,0.008495990899374853,0.06392159158202325,0.022549492019207182
0.16,0.5999153674659646,0.06833333333333333,0.014400000000000001,0.09598645879454744,0.3684709937401206,2.9028590783416752,0.022934325231086253,0.008495990899374853,0.06392159158202325,0.029243361089676657
0.16,0.5999153674659646,0.06833333333333333,0.016,0.09598645879454744,0.3684709937401206,2.9028590783416752,0.022934325231086253,0.008495990899374853,0.06392159158202325,0.037074523117573484
0.16,0.5999153674659646,0.09,0.0,0.09598645879454744,0.3684709937401206,2.9028590783416752,0.02317457199015484,0.008584989998240181,0.06459119729561413,0.0
0.16,0.5999153674659646,0.09,0.0016,0.09598645879454744,0.3684709937401206,2.9028590783416752,0.02317457199015484,0.008584989998240181,0.06459119729561413,0.0003234727160564356
0.16,0.5999153674659646,0.09,0.0032,0.09598645879454744,0.3684709937401206,2.9028590783416752,0.02317457199015484,0.008584989998240181,0.06459119729561413,0.0013000916191661215
0.16,0.5999153674659646,0.09,0.0048000000000000004,0.09598645879454744,0.3684709937401206,2.9028590783416752,0.02317457199015484,0.008584989998240181,0.06459119729561413,0.0029484589741501947
0.16,0.5999153674659646,0.09,0.0064,0.09598645879454744,0.3684709937401206,2.9028590783416752,0.02317457199015484,0.008584989998240181,0.06459119729561413,0.005299578555710549
0.16,0.5999153674659646,0.09,0.008,0.09598645879454744,0.3684709937401206,2.9028590783416752,0.02317457199015484,0.008584989998240181,0.06459119729561413,0.008396855648429838
0.16,0.5999153674659646,0.09,0.009600000000000001,0.09598645879454744,0.3684709937401206,2.9028590783416752,0.02317457199015484,0.008584989998240181,0.06459119729561413,0.012296097046771474
0.16,0.5999153674659646,0.09,0.0112,0.09598645879454744,0.3684709937401206,2.9028590783416752,0.02317457199015484,0.008584989998240181,0.06459119729561413,0.017065511055079616
0.16,0.5999153674659646,0.09,0.0128,0.09598645879454744,0.3684709937401206,2.9028590783416752,0.02317457199015484,0.008584989998240181,0.06459119729561413,0.02278570748757921
0.16,0.5999153674659646,0.09,0.014400000000000001,0.09598645879454744,0.3684709937401206,2.9028590783416752,0.02317457199015484,0.008584989998240181,0.06459119729561413,0.02954969766837592
0.16,0.5999153674659646,0.09,0.016,0.09598645879454744,0.3684709937401206,2.9028590783416752,0.02317457199015484,0.008584989998240181,0.06459119729561413,0.0374628944314562
0.18,0.5999153674659646,0.025,0.0,0.10798476614386586,0.4145298679576357,2.9028590783416752,0.025260560677067705,0.009357741789349719,0.07040517767419664,0.0
0.18,0.5999153674659646,0.025,0.0016,0.10798476614386586,0.4145298679576357,2.9028590783416752,0.025260560677067705,0.009357741789349719,0.07040517767419664,0.0003525891297923769
0.18,0.5999153674659646,0.025,0.0032,0.10798476614386586,0.4145298679576357,2.9028590783416752,0.025260560677067705,0.009357741789349719,0.07040517767419664,0.0014171154162262304
0.18,0.5999153674659646,0.025,0.0048000000000000004,0.10798476614386586,0.4145298679576357,2.9028590783416752,0.025260560677067705,0.009357741789349719,0.07040517767419664,0.0032138555504717292
0.18,0.5999153674659646,0.025,0.0064,0.10798476614386586,0.4145298679576357,2.9028590783416752,0.025260560677067705,0.009357741789349719,0.07040517767419664,0.005776604017812487
0.18,0.5999153674659646,0.025,0.008,0.10798476614386586,0.4145298679576357,2.9028590783416752,0.025260560677067705,0.009357741789349719,0.07040517767419664,0.009152673097645564
0.18,0.5999153674659646,0.025,0.009600000000000001,0.10798476614386586,0.4145298679576357,2.9028590783416752,0.025260560677067705,0.009357741789349719,0.07040517767419664,0.013402892863481472
0.18,0.5999153674659646,0.025,0.0112,0.10798476614386586,0.4145298679576357,2.9028590783416752,0.025260560677067705,0.009357741789349719,0.07040517767419664,0.018601611182944143
0.18,0.5999153674659646,0.025,0.0128,0.10798476614386586,0.4145298679576357,2.9028590783416752,0.025260560677067705,0.009357741789349719,0.07040517767419664,0.024836693717771006
0.18,0.5999153674659646,0.025,0.014400000000000001,0.10798476614386586,0.4145298679576357,2.9028590783416752,0.025260560677067705,0.009357741789349719,0.07040517767419664,0.03220952392381288
0.18,0.5999153674659646,0.025,0.016,0.10798476614386586,0.4145298679576357,2.9028590783416752,0.025260560677067705,0.009357741789349719,0.07040517767419664,0.040835003051034054
0.18,0.5999153674659646,0.04666666666666667,0.0,0.10798476614386586,0.4145298679576357,2.9028590783416752,0.025530838281019874,0.009457865775573214,0.0711584841019864,0.0
0.18,0.5999153674659646,0.04666666666666667,0.0016,0.10798476614386586,0.4145298679576357,2.9028590783416752,0.025530838281019874,0.009457865775573214,0.0711584841019864,0.00035636168838274797
0.18,0.5999153674659646,0.04666666666666667,0.0032,0.10798476614386586,0.4145298679576357,2.9028590783416752,0.025530838281019874,0.009457865775573214,0.0711584841019864,0.0014322779680047825
0.18,0.5999153674659646,0.04666666666666667,0.0048000000000000004,0.10798476614386586,0.4145298679576357,2.9028590783416752,0.025530838281019874,0.009457865775573214,0.0711584841019864,0.0032482424822874757
0.18,0.5999153674659646,0.04666666666666667,0.0064,0.10798476614386586,0.4145298679576357,2.9028590783416752,0.025530838281019874,0.009457865775573214,0.0711584841019864,0.0058384113035997815
0.18,0.5999153674659646,0.04666666666666667,0.008,0.10798476614386586,0.4145298679576357,2.9028590783416752,0.025530838281019874,0.009457865775573214,0.0711584841019864,0.009250602933258231
0.18,0.5999153674659646,0.04666666666666667,0.009600000000000001,0.10798476614386586,0.4145298679576357,2.9028590783416752,0.025530838281019874,0.009457865775573214,0.0711584841019864,0.013546298301526951
0.18,0.5999153674659646,0.04666666666666667,0.0112,0.10798476614386586,0.4145298679576357,2.9028590783416752,0.025530838281019874,0.009457865775573214,0.0711584841019864,0.018800640767617623
0.18,0.5999153674659646,0.04666666666666667,0.0128,0.10798476614386586,0.4145298679576357,2.9028590783416752,0.025530838281019874,0.009457865775573214,0.0711584841019864,0.025102436119689542
0.18,0.5999153674659646,0.04666666666666667,0.014400000000000001,0.10798476614386586,0.4145298679576357,2.9028590783416752,0.025530838281019874,0.009457865775573214,0.0711584841019864,0.03255415257484955
0.18,0.5999153674659646,0.04666666666666667,0.016,0.10798476614386586,0.4145298679576357,2.9028590783416752,0.025530838281019874,0.009457865775573214,0.0711584841019864,0.041271920779152114
0.18,0.5999153674659646,0.06833333333333333,0.0,0.10798476614386586,0.4145298679576357,2.9028590783416752,0.02580111588497204,0.009557989761796708,0.07191179052977616,0.0
0.18,0.5999153674659646,0.06833333333333333,0.0016,0.10798476614386586,0.4145298679576357,2.9028590783416752,0.02580111588497204,0.009557989761796708,0.07191179052977616,0.00036013424697311906
0.18,0.5999153674659646,0.06833333333333333,0.0032,0.10798476614386586,0.4145298679576357,2.9028590783416752,0.02580111588497204,0.009557989761796708,0.07191179052977616,0.0014474405197833348
0.18,0.5999153674659646,0.06833333333333333,0.0048000000000000004,0.10798476614386586,0.4145298679576357,2.9028590783416752,0.02580111588497204,0.009557989761796708,0.07191179052977616,0.0032826294141032226
0.18,0.5999153674659646,0.06833333333333333,0.0064,0.10798476614386586,0.4145298679576357,2.9028590783416752,0.02580111588497204,0.009557989761796708,0.07191179052977616,0.005900218589387075
0.18,0.5999153674659646,0.06833333333333333,0.008,0.10798476614386586,0.4145298679576357,2.9028590783416752,0.02580111588497204,0.009557989761796708,0.07191179052977616,0.0093485327688709
0.18,0.5999153674659646,0.06833333333333333,0.009600000000000001,0.10798476614386586,0.4145298679576357,2.9028590783416752,0.02580111588497204,0.009557989761796708,0.07191179052977616,0.01368970373957243
0.18,0.5999153674659646,0.06833333333333333,0.0112,0.10798476614386586,0.4145298679576357,2.9028590783416752,0.02580111588497204,0.009557989761796708,0.07191179052977616,0.018999670352291095
0.18,0.5999153674659646,0.06833333333333333,0.0128,0.10798476614386586,0.4145298679576357,2.9028590783416752,0.02580111588497204,0.009557989761796708,0.07191179052977616,0.02536817852160808
0.18,0.5999153674659646,0.06833333333333333,0.014400000000000001,0.10798476614386586,0.4145298679576357,2.9028590783416752,0.02580111588497204,0.009557989761796708,0.07191179052977616,0.032898781225886235
0.18,0.5999153674659646,0.06833333333333333,0.016,0.10798476614386586,0.4145298679576357,2.9028590783416752,0.02580111588497204,0.009557989761796708,0.07191179052977616,0.04170883850727017
0.18,0.5999153674659646,0.09,0.0,0.10798476614386586,0.4145298679576357,2.9028590783416752,0.0260713934889242,0.009658113748020204,0.07266509695756591,0.0
0.18,0.5999153674659646,0.09,0.0016,0.10798476614386586,0.4145298679576357,2.9028590783416752,0.0260713934889242,0.009658113748020204,0.07266509695756591,0.00036390680556349015
0.18,0.5999153674659646,0.09,0.0032,0.10798476614386586,0.4145298679576357,2.9028590783416752,0.0260713934889242,0.009658113748020204,0.07266509695756591,0.0014626030715618869
0.18,0.5999153674659646,0.09,0.0048000000000000004,0.10798476614386586,0.4145298679576357,2.9028590783416752,0.0260713934889242,0.009658113748020204,0.07266509695756591,0.0033170163459189696
0.18,0.5999153674659646,0.09,0.0064,0.10798476614386586,0.4145298679576357,2.9028590783416752,0.0260713934889242,0.009658113748020204,0.07266509695756591,0.005962025875174369
0.18,0.5999153674659646,0.09,0.008,0.10798476614386586,0.4145298679576357,2.9028590783416752,0.0260713934889242,0.009658113748020204,0.07266509695756591,0.009446462604483568
0.18,0.5999153674659646,0.09,0.009600000000000001,0.10798476614386586,0.4145298679576357,2.9028590783416752,0.0260713934889242,0.009658113748020204,0.07266509695756591,0.013833109177617911
0.18,0.5999153674659646,0.09,0.0112,0.10798476614386586,0.4145298679576357,2.9028590783416752,0.0260713934889242,0.009658113748020204,0.07266509695756591,0.01919869993696457
0.18,0.5999153674659646,0.09,0.0128,0.10798476614386586,0.4145298679576357,2.9028590783416752,0.0260713934889242,0.009658113748020204,0.07266509695756591,0.025633920923526617
0.18,0.5999153674659646,0.09,0.014400000000000001,0.10798476614386586,0.4145298679576357,2.9028590783416752,0.0260713934889242,0.009658113748020204,0.07266509695756591,0.03324340987692292
0.18,0.5999153674659646,0.09,0.016,0.10798476614386586,0.4145298679576357,2.9028590783416752,0.0260713934889242,0.009658113748020204,0.07266509695756591,0.04214575623538823
0.06,0.8,0.025,0.0,0.04799999997321239,0.16964017349550606,3.6273362244786407,0.0069454429559506516,0.0020317478400959034,0.01939758202273505,0.0
0.06,0.8,0.025,0.0016,0.04799999997321239,0.16964017349550606,3.6273362244786407,0.0069454429559506516,0.0020317478400959034,0.01939758202273505,9.714309076985715e-05
0.06,0.8,0.025,0.0032,0.04799999997321239,0.16964017349550606,3.6273362244786407,0.0069454429559506516,0.0020317478400959034,0.01939758202273505,0.00039043453095361115
0.06,0.8,0.025,0.0048000000000000004,0.04799999997321239,0.16964017349550606,3.6273362244786407,0.0069454429559506516,0.0020317478400959034,0.01939758202273505,0.0008854608241738097
0.06,0.8,0.025,0.0064,0.04799999997321239,0.16964017349550606,3.6273362244786407,0.0069454429559506516,0.0020317478400959034,0.01939758202273505,0.0015915328098013658
0.06,0.8,0.025,0.008,0.04799999997321239,0.16964017349550606,3.6273362244786407,0.0069454429559506516,0.0020317478400959034,0.01939758202273505,0.0025216856629555564
0.06,0.8,0.025,0.009600000000000001,0.04799999997321239,0.16964017349550606,3.6273362244786407,0.0069454429559506516,0.0020317478400959034,0.01939758202273505,0.003692678894504027
0.06,0.8,0.025,0.0112,0.04799999997321239,0.16964017349550606,3.6273362244786407,0.0069454429559506516,0.0020317478400959034,0.01939758202273505,0.005124996351062781
0.06,0.8,0.025,0.0128,0.04799999997321239,0.16964017349550606,3.6273362244786407,0.0069454429559506516,0.0020317478400959034,0.01939758202273505,0.006842846214996199
0.06,0.8,0.025,0.014400000000000001,0.04799999997321239,0.16964017349550606,3.6273362244786407,0.0069454429559506516,0.0020317478400959034,0.01939758202273505,0.008874161004417012
0.06,0.8,0.025,0.016,0.04799999997321239,0.16964017349550606,3.6273362244786407,0.0069454429559506516,0.0020317478400959034,0.01939758202273505,0.01125059757318633
0.06,0.8,0.04666666666666667,0.0,0.04799999997321239,0.16964017349550606,3.6273362244786407,0.0070197563373723465,0.002053486705874708,0.019605128167834274,0.0
0.06,0.8,0.04666666666666667,0.0016,0.04799999997321239,0.16964017349550606,3.6273362244786407,0.0070197563373723465,0.002053486705874708,0.019605128167834274,9.818248186451406e-05
0.06,0.8,0.04666666666666667,0.0032,0.04799999997321239,0.16964017349550606,3.6273362244786407,0.0070197563373723465,0.002053486705874708,0.019605128167834274,0.0003946120197621683
0.06,0.8,0.04666666666666667,0.0048000000000000004,0.04799999997321239,0.16964017349550606,3.6273362244786407,0.0070197563373723465,0.002053486705874708,0.019605128167834274,0.0008949348906052993
0.06,0.8,0.04666666666666667,0.0064,0.04799999997321239,0.16964017349550606,3.6273362244786407,0.0070197563373723465,0.002053486705874708,0.019605128167834274,0.0016085615559144667
0.06,0.8,0.04666666666666667,0.008,0.04799999997321239,0.16964017349550606,3.6273362244786407,0.0070197563373723465,0.002053486705874708,0.019605128167834274,0.0025486666618184557
0.06,0.8,0.04666666666666667,0.009600000000000001,0.04799999997321239,0.16964017349550606,3.6273362244786407,0.0070197563373723465,0.002053486705874708,0.019605128167834274,0.003732189039054276
0.06,0.8,0.04666666666666667,0.0112,0.04799999997321239,0.16964017349550606,3.6273362244786407,0.0070197563373723465,0.002053486705874708,0.019605128167834274,0.005179831702967157
0.06,0.8,0.04666666666666667,0.0128,0.04799999997321239,0.16964017349550606,3.6273362244786407,0.0070197563373723465,0.002053486705874708,0.019605128167834274,0.006916061853510562
0.06,0.8,0.04666666666666667,0.014400000000000001,0.04799999997321239,0.16964017349550606,3.6273362244786407,0.0070197563373723465,0.002053486705874708,0.019605128167834274,0.008969110875246168
0.06,0.8,0.04666666666666667,0.016,0.04799999997321239,0.16964017349550606,3.6273362244786407,0.0070197563373723465,0.002053486705874708,0.019605128167834274,0.01137097433734388
0.06,0.8,0.06833333333333333,0.0,0.04799999997321239,0.16964017349550606,3.6273362244786407,0.00709406971879404,0.0020752255716535114,0.019812674312933497,0.0
0.06,0.8,0.06833333333333333,0.0016,0.04799999997321239,0.16964017349550606,3.6273362244786407,0.00709406971879404,0.0020752255716535114,0.019812674312933497,9.922187295917098e-05
0.06,0.8,0.06833333333333333,0.0032,0.04799999997321239,0.16964017349550606,3.6273362244786407,0.00709406971879404,0.0020752255716535114,0.019812674312933497,0.00039878950857072555
0.06,0.8,0.06833333333333333,0.0048000000000000004,0.04799999997321239,0.16964017349550606,3.6273362244786407,0.00709406971879404,0.0020752255716535114,0.019812674312933497,0.0009044089570367886
0.06,0.8,0.06833333333333333,0.0064,0.04799999997321239,0.16964017349550606,3.6273362244786407,0.00709406971879404,0.0020752255716535114,0.019812674312933497,0.001625590302027568
0.06,0.8,0.06833333333333333,0.008,0.04799999997321239,0.16964017349550606,3.6273362244786407,0.00709406971879404,0.0020752255716535114,0.019812674312933497,0.0025756476606813546
0.06,0.8,0.06833333333333333,0.009600000000000001,0.04799999997321239,0.16964017349550606,3.6273362244786407,0.00709406971879404,0.0020752255716535114,0.019812674312933497,0.003771699183604525
0.06,0.8,0.06833333333333333,0.0112,0.04799999997321239,0.16964017349550606,3.6273362244786407,0.00709406971879404,0.0020752255716535114,0.019812674312933497,0.005234667054871533
0.06,0.8,0.06833333333333333,0.0128,0.04799999997321239,0.16964017349550606,3.6273362244786407,0.00709406971879404,0.0020752255716535114,0.019812674312933497,0.0069892774920249255
0.06,0.8,0.06833333333333333,0.014400000000000001,0.04799999997321239,0.16964017349550606,3.6273362244786407,0.00709406971879404,0.0020752255716535114,0.019812674312933497,0.00906406074607532
0.06,0.8,0.06833333333333333,0.016,0.04799999997321239,0.16964017349550606,3.6273362244786407,0.00709406971879404,0.0020752255716535114,0.019812674312933497,0.01149135110150143
0.06,0.8,0.09,0.0,0.04799999997321239,0.16964017349550606,3.6273362244786407,0.007168383100215734,0.0020969644374323154,0.020020220458032718,0.0
0.06,0.8,0.09,0.0016,0.04799999997321239,0.16964017349550606,3.6273362244786407,0.007168383100215734,0.0020969644374323154,0.020020220458032718,0.00010026126405382787
0.06,0.8,0.09,0.0032,0.04799999997321239,0.16964017349550606,3.6273362244786407,0.007168383100215734,0.0020969644374323154,0.020020220458032718,0.0004029669973792826
0.06,0.8,0.09,0.0048000000000000004,0.04799999997321239,0.16964017349550606,3.6273362244786407,0.007168383100215734,0.0020969644374323154,0.020020220458032718,0.0009138830234682778
0.06,0.8,0.09,0.0064,0.04799999997321239,0.16964017349550606,3.6273362244786407,0.007168383100215734,0.0020969644374323154,0.020020220458032718,0.0016426190481406689
0.06,0.8,0.09,0.008,0.04799999997321239,0.16964017349550606,3.6273362244786407,0.007168383100215734,0.0020969644374323154,0.020020220458032718,0.0026026286595442535
0.06,0.8,0.09,0.009600000000000001,0.04799999997321239,0.16964017349550606,3.6273362244786407,0.007168383100215734,0.0020969644374323154,0.020020220458032718,0.0038112093281547736
0.06,0.8,0.09,0.0112,0.04799999997321239,0.16964017349550606,3.6273362244786407,0.007168383100215734,0.0020969644374323154,0.020020220458032718,0.005289502406775908
0.06,0.8,0.09,0.0128,0.04799999997321239,0.16964017349550606,3.6273362244786407,0.007168383100215734,0.0020969644374323154,0.020020220458032718,0.007062493130539287
0.06,0.8,0.09,0.014400000000000001,0.04799999997321239,0.16964017349550606,3.6273362244786407,0.007168383100215734,0.0020969644374323154,0.020020220458032718,0.009159010616904472
0.06,0.8,0.09,0.016,0.04799999997321239,0.16964017349550606,3.6273362244786407,0.007168383100215734,0.0020969644374323154,0.020020220458032718,0.011611727865658976
0.08,0.8,0.025,0.0,0.06399999996428318,0.2261868979940081,3.6273362244786407,0.009260590607934202,0.002708997120127872,0.025863442696980068,0.0
0.08,0.8,0.025,0.0016,0.06399999996428318,0.2261868979940081,3.6273362244786407,0.009260590607934202,0.002708997120127872,0.025863442696980068,0.0001295241210264762
0.08,0.8,0.025,0.0032,0.06399999996428318,0.2261868979940081,3.6273362244786407,0.009260590607934202,0.002708997120127872,0.025863442696980068,0.0005205793746048149
0.08,0.8,0.025,0.0048000000000000004,0.06399999996428318,0.2261868979940081,3.6273362244786407,0.009260590607934202,0.002708997120127872,0.025863442696980068,0.0011806144322317465
0.08,0.8,0.025,0.0064,0.06399999996428318,0.2261868979940081,3.6273362244786407,0.009260590607934202,0.002708997120127872,0.025863442696980068,0.0021220437464018207
0.08,0.8,0.025,0.008,0.06399999996428318,0.2261868979940081,3.6273362244786407,0.009260590607934202,0.002708997120127872,0.025863442696980068,0.0033622475506074087
0.08,0.8,0.025,0.009600000000000001,0.06399999996428318,0.2261868979940081,3.6273362244786407,0.009260590607934202,0.002708997120127872,0.025863442696980068,0.0049235718593387025
0.08,0.8,0.025,0.0112,0.06399999996428318,0.2261868979940081,3.6273362244786407,0.009260590607934202,0.002708997120127872,0.025863442696980068,0.006833328468083709
0.08,0.8,0.025,0.0128,0.06399999996428318,0.2261868979940081,3.6273362244786407,0.009260590607934202,0.002708997120127872,0.025863442696980068,0.009123794953328266
0.08,0.8,0.025,0.014400000000000001,0.06399999996428318,0.2261868979940081,3.6273362244786407,0.009260590607934202,0.002708997120127872,0.025863442696980068,0.011832214672556018
0.08,0.8,0.025,0.016,0.06399999996428318,0.2261868979940081,3.6273362244786407,0.009260590607934202,0.002708997120127872,0.025863442696980068,0.015000796764248439
0.08,0.8,0.04666666666666667,0.0,0.06399999996428318,0.2261868979940081,3.6273362244786407,0.009359675116496463,0.002737982274499611,0.0261401708904457,0.0
0.08,0.8,0.04666666666666667,0.0016,0.06399999996428318,0.2261868979940081,3.6273362244786407,0.009359675116496463,0.002737982274499611,0.0261401708904457,0.0001309099758193521
0.08,0.8,0.04666666666666667,0.0032,0.06399999996428318,0.2261868979940081,3.6273362244786407,0.009359675116496463,0.002737982274499611,0.0261401708904457,0.0005261493596828912
0.08,0.8,0.04666666666666667,0.0048000000000000004,0.06399999996428318,0.2261868979940081,3.6273362244786407,0.009359675116496463,0.002737982274499611,0.0261401708904457,0.0011932465208070657
0.08,0.8,0.04666666666666667,0.0064,0.06399999996428318,0.2261868979940081,3.6273362244786407,0.009359675116496463,0.002737982274499611,0.0261401708904457,0.0021447487412192896
0.08,0.8,0.04666666666666667,0.008,0.06399999996428318,0.2261868979940081,3.6273362244786407,0.009359675116496463,0.002737982274499611,0.0261401708904457,0.0033982222157579412
0.08,0.8,0.04666666666666667,0.009600000000000001,0.06399999996428318,0.2261868979940081,3.6273362244786407,0.009359675116496463,0.002737982274499611,0.0261401708904457,0.004976252052072369
0.08,0.8,0.04666666666666667,0.0112,0.06399999996428318,0.2261868979940081,3.6273362244786407,0.009359675116496463,0.002737982274499611,0.0261401708904457,0.006906442270622877
0.08,0.8,0.04666666666666667,0.0128,0.06399999996428318,0.2261868979940081,3.6273362244786407,0.009359675116496463,0.002737982274499611,0.0261401708904457,0.009221415804680751
0.08,0.8,0.04666666666666667,0.014400000000000001,0.06399999996428318,0.2261868979940081,3.6273362244786407,0.009359675116496463,0.002737982274499611,0.0261401708904457,0.011958814500328223
0.08,0.8,0.04666666666666667,0.016,0.06399999996428318,0.2261868979940081,3.6273362244786407,0.009359675116496463,0.002737982274499611,0.0261401708904457,0.015161299116458506
0.08,0.8,0.06833333333333333,0.0,0.06399999996428318,0.2261868979940081,3.6273362244786407,0.00945875962505872,0.002766967428871349,0.02641689908391133,0.0
0.08,0.8,0.06833333333333333,0.0016,0.06399999996428318,0.2261868979940081,3.6273362244786407,0.00945875962505872,0.002766967428871349,0.02641689908391133,0.00013229583061222797
0.08,0.8,0.06833333333333333,0.0032,0.06399999996428318,0.2261868979940081,3.6273362244786407,0.00945875962505872,0.002766967428871349,0.02641689908391133,0.0005317193447609673
0.08,0.8,0.06833333333333333,0.0048000000000000004,0.06399999996428318,0.2261868979940081,3.6273362244786407,0.00945875962505872,0.002766967428871349,0.02641689908391133,0.0012058786093823847
0.08,0.8,0.06833333333333333,0.0064,0.06399999996428318,0.2261868979940081,3.6273362244786407,0.00945875962505872,0.002766967428871349,0.02641689908391133,0.0021674537360367573
0.08,0.8,0.06833333333333333,0.008,0.06399999996428318,0.2261868979940081,3.6273362244786407,0.00945875962505872,0.002766967428871349,0.02641689908391133,0.003434196880908473
0.08,0.8,0.06833333333333333,0.009600000000000001,0.06399999996428318,0.2261868979940081,3.6273362244786407,0.00945875962505872,0.002766967428871349,0.02641689908391133,0.005028932244806033
0.08,0.8,0.06833333333333333,0.0112,0.06399999996428318,0.2261868979940081,3.6273362244786407,0.00945875962505872,0.002766967428871349,0.02641689908391133,0.006979556073162044
0.08,0.8,0.06833333333333333,0.0128,0.06399999996428318,0.2261868979940081,3.6273362244786407,0.00945875962505872,0.002766967428871349,0.02641689908391133,0.009319036656033234
0.08,0.8,0.06833333333333333,0.014400000000000001,0.06399999996428318,0.2261868979940081,3.6273362244786407,0.00945875962505872,0.002766967428871349,0.02641689908391133,0.012085414328100428
0.08,0.8,0.06833333333333333,0.016,0.06399999996428318,0.2261868979940081,3.6273362244786407,0.00945875962505872,0.002766967428871349,0.02641689908391133,0.015321801468668572
0.08,0.8,0.09,0.0,0.06399999996428318,0.2261868979940081,3.6273362244786407,0.00955784413362098,0.0027959525832430875,0.02669362727737696,0.0
0.08,0.8,0.09,0.0016,0.06399999996428318,0.2261868979940081,3.6273362244786407,0.00955784413362098,0.0027959525832430875,0.02669362727737696,0.00013368168540510384
0.08,0.8,0.09,0.0032,0.06399999996428318,0.2261868979940081,3.6273362244786407,0.00955784413362098,0.0027959525832430875,0.02669362727737696,0.0005372893298390436
0.08,0.8,0.09,0.0048000000000000004,0.06399999996428318,0.2261868979940081,3.6273362244786407,0.00955784413362098,0.0027959525832430875,0.02669362727737696,0.0012185106979577037
0.08,0.8,0.09,0.0064,0.06399999996428318,0.2261868979940081,3.6273362244786407,0.00955784413362098,0.0027959525832430875,0.02669362727737696,0.0021901587308542254
0.08,0.8,0.09,0.008,0.06399999996428318,0.2261868979940081,3.6273362244786407,0.00955784413362098,0.0027959525832430875,0.02669362727737696,0.0034701715460590046
0.08,0.8,0.09,0.009600000000000001,0.06399999996428318,0.2261868979940081,3.6273362244786407,0.00955784413362098,0.0027959525832430875,0.02669362727737696,0.005081612437539698
0.08,0.8,0.09,0.0112,0.06399999996428318,0.2261868979940081,3.6273362244786407,0.00955784413362098,0.0027959525832430875,0.02669362727737696,0.0070526698757012105
0.08,0.8,0.09,0.0128,0.06399999996428318,0.2261868979940081,3.6273362244786407,0.00955784413362098,0.0027959525832430875,0.02669362727737696,0.009416657507385719
0.08,0.8,0.09,0.014400000000000001,0.06399999996428318,0.2261868979940081,3.6273362244786407,0.00955784413362098,0.0027959525832430875,0.02669362727737696,0.012212014155872631
0.08,0.8,0.09,0.016,0.06399999996428318,0.2261868979940081,3.6273362244786407,0.00955784413362098,0.0027959525832430875,0.02669362727737696,0.015482303820878637
0.1,0.8,0.025,0.0,0.07999999995535399,0.2827336224925101,3.6273362244786407,0.01157573825991775,0.003386246400159839,0.03232930337122508,0.0
0.1,0.8,0.025,0.0016,0.07999999995535399,0.2827336224925101,3.6273362244786407,0.01157573825991775,0.003386246400159839,0.03232930337122508,0.00016190515128309524
0.1,0.8,0.025,0.0032,0.07999999995535399,0.2827336224925101,3.6273362244786407,0.01157573825991775,0.003386246400159839,0.03232930337122508,0.0006507242182560185
0.1,0.8,0.025,0.0048000000000000004,0.07999999995535399,0.2827336224925101,3.6273362244786407,0.01157573825991775,0.003386246400159839,0.03232930337122508,0.001475768040289683
0.1,0.8,0.025,0.0064,0.07999999995535399,0.2827336224925101,3.6273362244786407,0.01157573825991775,0.003386246400159839,0.03232930337122508,0.002652554683002276
0.1,0.8,0.025,0.008,0.07999999995535399,0.2827336224925101,3.6273362244786407,0.01157573825991775,0.003386246400159839,0.03232930337122508,0.0042028094382592605
0.1,0.8,0.025,0.009600000000000001,0.07999999995535399,0.2827336224925101,3.6273362244786407,0.01157573825991775,0.003386246400159839,0.03232930337122508,0.006154464824173379
0.1,0.8,0.025,0.0112,0.07999999995535399,0.2827336224925101,3.6273362244786407,0.01157573825991775,0.003386246400159839,0.03232930337122508,0.008541660585104634
0.1,0.8,0.025,0.0128,0.07999999995535399,0.2827336224925101,3.6273362244786407,0.01157573825991775,0.003386246400159839,0.03232930337122508,0.011404743691660332
0.1,0.8,0.025,0.014400000000000001,0.07999999995535399,0.2827336224925101,3.6273362244786407,0.01157573825991775,0.003386246400159839,0.03232930337122508,0.014790268340695021
0.1,0.8,0.025,0.016,0.07999999995535399,0.2827336224925101,3.6273362244786407,0.01157573825991775,0.003386246400159839,0.03232930337122508,0.01875099595531055
0.1,0.8,0.04666666666666667,0.0,0.07999999995535399,0.2827336224925101,3.6273362244786407,0.011699593895620575,0.0034224778431245126,0.03267521361305713,0.0
0.1,0.8,0.04666666666666667,0.0016,0.07999999995535399,0.2827336224925101,3.6273362244786407,0.011699593895620575,0.0034224778431245126,0.03267521361305713,0.00016363746977419012
0.1,0.8,0.04666666666666667,0.0032,0.07999999995535399,0.2827336224925101,3.6273362244786407,0.011699593895620575,0.0034224778431245126,0.03267521361305713,0.000657686699603614
0.1,0.8,0.04666666666666667,0.0048000000000000004,0.07999999995535399,0.2827336224925101,3.6273362244786407,0.011699593895620575,0.0034224778431245126,0.03267521361305713,0.0014915581510088322
0.1,0.8,0.04666666666666667,0.0064,0.07999999995535399,0.2827336224925101,3.6273362244786407,0.011699593895620575,0.0034224778431245126,0.03267521361305713,0.0026809359265241115
0.1,0.8,0.04666666666666667,0.008,0.07999999995535399,0.2827336224925101,3.6273362244786407,0.011699593895620575,0.0034224778431245126,0.03267521361305713,0.004247777769697427
0.1,0.8,0.04666666666666667,0.009600000000000001,0.07999999995535399,0.2827336224925101,3.6273362244786407,0.011699593895620575,0.0034224778431245126,0.03267521361305713,0.0062203150650904605
0.1,0.8,0.04666666666666667,0.0112,0.07999999995535399,0.2827336224925101,3.6273362244786407,0.011699593895620575,0.0034224778431245126,0.03267521361305713,0.008633052838278598
0.1,0.8,0.04666666666666667,0.0128,0.07999999995535399,0.2827336224925101,3.6273362244786407,0.011699593895620575,0.0034224778431245126,0.03267521361305713,0.011526769755850938
0.1,0.8,0.04666666666666667,0.014400000000000001,0.07999999995535399,0.2827336224925101,3.6273362244786407,0.011699593895620575,0.0034224778431245126,0.03267521361305713,0.01494851812541028
0.1,0.8,0.04666666666666667,0.016,0.07999999995535399,0.2827336224925101,3.6273362244786407,0.011699593895620575,0.0034224778431245126,0.03267521361305713,0.018951623895573134
0.1,0.8,0.06833333333333333,0.0,0.07999999995535399,0.2827336224925101,3.6273362244786407,0.011823449531323398,0.0034587092860891857,0.03302112385488916,0.0
0.1,0.8,0.06833333333333333,0.0016,0.07999999995535399,0.2827336224925101,3.6273362244786407,0.011823449531323398,0.0034587092860891857,0.03302112385488916,0.00016536978826528492
0.1,0.8,0.06833333333333333,0.0032,0.07999999995535399,0.2827336224925101,3.6273362244786407,0.011823449531323398,0.0034587092860891857,0.03302112385488916,0.0006646491809512091
0.1,0.8,0.06833333333333333,0.0048000000000000004,0.07999999995535399,0.2827336224925101,3.6273362244786407,0.011823449531323398,0.0034587092860891857,0.03302112385488916,0.0015073482617279808
0.1,0.8,0.06833333333333333,0.0064,0.07999999995535399,0.2827336224925101,3.6273362244786407,0.011823449531323398,0.0034587092860891857,0.03302112385488916,0.0027093171700459462
0.1,0.8,0.06833333333333333,0.008,0.07999999995535399,0.2827336224925101,3.6273362244786407,0.011823449531323398,0.0034587092860891857,0.03302112385488916,0.00429274610113559
0.1,0.8,0.06833333333333333,0.009600000000000001,0.07999999995535399,0.2827336224925101,3.6273362244786407,0.011823449531323398,0.0034587092860891857,0.03302112385488916,0.006286165306007541
0.1,0.8,0.06833333333333333,0.0112,0.07999999995535399,0.2827336224925101,3.6273362244786407,0.011823449531323398,0.0034587092860891857,0.03302112385488916,0.008724445091452555
0.1,0.8,0.06833333333333333,0.0128,0.07999999995535399,0.2827336224925101,3.6273362244786407,0.011823449531323398,0.0034587092860891857,0.03302112385488916,0.011648795820041542
0.1,0.8,0.06833333333333333,0.014400000000000001,0.07999999995535399,0.2827336224925101,3.6273362244786407,0.011823449531323398,0.0034587092860891857,0.03302112385488916,0.015106767910125532
0.1,0.8,0.06833333333333333,0.016,0.07999999995535399,0.2827336224925101,3.6273362244786407,0.011823449531323398,0.0034587092860891857,0.03302112385488916,0.019152251835835712
0.1,0.8,0.09,0.0,0.07999999995535399,0.2827336224925101,3.6273362244786407,0.011947305167026221,0.0034949407290538587,0.0333670340967212,0.0
0.1,0.8,0.09,0.0016,0.07999999995535399,0.2827336224925101,3.6273362244786407,0.011947305167026221,0.0034949407290538587,0.0333670340967212,0.00016710210675637978
0.1,0.8,0.09,0.0032,0.07999999995535399,0.2827336224925101,3.6273362244786407,0.011947305167026221,0.0034949407290538587,0.0333670340967212,0.0006716116622988044
0.1,0.8,0.09,0.0048000000000000004,0.07999999995535399,0.2827336224925101,3.6273362244786407,0.011947305167026221,0.0034949407290538587,0.0333670340967212,0.0015231383724471296
0.1,0.8,0.09,0.0064,0.07999999995535399,0.2827336224925101,3.6273362244786407,0.011947305167026221,0.0034949407290538587,0.0333670340967212,0.0027376984135677814
0.1,0.8,0.09,0.008,0.07999999995535399,0.2827336224925101,3.6273362244786407,0.011947305167026221,0.0034949407290538587,0.0333670340967212,0.004337714432573756
0.1,0.8,0.09,0.009600000000000001,0.07999999995535399,0.2827336224925101,3.6273362244786407,0.011947305167026221,0.0034949407290538587,0.0333670340967212,0.006352015546924623
0.1,0.8,0.09,0.0112,0.07999999995535399,0.2827336224925101,3.6273362244786407,0.011947305167026221,0.0034949407290538587,0.0333670340967212,0.008815837344626513
0.1,0.8,0.09,0.0128,0.07999999995535399,0.2827336224925101,3.6273362244786407,0.011947305167026221,0.0034949407290538587,0.0333670340967212,0.011770821884232145
0.1,0.8,0.09,0.014400000000000001,0.07999999995535399,0.2827336224925101,3.6273362244786407,0.011947305167026221,0.0034949407290538587,0.0333670340967212,0.01526501769484079
0.1,0.8,0.09,0.016,0.07999999995535399,0.2827336224925101,3.6273362244786407,0.011947305167026221,0.0034949407290538587,0.0333670340967212,0.019352879776098293
0.12,0.8,0.025,0.0,0.09599999994642477,0.3392803469910121,3.6273362244786407,0.013890885911901303,0.004063495680191807,0.0387951640454701,0.0
0.12,0.8,0.025,0.0016,0.09599999994642477,0.3392803469910121,3.6273362244786407,0.013890885911901303,0.004063495680191807,0.0387951640454701,0.0001942861815397143
0.12,0.8,0.025,0.0032,0.09599999994642477,0.3392803469910121,3.6273362244786407,0.013890885911901303,0.004063495680191807,0.0387951640454701,0.0007808690619072223
0.12,0.8,0.025,0.0048000000000000004,0.09599999994642477,0.3392803469910121,3.6273362244786407,0.013890885911901303,0.004063495680191807,0.0387951640454701,0.0017709216483476195
0.12,0.8,0.025,0.0064,0.09599999994642477,0.3392803469910121,3.6273362244786407,0.013890885911901303,0.004063495680191807,0.0387951640454701,0.0031830656196027316
0.12,0.8,0.025,0.008,0.09599999994642477,0.3392803469910121,3.6273362244786407,0.013890885911901303,0.004063495680191807,0.0387951640454701,0.005043371325911113
0.12,0.8,0.025,0.009600000000000001,0.09599999994642477,0.3392803469910121,3.6273362244786407,0.013890885911901303,0.004063495680191807,0.0387951640454701,0.007385357789008054
0.12,0.8,0.025,0.0112,0.09599999994642477,0.3392803469910121,3.6273362244786407,0.013890885911901303,0.004063495680191807,0.0387951640454701,0.010249992702125562
0.12,0.8,0.025,0.0128,0.09599999994642477,0.3392803469910121,3.6273362244786407,0.013890885911901303,0.004063495680191807,0.0387951640454701,0.013685692429992399
0.12,0.8,0.025,0.014400000000000001,0.09599999994642477,0.3392803469910121,3.6273362244786407,0.013890885911901303,0.004063495680191807,0.0387951640454701,0.017748322008834024
0.12,0.8,0.025,0.016,0.09599999994642477,0.3392803469910121,3.6273362244786407,0.013890885911901303,0.004063495680191807,0.0387951640454701,0.02250119514637266
0.12,0.8,0.04666666666666667,0.0,0.09599999994642477,0.3392803469910121,3.6273362244786407,0.014039512674744693,0.004106973411749416,0.03921025633566855,0.0
0.12,0.8,0.04666666666666667,0.0016,0.09599999994642477,0.3392803469910121,3.6273362244786407,0.014039512674744693,0.004106973411749416,0.03921025633566855,0.00019636496372902812
0.12,0.8,0.04666666666666667,0.0032,0.09599999994642477,0.3392803469910121,3.6273362244786407,0.014039512674744693,0.004106973411749416,0.03921025633566855,0.0007892240395243366
0.12,0.8,0.04666666666666667,0.0048000000000000004,0.09599999994642477,0.3392803469910121,3.6273362244786407,0.014039512674744693,0.004106973411749416,0.03921025633566855,0.0017898697812105985
0.12,0.8,0.04666666666666667,0.0064,0.09599999994642477,0.3392803469910121,3.6273362244786407,0.014039512674744693,0.004106973411749416,0.03921025633566855,0.0032171231118289334
0.12,0.8,0.04666666666666667,0.008,0.09599999994642477,0.3392803469910121,3.6273362244786407,0.014039512674744693,0.004106973411749416,0.03921025633566855,0.0050973333236369114
0.12,0.8,0.04666666666666667,0.009600000000000001,0.09599999994642477,0.3392803469910121,3.6273362244786407,0.014039512674744693,0.004106973411749416,0.03921025633566855,0.007464378078108552
0.12,0.8,0.04666666666666667,0.0112,0.09599999994642477,0.3392803469910121,3.6273362244786407,0.014039512674744693,0.004106973411749416,0.03921025633566855,0.010359663405934314
0.12,0.8,0.04666666666666667,0.0128,0.09599999994642477,0.3392803469910121,3.6273362244786407,0.014039512674744693,0.004106973411749416,0.03921025633566855,0.013832123707021124
0.12,0.8,0.04666666666666667,0.014400000000000001,0.09599999994642477,0.3392803469910121,3.6273362244786407,0.014039512674744693,0.004106973411749416,0.03921025633566855,0.017938221750492336
0.12,0.8,0.04666666666666667,0.016,0.09599999994642477,0.3392803469910121,3.6273362244786407,0.014039512674744693,0.004106973411749416,0.03921025633566855,0.02274194867468776
0.12,0.8,0.06833333333333333,0.0,0.09599999994642477,0.3392803469910121,3.6273362244786407,0.01418813943758808,0.004150451143307023,0.039625348625866995,0.0
0.12,0.8,0.06833333333333333,0.0016,0.09599999994642477,0.3392803469910121,3.6273362244786407,0.01418813943758808,0.004150451143307023,0.039625348625866995,0.00019844374591834196
0.12,0.8,0.06833333333333333,0.0032,0.09599999994642477,0.3392803469910121,3.6273362244786407,0.01418813943758808,0.004150451143307023,0.039625348625866995,0.0007975790171414511
0.12,0.8,0.06833333333333333,0.0048000000000000004,0.09599999994642477,0.3392803469910121,3.6273362244786407,0.01418813943758808,0.004150451143307023,0.039625348625866995,0.0018088179140735771
0.12,0.8,0.06833333333333333,0.0064,0.09599999994642477,0.3392803469910121,3.6273362244786407,0.01418813943758808,0.004150451143307023,0.039625348625866995,0.003251180604055136
0.12,0.8,0.06833333333333333,0.008,0.09599999994642477,0.3392803469910121,3.6273362244786407,0.01418813943758808,0.004150451143307023,0.039625348625866995,0.005151295321362709
0.12,0.8,0.06833333333333333,0.009600000000000001,0.09599999994642477,0.3392803469910121,3.6273362244786407,0.01418813943758808,0.004150451143307023,0.039625348625866995,0.00754339836720905
0.12,0.8,0.06833333333333333,0.0112,0.09599999994642477,0.3392803469910121,3.6273362244786407,0.01418813943758808,0.004150451143307023,0.039625348625866995,0.010469334109743066
0.12,0.8,0.06833333333333333,0.0128,0.09599999994642477,0.3392803469910121,3.6273362244786407,0.01418813943758808,0.004150451143307023,0.039625348625866995,0.013978554984049851
0.12,0.8,0.06833333333333333,0.014400000000000001,0.09599999994642477,0.3392803469910121,3.6273362244786407,0.01418813943758808,0.004150451143307023,0.039625348625866995,0.01812812149215064
0.12,0.8,0.06833333333333333,0.016,0.09599999994642477,0.3392803469910121,3.6273362244786407,0.01418813943758808,0.004150451143307023,0.039625348625866995,0.02298270220300286
0.12,0.8,0.09,0.0,0.09599999994642477,0.3392803469910121,3.6273362244786407,0.014336766200431467,0.004193928874864631,0.040040440916065435,0.0
0.12,0.8,0.09,0.0016,0.09599999994642477,0.3392803469910121,3.6273362244786407,0.014336766200431467,0.004193928874864631,0.040040440916065435,0.00020052252810765574
0.12,0.8,0.09,0.0032,0.09599999994642477,0.3392803469910121,3.6273362244786407,0.014336766200431467,0.004193928874864631,0.040040440916065435,0.0008059339947585652
0.12,0.8,0.09,0.0048000000000000004,0.09599999994642477,0.3392803469910121,3.6273362244786407,0.014336766200431467,0.004193928874864631,0.040040440916065435,0.0018277660469365555
0.12,0.8,0.09,0.0064,0.09599999994642477,0.3392803469910121,3.6273362244786407,0.014336766200431467,0.004193928874864631,0.040040440916065435,0.0032852380962813377
0.12,0.8,0.09,0.008,0.09599999994642477,0.3392803469910121,3.6273362244786407,0.014336766200431467,0.004193928874864631,0.040040440916065435,0.005205257319088507
0.12,0.8,0.09,0.009600000000000001,0.09599999994642477,0.3392803469910121,3.6273362244786407,0.014336766200431467,0.004193928874864631,0.040040440916065435,0.007622418656309547
0.12,0.8,0.09,0.0112,0.09599999994642477,0.3392803469910121,3.6273362244786407,0.014336766200431467,0.004193928874864631,0.040040440916065435,0.010579004813551816
0.12,0.8,0.09,0.0128,0.09599999994642477,0.3392803469910121,3.6273362244786407,0.014336766200431467,0.004193928874864631,0.040040440916065435,0.014124986261078575
0.12,0.8,0.09,0.014400000000000001,0.09599999994642477,0.3392803469910121,3.6273362244786407,0.014336766200431467,0.004193928874864631,0.040040440916065435,0.018318021233808945
0.12,0.8,0.09,0.016,0.09599999994642477,0.3392803469910121,3.6273362244786407,0.014336766200431467,0.004193928874864631,0.040040440916065435,0.02322345573131795
0.14,0.8,0.025,0.0,0.11199999993749558,0.3958270714895142,3.6273362244786407,0.016206033563884857,0.004740744960223776,0.04526102471971512,0.0
0.14,0.8,0.025,0.0016,0.11199999993749558,0.3958270714895142,3.6273362244786407,0.016206033563884857,0.004740744960223776,0.04526102471971512,0.00022666721179633335
0.14,0.8,0.025,0.0032,0.11199999993749558,0.3958270714895142,3.6273362244786407,0.016206033563884857,0.004740744960223776,0.04526102471971512,0.000911013905558426
0.14,0.8,0.025,0.0048000000000000004,0.11199999993749558,0.3958270714895142,3.6273362244786407,0.016206033563884857,0.004740744960223776,0.04526102471971512,0.0020660752564055566
0.14,0.8,0.025,0.0064,0.11199999993749558,0.3958270714895142,3.6273362244786407,0.016206033563884857,0.004740744960223776,0.04526102471971512,0.0037135765562031865
0.14,0.8,0.025,0.008,0.11199999993749558,0.3958270714895142,3.6273362244786407,0.016206033563884857,0.004740744960223776,0.04526102471971512,0.005883933213562965
0.14,0.8,0.025,0.009600000000000001,0.11199999993749558,0.3958270714895142,3.6273362244786407,0.016206033563884857,0.004740744960223776,0.04526102471971512,0.00861625075384273
0.14,0.8,0.025,0.0112,0.11199999993749558,0.3958270714895142,3.6273362244786407,0.016206033563884857,0.004740744960223776,0.04526102471971512,0.01195832481914649
0.14,0.8,0.025,0.0128,0.11199999993749558,0.3958270714895142,3.6273362244786407,0.016206033563884857,0.004740744960223776,0.04526102471971512,0.015966641168324466
0.14,0.8,0.025,0.014400000000000001,0.11199999993749558,0.3958270714895142,3.6273362244786407,0.016206033563884857,0.004740744960223776,0.04526102471971512,0.020706375676973032
0.14,0.8,0.025,0.016,0.11199999993749558,0.3958270714895142,3.6273362244786407,0.016206033563884857,0.004740744960223776,0.04526102471971512,0.02625139433743477
0.14,0.8,0.04666666666666667,0.0,0.11199999993749558,0.3958270714895142,3.6273362244786407,0.01637943145386881,0.004791468980374319,0.04574529905827998,0.0
0.14,0.8,0.04666666666666667,0.0016,0.11199999993749558,0.3958270714895142,3.6273362244786407,0.01637943145386881,0.004791468980374319,0.04574529905827998,0.00022909245768386617
0.14,0.8,0.04666666666666667,0.0032,0.11199999993749558,0.3958270714895142,3.6273362244786407,0.01637943145386881,0.004791468980374319,0.04574529905827998,0.0009207613794450595
0.14,0.8,0.04666666666666667,0.0048000000000000004,0.11199999993749558,0.3958270714895142,3.6273362244786407,0.01637943145386881,0.004791468980374319,0.04574529905827998,0.0020881814114123653
0.14,0.8,0.04666666666666667,0.0064,0.11199999993749558,0.3958270714895142,3.6273362244786407,0.01637943145386881,0.004791468980374319,0.04574529905827998,0.0037533102971337566
0.14,0.8,0.04666666666666667,0.008,0.11199999993749558,0.3958270714895142,3.6273362244786407,0.01637943145386881,0.004791468980374319,0.04574529905827998,0.005946888877576398
0.14,0.8,0.04666666666666667,0.009600000000000001,0.11199999993749558,0.3958270714895142,3.6273362244786407,0.01637943145386881,0.004791468980374319,0.04574529905827998,0.008708441091126647
0.14,0.8,0.04666666666666667,0.0112,0.11199999993749558,0.3958270714895142,3.6273362244786407,0.01637943145386881,0.004791468980374319,0.04574529905827998,0.012086273973590035
0.14,0.8,0.04666666666666667,0.0128,0.11199999993749558,0.3958270714895142,3.6273362244786407,0.01637943145386881,0.004791468980374319,0.04574529905827998,0.016137477658191315
0.14,0.8,0.04666666666666667,0.014400000000000001,0.11199999993749558,0.3958270714895142,3.6273362244786407,0.01637943145386881,0.004791468980374319,0.04574529905827998,0.020927925375574395
0.14,0.8,0.04666666666666667,0.016,0.11199999993749558,0.3958270714895142,3.6273362244786407,0.01637943145386881,0.004791468980374319,0.04574529905827998,0.02653227345380239
0.14,0.8,0.06833333333333333,0.0,0.11199999993749558,0.3958270714895142,3.6273362244786407,0.016552829343852764,0.004842193000524861,0.04622957339684483,0.0
0.14,0.8,0.06833333333333333,0.0016,0.11199999993749558,0.3958270714895142,3.6273362244786407,0.016552829343852764,0.004842193000524861,0.04622957339684483,0.00023151770357139896
0.14,0.8,0.06833333333333333,0.0032,0.11199999993749558,0.3958270714895142,3.6273362244786407,0.016552829343852764,0.004842193000524861,0.04622957339684483,0.000930508853331693
0.14,0.8,0.06833333333333333,0.0048000000000000004,0.11199999993749558,0.3958270714895142,3.6273362244786407,0.016552829343852764,0.004842193000524861,0.04622957339684483,0.0021102875664191735
0.14,0.8,0.06833333333333333,0.0064,0.11199999993749558,0.3958270714895142,3.6273362244786407,0.016552829343852764,0.004842193000524861,0.04622957339684483,0.0037930440380643253
0.14,0.8,0.06833333333333333,0.008,0.11199999993749558,0.3958270714895142,3.6273362244786407,0.016552829343852764,0.004842193000524861,0.04622957339684483,0.006009844541589828
0.14,0.8,0.06833333333333333,0.009600000000000001,0.11199999993749558,0.3958270714895142,3.6273362244786407,0.016552829343852764,0.004842193000524861,0.04622957339684483,0.008800631428410558
0.14,0.8,0.06833333333333333,0.0112,0.11199999993749558,0.3958270714895142,3.6273362244786407,0.016552829343852764,0.004842193000524861,0.04622957339684483,0.012214223128033578
0.14,0.8,0.06833333333333333,0.0128,0.11199999993749558,0.3958270714895142,3.6273362244786407,0.016552829343852764,0.004842193000524861,0.04622957339684483,0.01630831414805816
0.14,0.8,0.06833333333333333,0.014400000000000001,0.11199999993749558,0.3958270714895142,3.6273362244786407,0.016552829343852764,0.004842193000524861,0.04622957339684483,0.02114947507417575
0.14,0.8,0.06833333333333333,0.016,0.11199999993749558,0.3958270714895142,3.6273362244786407,0.016552829343852764,0.004842193000524861,0.04622957339684483,0.02681315257017
0.14,0.8,0.09,0.0,0.11199999993749558,0.3958270714895142,3.6273362244786407,0.016726227233836714,0.004892917020675403,0.04671384773540968,0.0
0.14,0.8,0.09,0.0016,0.11199999993749558,0.3958270714895142,3.6273362244786407,0.016726227233836714,0.004892917020675403,0.04671384773540968,0.0002339429494589317
0.14,0.8,0.09,0.0032,0.11199999993749558,0.3958270714895142,3.6273362244786407,0.016726227233836714,0.004892917020675403,0.04671384773540968,0.0009402563272183262
0.14,0.8,0.09,0.0048000000000000004,0.11199999993749558,0.3958270714895142,3.6273362244786407,0.016726227233836714,0.004892917020675403,0.04671384773540968,0.0021323937214259817
0.14,0.8,0.09,0.0064,0.11199999993749558,0.3958270714895142,3.6273362244786407,0.016726227233836714,0.004892917020675403,0.04671384773540968,0.003832777778994894
0.14,0.8,0.09,0.008,0.11199999993749558,0.3958270714895142,3.6273362244786407,0.016726227233836714,0.004892917020675403,0.04671384773540968,0.006072800205603258
0.14,0.8,0.09,0.009600000000000001,0.11199999993749558,0.3958270714895142,3.6273362244786407,0.016726227233836714,0.004892917020675403,0.04671384773540968,0.008892821765694474
0.14,0.8,0.09,0.0112,0.11199999993749558,0.3958270714895142,3.6273362244786407,0.016726227233836714,0.004892917020675403,0.04671384773540968,0.01234217228247712
0.14,0.8,0.09,0.0128,0.11199999993749558,0.3958270714895142,3.6273362244786407,0.016726227233836714,0.004892917020675403,0.04671384773540968,0.016479150637925006
0.14,0.8,0.09,0.014400000000000001,0.11199999993749558,0.3958270714895142,3.6273362244786407,0.016726227233836714,0.004892917020675403,0.04671384773540968,0.021371024772777105
0.14,0.8,0.09,0.016,0.11199999993749558,0.3958270714895142,3.6273362244786407,0.016726227233836714,0.004892917020675403,0.04671384773540968,0.027094031686537616
0.16,0.8,0.025,0.0,0.12799999992856637,0.4523737959880162,3.6273362244786407,0.018521181215868404,0.005417994240255744,0.051726885393960136,0.0
0.16,0.8,0.025,0.0016,0.12799999992856637,0.4523737959880162,3.6273362244786407,0.018521181215868404,0.005417994240255744,0.051726885393960136,0.0002590482420529524
0.16,0.8,0.025,0.0032,0.12799999992856637,0.4523737959880162,3.6273362244786407,0.018521181215868404,0.005417994240255744,0.051726885393960136,0.0010411587492096298
0.16,0.8,0.025,0.0048000000000000004,0.12799999992856637,0.4523737959880162,3.6273362244786407,0.018521181215868404,0.005417994240255744,0.051726885393960136,0.002361228864463493
0.16,0.8,0.025,0.0064,0.12799999992856637,0.4523737959880162,3.6273362244786407,0.018521181215868404,0.005417994240255744,0.051726885393960136,0.004244087492803641
0.16,0.8,0.025,0.008,0.12799999992856637,0.4523737959880162,3.6273362244786407,0.018521181215868404,0.005417994240255744,0.051726885393960136,0.006724495101214817
0.16,0.8,0.025,0.009600000000000001,0.12799999992856637,0.4523737959880162,3.6273362244786407,0.018521181215868404,0.005417994240255744,0.051726885393960136,0.009847143718677405
0.16,0.8,0.025,0.0112,0.12799999992856637,0.4523737959880162,3.6273362244786407,0.018521181215868404,0.005417994240255744,0.051726885393960136,0.013666656936167417
0.16,0.8,0.025,0.0128,0.12799999992856637,0.4523737959880162,3.6273362244786407,0.018521181215868404,0.005417994240255744,0.051726885393960136,0.018247589906656533
0.16,0.8,0.025,0.014400000000000001,0.12799999992856637,0.4523737959880162,3.6273362244786407,0.018521181215868404,0.005417994240255744,0.051726885393960136,0.023664429345112037
0.16,0.8,0.025,0.016,0.12799999992856637,0.4523737959880162,3.6273362244786407,0.018521181215868404,0.005417994240255744,0.051726885393960136,0.030001593528496878
0.16,0.8,0.04666666666666667,0.0,0.12799999992856637,0.4523737959880162,3.6273362244786407,0.018719350232992926,0.005475964548999222,0.0522803417808914,0.0
0.16,0.8,0.04666666666666667,0.0016,0.12799999992856637,0.4523737959880162,3.6273362244786407,0.018719350232992926,0.005475964548999222,0.0522803417808914,0.0002618199516387042
0.16,0.8,0.04666666666666667,0.0032,0.12799999992856637,0.4523737959880162,3.6273362244786407,0.018719350232992926,0.005475964548999222,0.0522803417808914,0.0010522987193657823
0.16,0.8,0.04666666666666667,0.0048000000000000004,0.12799999992856637,0.4523737959880162,3.6273362244786407,0.018719350232992926,0.005475964548999222,0.0522803417808914,0.0023864930416141314
0.16,0.8,0.04666666666666667,0.0064,0.12799999992856637,0.4523737959880162,3.6273362244786407,0.018719350232992926,0.005475964548999222,0.0522803417808914,0.004289497482438579
0.16,0.8,0.04666666666666667,0.008,0.12799999992856637,0.4523737959880162,3.6273362244786407,0.018719350232992926,0.005475964548999222,0.0522803417808914,0.0067964444315158825
0.16,0.8,0.04666666666666667,0.009600000000000001,0.12799999992856637,0.4523737959880162,3.6273362244786407,0.018719350232992926,0.005475964548999222,0.0522803417808914,0.009952504104144737
0.16,0.8,0.04666666666666667,0.0112,0.12799999992856637,0.4523737959880162,3.6273362244786407,0.018719350232992926,0.005475964548999222,0.0522803417808914,0.013812884541245754
0.16,0.8,0.04666666666666667,0.0128,0.12799999992856637,0.4523737959880162,3.6273362244786407,0.018719350232992926,0.005475964548999222,0.0522803417808914,0.018442831609361502
0.16,0.8,0.04666666666666667,0.014400000000000001,0.12799999992856637,0.4523737959880162,3.6273362244786407,0.018719350232992926,0.005475964548999222,0.0522803417808914,0.023917629000656446
0.16,0.8,0.04666666666666667,0.016,0.12799999992856637,0.4523737959880162,3.6273362244786407,0.018719350232992926,0.005475964548999222,0.0522803417808914,0.03032259823291701
0.16,0.8,0.06833333333333333,0.0,0.12799999992856637,0.4523737959880162,3.6273362244786407,0.01891751925011744,0.005533934857742698,0.05283379816782266,0.0
0.16,0.8,0.06833333333333333,0.0016,0.12799999992856637,0.4523737959880162,3.6273362244786407,0.01891751925011744,0.005533934857742698,0.05283379816782266,0.00026459166122445594
0.16,0.8,0.06833333333333333,0.0032,0.12799999992856637,0.4523737959880162,3.6273362244786407,0.01891751925011744,0.005533934857742698,0.05283379816782266,0.0010634386895219347
0.16,0.8,0.06833333333333333,0.0048000000000000004,0.12799999992856637,0.4523737959880162,3.6273362244786407,0.01891751925011744,0.005533934857742698,0.05283379816782266,0.0024117572187647694
0.16,0.8,0.06833333333333333,0.0064,0.12799999992856637,0.4523737959880162,3.6273362244786407,0.01891751925011744,0.005533934857742698,0.05283379816782266,0.004334907472073515
0.16,0.8,0.06833333333333333,0.008,0.12799999992856637,0.4523737959880162,3.6273362244786407,0.01891751925011744,0.005533934857742698,0.05283379816782266,0.006868393761816946
0.16,0.8,0.06833333333333333,0.009600000000000001,0.12799999992856637,0.4523737959880162,3.6273362244786407,0.01891751925011744,0.005533934857742698,0.05283379816782266,0.010057864489612066
0.16,0.8,0.06833333333333333,0.0112,0.12799999992856637,0.4523737959880162,3.6273362244786407,0.01891751925011744,0.005533934857742698,0.05283379816782266,0.013959112146324087
0.16,0.8,0.06833333333333333,0.0128,0.12799999992856637,0.4523737959880162,3.6273362244786407,0.01891751925011744,0.005533934857742698,0.05283379816782266,0.018638073312066468
0.16,0.8,0.06833333333333333,0.014400000000000001,0.12799999992856637,0.4523737959880162,3.6273362244786407,0.01891751925011744,0.005533934857742698,0.05283379816782266,0.024170828656200856
0.16,0.8,0.06833333333333333,0.016,0.12799999992856637,0.4523737959880162,3.6273362244786407,0.01891751925011744,0.005533934857742698,0.05283379816782266,0.030643602937337144
0.16,0.8,0.09,0.0,0.12799999992856637,0.4523737959880162,3.6273362244786407,0.01911568826724196,0.005591905166486175,0.05338725455475392,0.0
0.16,0.8,0.09,0.0016,0.12799999992856637,0.4523737959880162,3.6273362244786407,0.01911568826724196,0.005591905166486175,0.05338725455475392,0.0002673633708102077
0.16,0.8,0.09,0.0032,0.12799999992856637,0.4523737959880162,3.6273362244786407,0.01911568826724196,0.005591905166486175,0.05338725455475392,0.0010745786596780872
0.16,0.8,0.09,0.0048000000000000004,0.12799999992856637,0.4523737959880162,3.6273362244786407,0.01911568826724196,0.005591905166486175,0.05338725455475392,0.0024370213959154074
0.16,0.8,0.09,0.0064,0.12799999992856637,0.4523737959880162,3.6273362244786407,0.01911568826724196,0.005591905166486175,0.05338725455475392,0.004380317461708451
0.16,0.8,0.09,0.008,0.12799999992856637,0.4523737959880162,3.6273362244786407,0.01911568826724196,0.005591905166486175,0.05338725455475392,0.006940343092118009
0.16,0.8,0.09,0.009600000000000001,0.12799999992856637,0.4523737959880162,3.6273362244786407,0.01911568826724196,0.005591905166486175,0.05338725455475392,0.010163224875079396
0.16,0.8,0.09,0.0112,0.12799999992856637,0.4523737959880162,3.6273362244786407,0.01911568826724196,0.005591905166486175,0.05338725455475392,0.014105339751402421
0.16,0.8,0.09,0.0128,0.12799999992856637,0.4523737959880162,3.6273362244786407,0.01911568826724196,0.005591905166486175,0.05338725455475392,0.018833315014771437
0.16,0.8,0.09,0.014400000000000001,0.12799999992856637,0.4523737959880162,3.6273362244786407,0.01911568826724196,0.005591905166486175,0.05338725455475392,0.024424028311745262
0.16,0.8,0.09,0.016,0.12799999992856637,0.4523737959880162,3.6273362244786407,0.01911568826724196,0.005591905166486175,0.05338725455475392,0.030964607641757274
0.18,0.8,0.025,0.0,0.14399999991963716,0.5089205204865181,3.6273362244786407,0.020836328867851955,0.006095243520287712,0.05819274606820516,0.0
0.18,0.8,0.025,0.0016,0.14399999991963716,0.5089205204865181,3.6273362244786407,0.020836328867851955,0.006095243520287712,0.05819274606820516,0.0002914292723095715
0.18,0.8,0.025,0.0032,0.14399999991963716,0.5089205204865181,3.6273362244786407,0.020836328867851955,0.006095243520287712,0.05819274606820516,0.0011713035928608338
0.18,0.8,0.025,0.0048000000000000004,0.14399999991963716,0.5089205204865181,3.6273362244786407,0.020836328867851955,0.006095243520287712,0.05819274606820516,0.0026563824725214296
0.18,0.8,0.025,0.0064,0.14399999991963716,0.5089205204865181,3.6273362244786407,0.020836328867851955,0.006095243520287712,0.05819274606820516,0.004774598429404098
0.18,0.8,0.025,0.008,0.14399999991963716,0.5089205204865181,3.6273362244786407,0.020836328867851955,0.006095243520287712,0.05819274606820516,0.0075650569888666705
0.18,0.8,0.025,0.009600000000000001,0.14399999991963716,0.5089205204865181,3.6273362244786407,0.020836328867851955,0.006095243520287712,0.05819274606820516,0.011078036683512083
0.18,0.8,0.025,0.0112,0.14399999991963716,0.5089205204865181,3.6273362244786407,0.020836328867851955,0.006095243520287712,0.05819274606820516,0.015374989053188348
0.18,0.8,0.025,0.0128,0.14399999991963716,0.5089205204865181,3.6273362244786407,0.020836328867851955,0.006095243520287712,0.05819274606820516,0.020528538644988603
0.18,0.8,0.025,0.014400000000000001,0.14399999991963716,0.5089205204865181,3.6273362244786407,0.020836328867851955,0.006095243520287712,0.05819274606820516,0.026622483013251045
0.18,0.8,0.025,0.016,0.14399999991963716,0.5089205204865181,3.6273362244786407,0.020836328867851955,0.006095243520287712,0.05819274606820516,0.03375179271955899
0.18,0.8,0.04666666666666667,0.0,0.14399999991963716,0.5089205204865181,3.6273362244786407,0.021059269012117042,0.006160460117624124,0.058815384503502835,0.0
0.18,0.8,0.04666666666666667,0.0016,0.14399999991963716,0.5089205204865181,3.6273362244786407,0.021059269012117042,0.006160460117624124,0.058815384503502835,0.0002945474455935423
0.18,0.8,0.04666666666666667,0.0032,0.14399999991963716,0.5089205204865181,3.6273362244786407,0.021059269012117042,0.006160460117624124,0.058815384503502835,0.0011838360592865054
0.18,0.8,0.04666666666666667,0.0048000000000000004,0.14399999991963716,0.5089205204865181,3.6273362244786407,0.021059269012117042,0.006160460117624124,0.058815384503502835,0.002684804671815898
0.18,0.8,0.04666666666666667,0.0064,0.14399999991963716,0.5089205204865181,3.6273362244786407,0.021059269012117042,0.006160460117624124,0.058815384503502835,0.004825684667743402
0.18,0.8,0.04666666666666667,0.008,0.14399999991963716,0.5089205204865181,3.6273362244786407,0.021059269012117042,0.006160460117624124,0.058815384503502835,0.007645999985455369
0.18,0.8,0.04666666666666667,0.009600000000000001,0.14399999991963716,0.5089205204865181,3.6273362244786407,0.021059269012117042,0.006160460117624124,0.058815384503502835,0.01119656711716283
0.18,0.8,0.04666666666666667,0.0112,0.14399999991963716,0.5089205204865181,3.6273362244786407,0.021059269012117042,0.006160460117624124,0.058815384503502835,0.015539495108901475
0.18,0.8,0.04666666666666667,0.0128,0.14399999991963716,0.5089205204865181,3.6273362244786407,0.021059269012117042,0.006160460117624124,0.058815384503502835,0.020748185560531693
0.18,0.8,0.04666666666666667,0.014400000000000001,0.14399999991963716,0.5089205204865181,3.6273362244786407,0.021059269012117042,0.006160460117624124,0.058815384503502835,0.026907332625738505
0.18,0.8,0.04666666666666667,0.016,0.14399999991963716,0.5089205204865181,3.6273362244786407,0.021059269012117042,0.006160460117624124,0.058815384503502835,0.03411292301203164
0.18,0.8,0.06833333333333333,0.0,0.14399999991963716,0.5089205204865181,3.6273362244786407,0.021282209156382122,0.006225676714960536,0.059438022938800496,0.0
0.18,0.8,0.06833333333333333,0.0016,0.14399999991963716,0.5089205204865181,3.6273362244786407,0.021282209156382122,0.006225676714960536,0.059438022938800496,0.00029766561887751295
0.18,0.8,0.06833333333333333,0.0032,0.14399999991963716,0.5089205204865181,3.6273362244786407,0.021282209156382122,0.006225676714960536,0.059438022938800496,0.0011963685257121767
0.18,0.8,0.06833333333333333,0.0048000000000000004,0.14399999991963716,0.5089205204865181,3.6273362244786407,0.021282209156382122,0.006225676714960536,0.059438022938800496,0.0027132268711103657
0.18,0.8,0.06833333333333333,0.0064,0.14399999991963716,0.5089205204865181,3.6273362244786407,0.021282209156382122,0.006225676714960536,0.059438022938800496,0.0048767709060827035
0.18,0.8,0.06833333333333333,0.008,0.14399999991963716,0.5089205204865181,3.6273362244786407,0.021282209156382122,0.006225676714960536,0.059438022938800496,0.007726942982044065
0.18,0.8,0.06833333333333333,0.009600000000000001,0.14399999991963716,0.5089205204865181,3.6273362244786407,0.021282209156382122,0.006225676714960536,0.059438022938800496,0.011315097550813575
0.18,0.8,0.06833333333333333,0.0112,0.14399999991963716,0.5089205204865181,3.6273362244786407,0.021282209156382122,0.006225676714960536,0.059438022938800496,0.015704001164614602
0.18,0.8,0.06833333333333333,0.0128,0.14399999991963716,0.5089205204865181,3.6273362244786407,0.021282209156382122,0.006225676714960536,0.059438022938800496,0.020967832476074776
0.18,0.8,0.06833333333333333,0.014400000000000001,0.14399999991963716,0.5089205204865181,3.6273362244786407,0.021282209156382122,0.006225676714960536,0.059438022938800496,0.027192182238225962
0.18,0.8,0.06833333333333333,0.016,0.14399999991963716,0.5089205204865181,3.6273362244786407,0.021282209156382122,0.006225676714960536,0.059438022938800496,0.03447405330450429
0.18,0.8,0.09,0.0,0.14399999991963716,0.5089205204865181,3.6273362244786407,0.021505149300647203,0.0062908933122969475,0.06006066137409816,0.0
0.18,0.8,0.09,0.0016,0.14399999991963716,0.5089205204865181,3.6273362244786407,0.021505149300647203,0.0062908933122969475,0.06006066137409816,0.00030078379216148365
0.18,0.8,0.09,0.0032,0.14399999991963716,0.5089205204865181,3.6273362244786407,0.021505149300647203,0.0062908933122969475,0.06006066137409816,0.001208900992137848
0.18,0.8,0.09,0.0048000000000000004,0.14399999991963716,0.5089205204865181,3.6273362244786407,0.021505149300647203,0.0062908933122969475,0.06006066137409816,0.0027416490704048335
0.18,0.8,0.09,0.0064,0.14399999991963716,0.5089205204865181,3.6273362244786407,0.021505149300647203,0.0062908933122969475,0.06006066137409816,0.004927857144422006
0.18,0.8,0.09,0.008,0.14399999991963716,0.5089205204865181,3.6273362244786407,0.021505149300647203,0.0062908933122969475,0.06006066137409816,0.007807885978632761
0.18,0.8,0.09,0.009600000000000001,0.14399999991963716,0.5089205204865181,3.6273362244786407,0.021505149300647203,0.0062908933122969475,0.06006066137409816,0.011433627984464323
0.18,0.8,0.09,0.0112,0.14399999991963716,0.5089205204865181,3.6273362244786407,0.021505149300647203,0.0062908933122969475,0.06006066137409816,0.015868507220327725
0.18,0.8,0.09,0.0128,0.14399999991963716,0.5089205204865181,3.6273362244786407,0.021505149300647203,0.0062908933122969475,0.06006066137409816,0.021187479391617865
0.18,0.8,0.09,0.014400000000000001,0.14399999991963716,0.5089205204865181,3.6273362244786407,0.021505149300647203,0.0062908933122969475,0.06006066137409816,0.027477031850713422
0.18,0.8,0.09,0.016,0.14399999991963716,0.5089205204865181,3.6273362244786407,0.021505149300647203,0.0062908933122969475,0.06006066137409816,0.03483518359697693
